<?xml version="1.0" encoding="UTF-8"?>

<Practitioner xmlns="http://hl7.org/fhir">
  <id value="example"/>
  <meta>
    <profile value="http://hl7.org/fhir/us/core/StructureDefinition/us-core-practitioner"/>
  </meta>
  <text>
    <status value="extensions"/><div xmlns="http://www.w3.org/1999/xhtml"><p><b>Practitioner</b><a name="practitioner-1"> </a></p><div style="display: inline-block; background-color: #d9e0e7; padding: 6px; margin: 4px; border: 1px solid #8da1b4; border-radius: 5px; line-height: 60%"><p style="margin-bottom: 0px">Resource Practitioner &quot;practitioner-1&quot; </p><p style="margin-bottom: 0px"></p></div><p><b>identifier</b>: id: 9941339100, id: 25456</p><p><b>name</b>: Ronald Bone </p><p><b>address</b>: 1003 Healthcare Drive Amherst MA 01002 (WORK)</p></div>
  </text>
  <identifier>
    <system value="http://hl7.org/fhir/sid/us-npi"/>
    <value value="9941339100"/>
  </identifier>
  <name>
    <family value="Bone"/>
    <given value="Ronald"/>
    <prefix value="Dr"/>
  </name>
  <address>
    <use value="work"/>
    <line value="1003 Healthcare Drive"/>
    <city value="Amherst"/>
    <state value="MA"/>
    <postalCode value="01002"/>
  </address>
</Practitioner>