<?xml version="1.0" encoding="UTF-8"?>

<ImplementationGuide xmlns="http://hl7.org/fhir">
  <id value="ig"/>
  <text>
    <status value="generated"/><div xmlns="http://www.w3.org/1999/xhtml"><h2>Argo-Scheduling</h2><p>The official URL for this implementation guide is: </p><pre>http://fhir.org/guides/argonaut-scheduling/ImplementationGuide/ig</pre></div>
  </text>
  <url value="http://fhir.org/guides/argonaut-scheduling/ImplementationGuide/ig"/>
  <name value="Argo-Scheduling"/>
  <status value="active"/>
  <experimental value="true"/>
  <publisher value="Argonaut Project"/>
  <package id="p1">
    <name value="base"/>
    <resource>
      <extension url="http://hl7.org/fhir/StructureDefinition/implementationguide-page">
        <valueUri value="Subscription-example.html"/>
      </extension>
      <example value="true"/>
      <sourceReference>
        <reference value="Subscription/example"/>
      </sourceReference>
    </resource>
    <resource>
      <extension url="http://hl7.org/fhir/StructureDefinition/implementationguide-page">
        <valueUri value="Slot-2017-09-07T154500-arg-s-6.html"/>
      </extension>
      <example value="true"/>
      <sourceReference>
        <reference value="Slot/2017-09-07T154500-arg-s-6"/>
      </sourceReference>
    </resource>
    <resource>
      <extension url="http://hl7.org/fhir/StructureDefinition/implementationguide-page">
        <valueUri value="Bundle-slot-bundle-example.html"/>
      </extension>
      <example value="true"/>
      <sourceReference>
        <reference value="Bundle/slot-bundle-example"/>
      </sourceReference>
    </resource>
    <resource>
      <extension url="http://hl7.org/fhir/StructureDefinition/implementationguide-page">
        <valueUri value="Schedule-example1.html"/>
      </extension>
      <example value="true"/>
      <sourceReference>
        <reference value="Schedule/example1"/>
      </sourceReference>
    </resource>
    <resource>
      <extension url="http://hl7.org/fhir/StructureDefinition/implementationguide-page">
        <valueUri value="Schedule-2017-08-28-derm.html"/>
      </extension>
      <example value="true"/>
      <sourceReference>
        <reference value="Schedule/2017-08-28-derm"/>
      </sourceReference>
    </resource>
    <resource>
      <extension url="http://hl7.org/fhir/StructureDefinition/implementationguide-page">
        <valueUri value="Schedule-arg-s-6.html"/>
      </extension>
      <example value="true"/>
      <sourceReference>
        <reference value="Schedule/arg-s-6"/>
      </sourceReference>
    </resource>
    <resource>
      <extension url="http://hl7.org/fhir/StructureDefinition/implementationguide-page">
        <valueUri value="Appointment-proposed-appt3.html"/>
      </extension>
      <example value="true"/>
      <sourceReference>
        <reference value="Appointment/proposed-appt3"/>
      </sourceReference>
    </resource>
    <resource>
      <extension url="http://hl7.org/fhir/StructureDefinition/implementationguide-page">
        <valueUri value="Appointment-proposed-appt2b-3.html"/>
      </extension>
      <example value="true"/>
      <sourceReference>
        <reference value="Appointment/proposed-appt2b-3"/>
      </sourceReference>
    </resource>
    <resource>
      <extension url="http://hl7.org/fhir/StructureDefinition/implementationguide-page">
        <valueUri value="Appointment-proposed-appt2b-2.html"/>
      </extension>
      <example value="true"/>
      <sourceReference>
        <reference value="Appointment/proposed-appt2b-2"/>
      </sourceReference>
    </resource>
    <resource>
      <extension url="http://hl7.org/fhir/StructureDefinition/implementationguide-page">
        <valueUri value="Appointment-proposed-appt2b-1.html"/>
      </extension>
      <example value="true"/>
      <sourceReference>
        <reference value="Appointment/proposed-appt2b-1"/>
      </sourceReference>
    </resource>
    <resource>
      <extension url="http://hl7.org/fhir/StructureDefinition/implementationguide-page">
        <valueUri value="Appointment-proposed-appt2.html"/>
      </extension>
      <example value="true"/>
      <sourceReference>
        <reference value="Appointment/proposed-appt2"/>
      </sourceReference>
    </resource>
    <resource>
      <extension url="http://hl7.org/fhir/StructureDefinition/implementationguide-page">
        <valueUri value="Appointment-proposed-appt1a-3.html"/>
      </extension>
      <example value="true"/>
      <sourceReference>
        <reference value="Appointment/proposed-appt1a-3"/>
      </sourceReference>
    </resource>
    <resource>
      <extension url="http://hl7.org/fhir/StructureDefinition/implementationguide-page">
        <valueUri value="Appointment-proposed-appt1a-2.html"/>
      </extension>
      <example value="true"/>
      <sourceReference>
        <reference value="Appointment/proposed-appt1a-2"/>
      </sourceReference>
    </resource>
    <resource>
      <extension url="http://hl7.org/fhir/StructureDefinition/implementationguide-page">
        <valueUri value="Appointment-proposed-appt1a-1.html"/>
      </extension>
      <example value="true"/>
      <sourceReference>
        <reference value="Appointment/proposed-appt1a-1"/>
      </sourceReference>
    </resource>
    <resource>
      <extension url="http://hl7.org/fhir/StructureDefinition/implementationguide-page">
        <valueUri value="Appointment-proposed-appt1.html"/>
      </extension>
      <example value="true"/>
      <sourceReference>
        <reference value="Appointment/proposed-appt1"/>
      </sourceReference>
    </resource>
    <resource>
      <extension url="http://hl7.org/fhir/StructureDefinition/implementationguide-page">
        <valueUri value="Practitioner-dr-y.html"/>
      </extension>
      <example value="true"/>
      <sourceReference>
        <reference value="Practitioner/dr-y"/>
      </sourceReference>
    </resource>
    <resource>
      <extension url="http://hl7.org/fhir/StructureDefinition/implementationguide-page">
        <valueUri value="Patient-argo-sch-patient-2.html"/>
      </extension>
      <example value="true"/>
      <sourceReference>
        <reference value="Patient/argo-sch-patient-2"/>
      </sourceReference>
    </resource>
    <resource>
      <extension url="http://hl7.org/fhir/StructureDefinition/implementationguide-page">
        <valueUri value="Patient-argo-sch-patient-1.html"/>
      </extension>
      <example value="true"/>
      <sourceReference>
        <reference value="Patient/argo-sch-patient-1"/>
      </sourceReference>
    </resource>
    <resource>
      <extension url="http://hl7.org/fhir/StructureDefinition/implementationguide-page">
        <valueUri value="OperationOutcome-example.html"/>
      </extension>
      <example value="true"/>
      <sourceReference>
        <reference value="OperationOutcome/example"/>
      </sourceReference>
    </resource>
    <resource>
      <extension url="http://hl7.org/fhir/StructureDefinition/implementationguide-page">
        <valueUri value="Coverage-argo-sch-2.html"/>
      </extension>
      <example value="true"/>
      <sourceReference>
        <reference value="Coverage/argo-sch-2"/>
      </sourceReference>
    </resource>
    <resource>
      <extension url="http://hl7.org/fhir/StructureDefinition/implementationguide-page">
        <valueUri value="Coverage-argo-sch-1.html"/>
      </extension>
      <example value="true"/>
      <sourceReference>
        <reference value="Coverage/argo-sch-1"/>
      </sourceReference>
    </resource>
    <resource>
      <extension url="http://hl7.org/fhir/StructureDefinition/implementationguide-page">
        <valueUri value="Bundle-prefetch-derm-appts.html"/>
      </extension>
      <example value="true"/>
      <sourceReference>
        <reference value="Bundle/prefetch-derm-appts"/>
      </sourceReference>
    </resource>
    <resource>
      <extension url="http://hl7.org/fhir/StructureDefinition/implementationguide-page">
        <valueUri value="Bundle-hal-dr-y-appts.html"/>
      </extension>
      <example value="true"/>
      <sourceReference>
        <reference value="Bundle/hal-dr-y-appts"/>
      </sourceReference>
    </resource>
    <resource>
      <extension url="http://hl7.org/fhir/StructureDefinition/implementationguide-page">
        <valueUri value="ValueSet-visit-type.html"/>
      </extension>
      <example value="false"/>
      <sourceReference>
        <reference value="ValueSet/visit-type"/>
      </sourceReference>
    </resource>
    <resource>
      <extension url="http://hl7.org/fhir/StructureDefinition/implementationguide-page">
        <valueUri value="ValueSet-status-reason.html"/>
      </extension>
      <example value="false"/>
      <sourceReference>
        <reference value="ValueSet/status-reason"/>
      </sourceReference>
    </resource>
    <resource>
      <extension url="http://hl7.org/fhir/StructureDefinition/implementationguide-page">
        <valueUri value="ValueSet-specialty.html"/>
      </extension>
      <example value="false"/>
      <sourceReference>
        <reference value="ValueSet/specialty"/>
      </sourceReference>
    </resource>
    <resource>
      <extension url="http://hl7.org/fhir/StructureDefinition/implementationguide-page">
        <valueUri value="ValueSet-argo-slot-status.html"/>
      </extension>
      <example value="false"/>
      <sourceReference>
        <reference value="ValueSet/argo-slot-status"/>
      </sourceReference>
    </resource>
    <resource>
      <extension url="http://hl7.org/fhir/StructureDefinition/implementationguide-page">
        <valueUri value="ValueSet-slot-bundle-type.html"/>
      </extension>
      <example value="false"/>
      <sourceReference>
        <reference value="ValueSet/slot-bundle-type"/>
      </sourceReference>
    </resource>
    <resource>
      <extension url="http://hl7.org/fhir/StructureDefinition/implementationguide-page">
        <valueUri value="ValueSet-sct-services.html"/>
      </extension>
      <example value="false"/>
      <sourceReference>
        <reference value="ValueSet/sct-services"/>
      </sourceReference>
    </resource>
    <resource>
      <extension url="http://hl7.org/fhir/StructureDefinition/implementationguide-page">
        <valueUri value="ValueSet-appt-type.html"/>
      </extension>
      <example value="false"/>
      <sourceReference>
        <reference value="ValueSet/appt-type"/>
      </sourceReference>
    </resource>
    <resource>
      <extension url="http://hl7.org/fhir/StructureDefinition/implementationguide-page">
        <valueUri value="StructureDefinition-slot-bundle.html"/>
      </extension>
      <example value="false"/>
      <sourceReference>
        <reference value="StructureDefinition/slot-bundle"/>
      </sourceReference>
    </resource>
    <resource>
      <extension url="http://hl7.org/fhir/StructureDefinition/implementationguide-page">
        <valueUri value="StructureDefinition-prefetch-slot.html"/>
      </extension>
      <example value="false"/>
      <sourceReference>
        <reference value="StructureDefinition/prefetch-slot"/>
      </sourceReference>
    </resource>
    <resource>
      <extension url="http://hl7.org/fhir/StructureDefinition/implementationguide-page">
        <valueUri value="StructureDefinition-extension-subscription-triggerevent.html"/>
      </extension>
      <example value="false"/>
      <sourceReference>
        <reference value="StructureDefinition/extension-subscription-triggerevent"/>
      </sourceReference>
    </resource>
    <resource>
      <extension url="http://hl7.org/fhir/StructureDefinition/implementationguide-page">
        <valueUri value="StructureDefinition-extension-subscription-payloadprofile.html"/>
      </extension>
      <example value="false"/>
      <sourceReference>
        <reference value="StructureDefinition/extension-subscription-payloadprofile"/>
      </sourceReference>
    </resource>
    <resource>
      <extension url="http://hl7.org/fhir/StructureDefinition/implementationguide-page">
        <valueUri value="StructureDefinition-extension-subscription-eventfocus.html"/>
      </extension>
      <example value="false"/>
      <sourceReference>
        <reference value="StructureDefinition/extension-subscription-eventfocus"/>
      </sourceReference>
    </resource>
    <resource>
      <extension url="http://hl7.org/fhir/StructureDefinition/implementationguide-page">
        <valueUri value="StructureDefinition-extension-status-reason.html"/>
      </extension>
      <example value="false"/>
      <sourceReference>
        <reference value="StructureDefinition/extension-status-reason"/>
      </sourceReference>
    </resource>
    <resource>
      <extension url="http://hl7.org/fhir/StructureDefinition/implementationguide-page">
        <valueUri value="StructureDefinition-avail-bundle.html"/>
      </extension>
      <example value="false"/>
      <sourceReference>
        <reference value="StructureDefinition/avail-bundle"/>
      </sourceReference>
    </resource>
    <resource>
      <extension url="http://hl7.org/fhir/StructureDefinition/implementationguide-page">
        <valueUri value="StructureDefinition-argo-sub-notif.html"/>
      </extension>
      <example value="false"/>
      <sourceReference>
        <reference value="StructureDefinition/argo-sub-notif"/>
      </sourceReference>
    </resource>
    <resource>
      <extension url="http://hl7.org/fhir/StructureDefinition/implementationguide-page">
        <valueUri value="StructureDefinition-argo-sched-notif.html"/>
      </extension>
      <example value="false"/>
      <sourceReference>
        <reference value="StructureDefinition/argo-sched-notif"/>
      </sourceReference>
    </resource>
    <resource>
      <extension url="http://hl7.org/fhir/StructureDefinition/implementationguide-page">
        <valueUri value="StructureDefinition-argo-coverage.html"/>
      </extension>
      <example value="false"/>
      <sourceReference>
        <reference value="StructureDefinition/argo-coverage"/>
      </sourceReference>
    </resource>
    <resource>
      <extension url="http://hl7.org/fhir/StructureDefinition/implementationguide-page">
        <valueUri value="StructureDefinition-argo-appt.html"/>
      </extension>
      <example value="false"/>
      <sourceReference>
        <reference value="StructureDefinition/argo-appt"/>
      </sourceReference>
    </resource>
    <resource>
      <extension url="http://hl7.org/fhir/StructureDefinition/implementationguide-page">
        <valueUri value="OperationDefinition-slot-prefetch.html"/>
      </extension>
      <example value="false"/>
      <sourceReference>
        <reference value="OperationDefinition/slot-prefetch"/>
      </sourceReference>
    </resource>
    <resource>
      <extension url="http://hl7.org/fhir/StructureDefinition/implementationguide-page">
        <valueUri value="OperationDefinition-appointment-hold.html"/>
      </extension>
      <example value="false"/>
      <sourceReference>
        <reference value="OperationDefinition/appointment-hold"/>
      </sourceReference>
    </resource>
    <resource>
      <extension url="http://hl7.org/fhir/StructureDefinition/implementationguide-page">
        <valueUri value="OperationDefinition-appointment-find.html"/>
      </extension>
      <example value="false"/>
      <sourceReference>
        <reference value="OperationDefinition/appointment-find"/>
      </sourceReference>
    </resource>
    <resource>
      <extension url="http://hl7.org/fhir/StructureDefinition/implementationguide-page">
        <valueUri value="OperationDefinition-appointment-book.html"/>
      </extension>
      <example value="false"/>
      <sourceReference>
        <reference value="OperationDefinition/appointment-book"/>
      </sourceReference>
    </resource>
    <resource>
      <extension url="http://hl7.org/fhir/StructureDefinition/implementationguide-page">
        <valueUri value="ConceptMap-visit-snomed-map.html"/>
      </extension>
      <example value="false"/>
      <sourceReference>
        <reference value="ConceptMap/visit-snomed-map"/>
      </sourceReference>
    </resource>
    <resource>
      <extension url="http://hl7.org/fhir/StructureDefinition/implementationguide-page">
        <valueUri value="ConceptMap-visit-appt-map.html"/>
      </extension>
      <example value="false"/>
      <sourceReference>
        <reference value="ConceptMap/visit-appt-map"/>
      </sourceReference>
    </resource>
    <resource>
      <extension url="http://hl7.org/fhir/StructureDefinition/implementationguide-page">
        <valueUri value="CodeSystem-visit-type.html"/>
      </extension>
      <example value="false"/>
      <sourceReference>
        <reference value="CodeSystem/visit-type"/>
      </sourceReference>
    </resource>
    <resource>
      <extension url="http://hl7.org/fhir/StructureDefinition/implementationguide-page">
        <valueUri value="CodeSystem-status-reason.html"/>
      </extension>
      <example value="false"/>
      <sourceReference>
        <reference value="CodeSystem/status-reason"/>
      </sourceReference>
    </resource>
    <resource>
      <extension url="http://hl7.org/fhir/StructureDefinition/implementationguide-page">
        <valueUri value="CodeSystem-appt-type.html"/>
      </extension>
      <example value="false"/>
      <sourceReference>
        <reference value="CodeSystem/appt-type"/>
      </sourceReference>
    </resource>
    <resource>
      <extension url="http://hl7.org/fhir/StructureDefinition/implementationguide-page">
        <valueUri value="CapabilityStatement-server.html"/>
      </extension>
      <example value="false"/>
      <sourceReference>
        <reference value="CapabilityStatement/server"/>
      </sourceReference>
    </resource>
    <resource>
      <extension url="http://hl7.org/fhir/StructureDefinition/implementationguide-page">
        <valueUri value="CapabilityStatement-client.html"/>
      </extension>
      <example value="false"/>
      <sourceReference>
        <reference value="CapabilityStatement/client"/>
      </sourceReference>
    </resource>
  </package>
  <page>
    <source value="index.md"/>
    <title value="Argo-Scheduling Homepage"/>
    <kind value="page"/>
    <page>
      <source value="_includes/toc.md"/>
      <title value="Argo-Scheduling Table of Contents"/>
      <kind value="page"/>
    </page>
  </page>
</ImplementationGuide>