<?xml version="1.0" encoding="UTF-8"?>

<Patient xmlns="http://hl7.org/fhir">
  <id value="argo-sch-patient-2"/>
  <meta>
    <profile value="http://hl7.org/fhir/us/core/StructureDefinition/us-core-patient"/>
  </meta>
  <text>
    <status value="generated"/><div xmlns="http://www.w3.org/1999/xhtml"><p><b>Generated Narrative with Details</b></p><p><b>id</b>: argo-sch-patient-2</p><p><b>meta</b>: </p><p><b>identifier</b>: Medical Record Number = 1032704 (USUAL)</p><p><b>active</b>: true</p><p><b>name</b>: Daughter M LastName </p><p><b>telecom</b>: ph: 555-555-5555(HOME), myemail@example.com</p><p><b>gender</b>: female</p><p><b>birthDate</b>: 21/10/1996</p><p><b>address</b>: 123 Main St San Luis Obispo CA 98855 US </p></div>
  </text>
  <extension url="http://hl7.org/fhir/us/core/StructureDefinition/us-core-race">
    <extension url="ombCategory">
      <valueCoding>
        <system value="urn:oid:2.16.840.1.113883.6.238"/>
        <code value="2106-3"/>
        <display value="White"/>
      </valueCoding>
    </extension>
    <extension url="text">
      <valueString value="White"/>
    </extension>
  </extension>
  <extension url="http://hl7.org/fhir/us/core/StructureDefinition/us-core-ethnicity">
    <extension url="ombCategory">
      <valueCoding>
        <system value="urn:oid:2.16.840.1.113883.6.238"/>
        <code value="2135-2"/>
        <display value="Hispanic or Latino"/>
      </valueCoding>
    </extension>
    <extension url="text">
      <valueString value="Hispanic or Latino"/>
    </extension>
  </extension>
  <extension url="http://hl7.org/fhir/us/core/StructureDefinition/us-core-birthsex">
    <valueCode value="F"/>
  </extension>
  <identifier>
    <use value="usual"/>
    <type>
      <coding>
        <system value="http://hl7.org/fhir/v2/0203"/>
        <code value="MR"/>
        <display value="Medical Record Number"/>
      </coding>
      <text value="Medical Record Number"/>
    </type>
    <system value="http://hospital.smarthealthit.org"/>
    <value value="1032704"/>
  </identifier>
  <active value="true"/>
  <name>
    <family value="LastName"/>
    <given value="Daughter"/>
    <given value="M"/>
  </name>
  <telecom>
    <system value="phone"/>
    <value value="555-555-5555"/>
    <use value="home"/>
  </telecom>
  <telecom>
    <system value="email"/>
    <value value="myemail@example.com"/>
  </telecom>
  <gender value="female"/>
  <birthDate value="1996-10-21"/>
  <address>
    <line value="123 Main St"/>
    <city value="San Luis Obispo"/>
    <state value="CA"/>
    <postalCode value="98855"/>
    <country value="US"/>
  </address>
</Patient>