<?xml version="1.0" encoding="UTF-8"?><Bundle xmlns="http://hl7.org/fhir"><type value="collection"/><entry/><entry><resource><OperationOutcome><extension url="http://hl7.org/fhir/StructureDefinition/operationoutcome-file"><valueString value="C:\work\org.hl7.fhir.temp\scheduling\source\examples\1a-avail-bundle"/></extension><issue><extension url="http://hl7.org/fhir/StructureDefinition/operationoutcome-issue-source"><valueCode value="InstanceValidator"/></extension><severity value="information"/><code value="informational"/><details><text value="Instance includes element that is not marked as &#39;mustSupport&#39; and was validated against profiles declaring mustSupport=true"/></details><location value="Bundle/hal-dr-y-appts: Bundle.id[1] (line 3, col30)"/></issue><issue><extension url="http://hl7.org/fhir/StructureDefinition/operationoutcome-issue-source"><valueCode value="InstanceValidator"/></extension><severity value="information"/><code value="informational"/><details><text value="Instance includes element that is not marked as &#39;mustSupport&#39; and was validated against profiles declaring mustSupport=true"/></details><location value="Bundle/hal-dr-y-appts: Bundle.meta[1] (line 5, col8)"/></issue><issue><extension url="http://hl7.org/fhir/StructureDefinition/operationoutcome-issue-source"><valueCode value="InstanceValidator"/></extension><severity value="information"/><code value="informational"/><details><text value="Instance includes element that is not marked as &#39;mustSupport&#39; and was validated against profiles declaring mustSupport=true"/></details><location value="Bundle/hal-dr-y-appts: Bundle.entry[1].fullUrl[1] (line 13, col76)"/></issue><issue><extension url="http://hl7.org/fhir/StructureDefinition/operationoutcome-issue-source"><valueCode value="InstanceValidator"/></extension><severity value="information"/><code value="informational"/><details><text value="Instance includes element that is not marked as &#39;mustSupport&#39; and was validated against profiles declaring mustSupport=true"/></details><location value="Bundle/hal-dr-y-appts: Bundle.entry[1].resource[1].meta[1] (line 18, col11)"/></issue><issue><extension url="http://hl7.org/fhir/StructureDefinition/operationoutcome-issue-source"><valueCode value="InstanceValidator"/></extension><severity value="information"/><code value="informational"/><details><text value="Instance includes element that is not marked as &#39;mustSupport&#39; and was validated against profiles declaring mustSupport=true"/></details><location value="Bundle/hal-dr-y-appts: Bundle.entry[1].resource[1].text[1] (line 0, col0)"/></issue><issue><extension url="http://hl7.org/fhir/StructureDefinition/operationoutcome-issue-source"><valueCode value="InstanceValidator"/></extension><severity value="information"/><code value="informational"/><details><text value="Instance includes element that is not marked as &#39;mustSupport&#39; and was validated against profiles declaring mustSupport=true"/></details><location value="Bundle/hal-dr-y-appts: Bundle.entry[1].resource[1].participant[1].required[1] (line 44, col34)"/></issue><issue><extension url="http://hl7.org/fhir/StructureDefinition/operationoutcome-issue-source"><valueCode value="InstanceValidator"/></extension><severity value="information"/><code value="informational"/><details><text value="Instance includes element that is not marked as &#39;mustSupport&#39; and was validated against profiles declaring mustSupport=true"/></details><location value="Bundle/hal-dr-y-appts: Bundle.entry[1].resource[1].participant[2].required[1] (line 51, col34)"/></issue><issue><extension url="http://hl7.org/fhir/StructureDefinition/operationoutcome-issue-source"><valueCode value="InstanceValidator"/></extension><severity value="information"/><code value="informational"/><details><text value="Instance includes element that is not marked as &#39;mustSupport&#39; and was validated against profiles declaring mustSupport=true"/></details><location value="Bundle/hal-dr-y-appts: Bundle.entry[2].fullUrl[1] (line 70, col76)"/></issue><issue><extension url="http://hl7.org/fhir/StructureDefinition/operationoutcome-issue-source"><valueCode value="InstanceValidator"/></extension><severity value="information"/><code value="informational"/><details><text value="Instance includes element that is not marked as &#39;mustSupport&#39; and was validated against profiles declaring mustSupport=true"/></details><location value="Bundle/hal-dr-y-appts: Bundle.entry[2].resource[1].meta[1] (line 75, col11)"/></issue><issue><extension url="http://hl7.org/fhir/StructureDefinition/operationoutcome-issue-source"><valueCode value="InstanceValidator"/></extension><severity value="information"/><code value="informational"/><details><text value="Instance includes element that is not marked as &#39;mustSupport&#39; and was validated against profiles declaring mustSupport=true"/></details><location value="Bundle/hal-dr-y-appts: Bundle.entry[2].resource[1].text[1] (line 0, col0)"/></issue><issue><extension url="http://hl7.org/fhir/StructureDefinition/operationoutcome-issue-source"><valueCode value="InstanceValidator"/></extension><severity value="information"/><code value="informational"/><details><text value="Instance includes element that is not marked as &#39;mustSupport&#39; and was validated against profiles declaring mustSupport=true"/></details><location value="Bundle/hal-dr-y-appts: Bundle.entry[2].resource[1].participant[1].required[1] (line 101, col34)"/></issue><issue><extension url="http://hl7.org/fhir/StructureDefinition/operationoutcome-issue-source"><valueCode value="InstanceValidator"/></extension><severity value="information"/><code value="informational"/><details><text value="Instance includes element that is not marked as &#39;mustSupport&#39; and was validated against profiles declaring mustSupport=true"/></details><location value="Bundle/hal-dr-y-appts: Bundle.entry[2].resource[1].participant[2].required[1] (line 108, col34)"/></issue><issue><extension url="http://hl7.org/fhir/StructureDefinition/operationoutcome-issue-source"><valueCode value="InstanceValidator"/></extension><severity value="information"/><code value="informational"/><details><text value="Instance includes element that is not marked as &#39;mustSupport&#39; and was validated against profiles declaring mustSupport=true"/></details><location value="Bundle/hal-dr-y-appts: Bundle.entry[3].fullUrl[1] (line 127, col76)"/></issue><issue><extension url="http://hl7.org/fhir/StructureDefinition/operationoutcome-issue-source"><valueCode value="InstanceValidator"/></extension><severity value="information"/><code value="informational"/><details><text value="Instance includes element that is not marked as &#39;mustSupport&#39; and was validated against profiles declaring mustSupport=true"/></details><location value="Bundle/hal-dr-y-appts: Bundle.entry[3].resource[1].meta[1] (line 132, col11)"/></issue><issue><extension url="http://hl7.org/fhir/StructureDefinition/operationoutcome-issue-source"><valueCode value="InstanceValidator"/></extension><severity value="information"/><code value="informational"/><details><text value="Instance includes element that is not marked as &#39;mustSupport&#39; and was validated against profiles declaring mustSupport=true"/></details><location value="Bundle/hal-dr-y-appts: Bundle.entry[3].resource[1].text[1] (line 0, col0)"/></issue><issue><extension url="http://hl7.org/fhir/StructureDefinition/operationoutcome-issue-source"><valueCode value="InstanceValidator"/></extension><severity value="information"/><code value="informational"/><details><text value="Instance includes element that is not marked as &#39;mustSupport&#39; and was validated against profiles declaring mustSupport=true"/></details><location value="Bundle/hal-dr-y-appts: Bundle.entry[3].resource[1].participant[1].required[1] (line 158, col34)"/></issue><issue><extension url="http://hl7.org/fhir/StructureDefinition/operationoutcome-issue-source"><valueCode value="InstanceValidator"/></extension><severity value="information"/><code value="informational"/><details><text value="Instance includes element that is not marked as &#39;mustSupport&#39; and was validated against profiles declaring mustSupport=true"/></details><location value="Bundle/hal-dr-y-appts: Bundle.entry[3].resource[1].participant[2].required[1] (line 165, col34)"/></issue><issue><extension url="http://hl7.org/fhir/StructureDefinition/operationoutcome-issue-source"><valueCode value="InstanceValidator"/></extension><severity value="information"/><code value="informational"/><details><text value="Instance includes element that is not marked as &#39;mustSupport&#39; and was validated against profiles declaring mustSupport=true"/></details><location value="Bundle/hal-dr-y-appts: Bundle.entry[4].fullUrl[1] (line 184, col71)"/></issue></OperationOutcome></resource></entry><entry><resource><OperationOutcome><extension url="http://hl7.org/fhir/StructureDefinition/operationoutcome-file"><valueString value="C:\work\org.hl7.fhir.temp\scheduling\source\examples\2b-avail-bundle"/></extension><issue><extension url="http://hl7.org/fhir/StructureDefinition/operationoutcome-issue-source"><valueCode value="InstanceValidator"/></extension><severity value="information"/><code value="informational"/><details><text value="Instance includes element that is not marked as &#39;mustSupport&#39; and was validated against profiles declaring mustSupport=true"/></details><location value="Bundle/prefetch-derm-appts: Bundle.id[1] (line 2, col35)"/></issue><issue><extension url="http://hl7.org/fhir/StructureDefinition/operationoutcome-issue-source"><valueCode value="InstanceValidator"/></extension><severity value="information"/><code value="informational"/><details><text value="Instance includes element that is not marked as &#39;mustSupport&#39; and was validated against profiles declaring mustSupport=true"/></details><location value="Bundle/prefetch-derm-appts: Bundle.meta[1] (line 4, col8)"/></issue><issue><extension url="http://hl7.org/fhir/StructureDefinition/operationoutcome-issue-source"><valueCode value="InstanceValidator"/></extension><severity value="information"/><code value="informational"/><details><text value="Instance includes element that is not marked as &#39;mustSupport&#39; and was validated against profiles declaring mustSupport=true"/></details><location value="Bundle/prefetch-derm-appts: Bundle.entry[1].fullUrl[1] (line 12, col76)"/></issue><issue><extension url="http://hl7.org/fhir/StructureDefinition/operationoutcome-issue-source"><valueCode value="InstanceValidator"/></extension><severity value="information"/><code value="informational"/><details><text value="Instance includes element that is not marked as &#39;mustSupport&#39; and was validated against profiles declaring mustSupport=true"/></details><location value="Bundle/prefetch-derm-appts: Bundle.entry[1].resource[1].meta[1] (line 16, col11)"/></issue><issue><extension url="http://hl7.org/fhir/StructureDefinition/operationoutcome-issue-source"><valueCode value="InstanceValidator"/></extension><severity value="information"/><code value="informational"/><details><text value="Instance includes element that is not marked as &#39;mustSupport&#39; and was validated against profiles declaring mustSupport=true"/></details><location value="Bundle/prefetch-derm-appts: Bundle.entry[1].resource[1].text[1] (line 0, col0)"/></issue><issue><extension url="http://hl7.org/fhir/StructureDefinition/operationoutcome-issue-source"><valueCode value="InstanceValidator"/></extension><severity value="information"/><code value="informational"/><details><text value="Instance includes element that is not marked as &#39;mustSupport&#39; and was validated against profiles declaring mustSupport=true"/></details><location value="Bundle/prefetch-derm-appts: Bundle.entry[1].resource[1].participant[1].required[1] (line 51, col34)"/></issue><issue><extension url="http://hl7.org/fhir/StructureDefinition/operationoutcome-issue-source"><valueCode value="InstanceValidator"/></extension><severity value="information"/><code value="informational"/><details><text value="Instance includes element that is not marked as &#39;mustSupport&#39; and was validated against profiles declaring mustSupport=true"/></details><location value="Bundle/prefetch-derm-appts: Bundle.entry[1].resource[1].participant[2].required[1] (line 58, col34)"/></issue><issue><extension url="http://hl7.org/fhir/StructureDefinition/operationoutcome-issue-source"><valueCode value="InstanceValidator"/></extension><severity value="information"/><code value="informational"/><details><text value="Instance includes element that is not marked as &#39;mustSupport&#39; and was validated against profiles declaring mustSupport=true"/></details><location value="Bundle/prefetch-derm-appts: Bundle.entry[2].fullUrl[1] (line 77, col76)"/></issue><issue><extension url="http://hl7.org/fhir/StructureDefinition/operationoutcome-issue-source"><valueCode value="InstanceValidator"/></extension><severity value="information"/><code value="informational"/><details><text value="Instance includes element that is not marked as &#39;mustSupport&#39; and was validated against profiles declaring mustSupport=true"/></details><location value="Bundle/prefetch-derm-appts: Bundle.entry[2].resource[1].meta[1] (line 81, col11)"/></issue><issue><extension url="http://hl7.org/fhir/StructureDefinition/operationoutcome-issue-source"><valueCode value="InstanceValidator"/></extension><severity value="information"/><code value="informational"/><details><text value="Instance includes element that is not marked as &#39;mustSupport&#39; and was validated against profiles declaring mustSupport=true"/></details><location value="Bundle/prefetch-derm-appts: Bundle.entry[2].resource[1].text[1] (line 0, col0)"/></issue><issue><extension url="http://hl7.org/fhir/StructureDefinition/operationoutcome-issue-source"><valueCode value="InstanceValidator"/></extension><severity value="information"/><code value="informational"/><details><text value="Instance includes element that is not marked as &#39;mustSupport&#39; and was validated against profiles declaring mustSupport=true"/></details><location value="Bundle/prefetch-derm-appts: Bundle.entry[2].resource[1].participant[1].required[1] (line 116, col34)"/></issue><issue><extension url="http://hl7.org/fhir/StructureDefinition/operationoutcome-issue-source"><valueCode value="InstanceValidator"/></extension><severity value="information"/><code value="informational"/><details><text value="Instance includes element that is not marked as &#39;mustSupport&#39; and was validated against profiles declaring mustSupport=true"/></details><location value="Bundle/prefetch-derm-appts: Bundle.entry[2].resource[1].participant[2].required[1] (line 123, col34)"/></issue><issue><extension url="http://hl7.org/fhir/StructureDefinition/operationoutcome-issue-source"><valueCode value="InstanceValidator"/></extension><severity value="information"/><code value="informational"/><details><text value="Instance includes element that is not marked as &#39;mustSupport&#39; and was validated against profiles declaring mustSupport=true"/></details><location value="Bundle/prefetch-derm-appts: Bundle.entry[3].fullUrl[1] (line 142, col76)"/></issue><issue><extension url="http://hl7.org/fhir/StructureDefinition/operationoutcome-issue-source"><valueCode value="InstanceValidator"/></extension><severity value="information"/><code value="informational"/><details><text value="Instance includes element that is not marked as &#39;mustSupport&#39; and was validated against profiles declaring mustSupport=true"/></details><location value="Bundle/prefetch-derm-appts: Bundle.entry[3].resource[1].meta[1] (line 146, col11)"/></issue><issue><extension url="http://hl7.org/fhir/StructureDefinition/operationoutcome-issue-source"><valueCode value="InstanceValidator"/></extension><severity value="information"/><code value="informational"/><details><text value="Instance includes element that is not marked as &#39;mustSupport&#39; and was validated against profiles declaring mustSupport=true"/></details><location value="Bundle/prefetch-derm-appts: Bundle.entry[3].resource[1].text[1] (line 0, col0)"/></issue><issue><extension url="http://hl7.org/fhir/StructureDefinition/operationoutcome-issue-source"><valueCode value="InstanceValidator"/></extension><severity value="information"/><code value="informational"/><details><text value="Instance includes element that is not marked as &#39;mustSupport&#39; and was validated against profiles declaring mustSupport=true"/></details><location value="Bundle/prefetch-derm-appts: Bundle.entry[3].resource[1].participant[1].required[1] (line 181, col34)"/></issue><issue><extension url="http://hl7.org/fhir/StructureDefinition/operationoutcome-issue-source"><valueCode value="InstanceValidator"/></extension><severity value="information"/><code value="informational"/><details><text value="Instance includes element that is not marked as &#39;mustSupport&#39; and was validated against profiles declaring mustSupport=true"/></details><location value="Bundle/prefetch-derm-appts: Bundle.entry[3].resource[1].participant[2].required[1] (line 188, col34)"/></issue><issue><extension url="http://hl7.org/fhir/StructureDefinition/operationoutcome-issue-source"><valueCode value="InstanceValidator"/></extension><severity value="information"/><code value="informational"/><details><text value="Instance includes element that is not marked as &#39;mustSupport&#39; and was validated against profiles declaring mustSupport=true"/></details><location value="Bundle/prefetch-derm-appts: Bundle.entry[4].fullUrl[1] (line 207, col71)"/></issue></OperationOutcome></resource></entry><entry><resource><OperationOutcome><extension url="http://hl7.org/fhir/StructureDefinition/operationoutcome-file"><valueString value="C:\work\org.hl7.fhir.temp\scheduling\source\examples\coverage-example-1"/></extension><issue><extension url="http://hl7.org/fhir/StructureDefinition/operationoutcome-issue-source"><valueCode value="InstanceValidator"/></extension><severity value="information"/><code value="informational"/><details><text value="Instance includes element that is not marked as &#39;mustSupport&#39; and was validated against profiles declaring mustSupport=true"/></details><location value="Coverage/argo-sch-1: Coverage.meta[1] (line 4, col9)"/></issue><issue><extension url="http://hl7.org/fhir/StructureDefinition/operationoutcome-issue-source"><valueCode value="InstanceValidator"/></extension><severity value="information"/><code value="informational"/><details><text value="Instance includes element that is not marked as &#39;mustSupport&#39; and was validated against profiles declaring mustSupport=true"/></details><location value="Coverage/argo-sch-1: Coverage.text[1] (line 0, col0)"/></issue><issue><extension url="http://hl7.org/fhir/StructureDefinition/operationoutcome-issue-source"><valueCode value="InstanceValidator"/></extension><severity value="information"/><code value="informational"/><details><text value="Instance includes element that is not marked as &#39;mustSupport&#39; and was validated against profiles declaring mustSupport=true"/></details><location value="Coverage/argo-sch-1: Coverage.subscriber[1].reference[1] (line 21, col50)"/></issue><issue><extension url="http://hl7.org/fhir/StructureDefinition/operationoutcome-issue-source"><valueCode value="InstanceValidator"/></extension><severity value="information"/><code value="informational"/><details><text value="Instance includes element that is not marked as &#39;mustSupport&#39; and was validated against profiles declaring mustSupport=true"/></details><location value="Coverage/argo-sch-1: Coverage.subscriber[1].display[1] (line 22, col41)"/></issue></OperationOutcome></resource></entry><entry><resource><OperationOutcome><extension url="http://hl7.org/fhir/StructureDefinition/operationoutcome-file"><valueString value="C:\work\org.hl7.fhir.temp\scheduling\source\examples\coverage-example-2"/></extension><issue><extension url="http://hl7.org/fhir/StructureDefinition/operationoutcome-issue-source"><valueCode value="InstanceValidator"/></extension><severity value="information"/><code value="informational"/><details><text value="Instance includes element that is not marked as &#39;mustSupport&#39; and was validated against profiles declaring mustSupport=true"/></details><location value="Coverage/argo-sch-2: Coverage.meta[1] (line 4, col9)"/></issue><issue><extension url="http://hl7.org/fhir/StructureDefinition/operationoutcome-issue-source"><valueCode value="InstanceValidator"/></extension><severity value="information"/><code value="informational"/><details><text value="Instance includes element that is not marked as &#39;mustSupport&#39; and was validated against profiles declaring mustSupport=true"/></details><location value="Coverage/argo-sch-2: Coverage.text[1] (line 0, col0)"/></issue><issue><extension url="http://hl7.org/fhir/StructureDefinition/operationoutcome-issue-source"><valueCode value="InstanceValidator"/></extension><severity value="information"/><code value="informational"/><details><text value="Instance includes element that is not marked as &#39;mustSupport&#39; and was validated against profiles declaring mustSupport=true"/></details><location value="Coverage/argo-sch-2: Coverage.contained[1] (line 8, col13)"/></issue><issue><extension url="http://hl7.org/fhir/StructureDefinition/operationoutcome-issue-source"><valueCode value="InstanceValidator"/></extension><severity value="information"/><code value="informational"/><details><text value="Instance includes element that is not marked as &#39;mustSupport&#39; and was validated against profiles declaring mustSupport=true"/></details><location value="Coverage/argo-sch-2: Coverage.subscriber[1].reference[1] (line 55, col35)"/></issue><issue><extension url="http://hl7.org/fhir/StructureDefinition/operationoutcome-issue-source"><valueCode value="InstanceValidator"/></extension><severity value="information"/><code value="informational"/><details><text value="Instance includes element that is not marked as &#39;mustSupport&#39; and was validated against profiles declaring mustSupport=true"/></details><location value="Coverage/argo-sch-2: Coverage.subscriber[1].display[1] (line 56, col41)"/></issue></OperationOutcome></resource></entry><entry><resource><OperationOutcome><extension url="http://hl7.org/fhir/StructureDefinition/operationoutcome-file"><valueString value="C:\work\org.hl7.fhir.temp\scheduling\source\examples\patient-sch-example-1"/></extension><issue><extension url="http://hl7.org/fhir/StructureDefinition/operationoutcome-issue-source"><valueCode value="InstanceValidator"/></extension><severity value="information"/><code value="informational"/><details><text value="Instance includes element that is not marked as &#39;mustSupport&#39; and was validated against profiles declaring mustSupport=true"/></details><location value="Patient/argo-sch-patient-1: Patient.id[1] (line 3, col34)"/></issue><issue><extension url="http://hl7.org/fhir/StructureDefinition/operationoutcome-issue-source"><valueCode value="InstanceValidator"/></extension><severity value="information"/><code value="informational"/><details><text value="Instance includes element that is not marked as &#39;mustSupport&#39; and was validated against profiles declaring mustSupport=true"/></details><location value="Patient/argo-sch-patient-1: Patient.meta[1] (line 4, col8)"/></issue><issue><extension url="http://hl7.org/fhir/StructureDefinition/operationoutcome-issue-source"><valueCode value="InstanceValidator"/></extension><severity value="information"/><code value="informational"/><details><text value="Instance includes element that is not marked as &#39;mustSupport&#39; and was validated against profiles declaring mustSupport=true"/></details><location value="Patient/argo-sch-patient-1: Patient.text[1] (line 0, col0)"/></issue><issue><extension url="http://hl7.org/fhir/StructureDefinition/operationoutcome-issue-source"><valueCode value="InstanceValidator"/></extension><severity value="information"/><code value="informational"/><details><text value="Instance includes element that is not marked as &#39;mustSupport&#39; and was validated against profiles declaring mustSupport=true"/></details><location value="Patient/argo-sch-patient-1: Patient.extension[1].url[1] (line 7, col80)"/></issue><issue><extension url="http://hl7.org/fhir/StructureDefinition/operationoutcome-issue-source"><valueCode value="InstanceValidator"/></extension><severity value="information"/><code value="informational"/><details><text value="Instance includes element that is not marked as &#39;mustSupport&#39; and was validated against profiles declaring mustSupport=true"/></details><location value="Patient/argo-sch-patient-1: Patient.extension[1].extension[1].url[1] (line 8, col32)"/></issue><issue><extension url="http://hl7.org/fhir/StructureDefinition/operationoutcome-issue-source"><valueCode value="InstanceValidator"/></extension><severity value="information"/><code value="informational"/><details><text value="Instance includes element that is not marked as &#39;mustSupport&#39; and was validated against profiles declaring mustSupport=true"/></details><location value="Patient/argo-sch-patient-1: Patient.extension[1].extension[1].valueCoding[1] (line 9, col17)"/></issue><issue><extension url="http://hl7.org/fhir/StructureDefinition/operationoutcome-issue-source"><valueCode value="InstanceValidator"/></extension><severity value="information"/><code value="informational"/><details><text value="Instance includes element that is not marked as &#39;mustSupport&#39; and was validated against profiles declaring mustSupport=true"/></details><location value="Patient/argo-sch-patient-1: Patient.extension[1].extension[2].url[1] (line 15, col25)"/></issue><issue><extension url="http://hl7.org/fhir/StructureDefinition/operationoutcome-issue-source"><valueCode value="InstanceValidator"/></extension><severity value="information"/><code value="informational"/><details><text value="Instance includes element that is not marked as &#39;mustSupport&#39; and was validated against profiles declaring mustSupport=true"/></details><location value="Patient/argo-sch-patient-1: Patient.extension[1].extension[2].valueString[1] (line 16, col32)"/></issue><issue><extension url="http://hl7.org/fhir/StructureDefinition/operationoutcome-issue-source"><valueCode value="InstanceValidator"/></extension><severity value="information"/><code value="informational"/><details><text value="Instance includes element that is not marked as &#39;mustSupport&#39; and was validated against profiles declaring mustSupport=true"/></details><location value="Patient/argo-sch-patient-1: Patient.extension[2].url[1] (line 19, col85)"/></issue><issue><extension url="http://hl7.org/fhir/StructureDefinition/operationoutcome-issue-source"><valueCode value="InstanceValidator"/></extension><severity value="information"/><code value="informational"/><details><text value="Instance includes element that is not marked as &#39;mustSupport&#39; and was validated against profiles declaring mustSupport=true"/></details><location value="Patient/argo-sch-patient-1: Patient.extension[2].extension[1].url[1] (line 20, col32)"/></issue><issue><extension url="http://hl7.org/fhir/StructureDefinition/operationoutcome-issue-source"><valueCode value="InstanceValidator"/></extension><severity value="information"/><code value="informational"/><details><text value="Instance includes element that is not marked as &#39;mustSupport&#39; and was validated against profiles declaring mustSupport=true"/></details><location value="Patient/argo-sch-patient-1: Patient.extension[2].extension[1].valueCoding[1] (line 21, col17)"/></issue><issue><extension url="http://hl7.org/fhir/StructureDefinition/operationoutcome-issue-source"><valueCode value="InstanceValidator"/></extension><severity value="information"/><code value="informational"/><details><text value="Instance includes element that is not marked as &#39;mustSupport&#39; and was validated against profiles declaring mustSupport=true"/></details><location value="Patient/argo-sch-patient-1: Patient.extension[2].extension[2].url[1] (line 27, col25)"/></issue><issue><extension url="http://hl7.org/fhir/StructureDefinition/operationoutcome-issue-source"><valueCode value="InstanceValidator"/></extension><severity value="information"/><code value="informational"/><details><text value="Instance includes element that is not marked as &#39;mustSupport&#39; and was validated against profiles declaring mustSupport=true"/></details><location value="Patient/argo-sch-patient-1: Patient.extension[2].extension[2].valueString[1] (line 28, col45)"/></issue><issue><extension url="http://hl7.org/fhir/StructureDefinition/operationoutcome-issue-source"><valueCode value="InstanceValidator"/></extension><severity value="information"/><code value="informational"/><details><text value="Instance includes element that is not marked as &#39;mustSupport&#39; and was validated against profiles declaring mustSupport=true"/></details><location value="Patient/argo-sch-patient-1: Patient.identifier[1].use[1] (line 35, col23)"/></issue><issue><extension url="http://hl7.org/fhir/StructureDefinition/operationoutcome-issue-source"><valueCode value="InstanceValidator"/></extension><severity value="information"/><code value="informational"/><details><text value="Instance includes element that is not marked as &#39;mustSupport&#39; and was validated against profiles declaring mustSupport=true"/></details><location value="Patient/argo-sch-patient-1: Patient.identifier[1].type[1] (line 36, col9)"/></issue><issue><extension url="http://hl7.org/fhir/StructureDefinition/operationoutcome-issue-source"><valueCode value="InstanceValidator"/></extension><severity value="information"/><code value="informational"/><details><text value="Instance includes element that is not marked as &#39;mustSupport&#39; and was validated against profiles declaring mustSupport=true"/></details><location value="Patient/argo-sch-patient-1: Patient.active[1] (line 47, col24)"/></issue><issue><extension url="http://hl7.org/fhir/StructureDefinition/operationoutcome-issue-source"><valueCode value="InstanceValidator"/></extension><severity value="information"/><code value="informational"/><details><text value="Instance includes element that is not marked as &#39;mustSupport&#39; and was validated against profiles declaring mustSupport=true"/></details><location value="Patient/argo-sch-patient-1: Patient.name[1].suffix[1] (line 52, col23)"/></issue><issue><extension url="http://hl7.org/fhir/StructureDefinition/operationoutcome-issue-source"><valueCode value="InstanceValidator"/></extension><severity value="information"/><code value="informational"/><details><text value="Instance includes element that is not marked as &#39;mustSupport&#39; and was validated against profiles declaring mustSupport=true"/></details><location value="Patient/argo-sch-patient-1: Patient.telecom[1] (line 54, col11)"/></issue><issue><extension url="http://hl7.org/fhir/StructureDefinition/operationoutcome-issue-source"><valueCode value="InstanceValidator"/></extension><severity value="information"/><code value="informational"/><details><text value="Instance includes element that is not marked as &#39;mustSupport&#39; and was validated against profiles declaring mustSupport=true"/></details><location value="Patient/argo-sch-patient-1: Patient.telecom[2] (line 59, col11)"/></issue><issue><extension url="http://hl7.org/fhir/StructureDefinition/operationoutcome-issue-source"><valueCode value="InstanceValidator"/></extension><severity value="information"/><code value="informational"/><details><text value="Instance includes element that is not marked as &#39;mustSupport&#39; and was validated against profiles declaring mustSupport=true"/></details><location value="Patient/argo-sch-patient-1: Patient.address[1] (line 65, col11)"/></issue></OperationOutcome></resource></entry><entry><resource><OperationOutcome><extension url="http://hl7.org/fhir/StructureDefinition/operationoutcome-file"><valueString value="C:\work\org.hl7.fhir.temp\scheduling\source\examples\patient-sch-example-2"/></extension><issue><extension url="http://hl7.org/fhir/StructureDefinition/operationoutcome-issue-source"><valueCode value="InstanceValidator"/></extension><severity value="information"/><code value="informational"/><details><text value="Instance includes element that is not marked as &#39;mustSupport&#39; and was validated against profiles declaring mustSupport=true"/></details><location value="Patient/argo-sch-patient-2: Patient.id[1] (line 3, col34)"/></issue><issue><extension url="http://hl7.org/fhir/StructureDefinition/operationoutcome-issue-source"><valueCode value="InstanceValidator"/></extension><severity value="information"/><code value="informational"/><details><text value="Instance includes element that is not marked as &#39;mustSupport&#39; and was validated against profiles declaring mustSupport=true"/></details><location value="Patient/argo-sch-patient-2: Patient.meta[1] (line 4, col8)"/></issue><issue><extension url="http://hl7.org/fhir/StructureDefinition/operationoutcome-issue-source"><valueCode value="InstanceValidator"/></extension><severity value="information"/><code value="informational"/><details><text value="Instance includes element that is not marked as &#39;mustSupport&#39; and was validated against profiles declaring mustSupport=true"/></details><location value="Patient/argo-sch-patient-2: Patient.text[1] (line 0, col0)"/></issue><issue><extension url="http://hl7.org/fhir/StructureDefinition/operationoutcome-issue-source"><valueCode value="InstanceValidator"/></extension><severity value="information"/><code value="informational"/><details><text value="Instance includes element that is not marked as &#39;mustSupport&#39; and was validated against profiles declaring mustSupport=true"/></details><location value="Patient/argo-sch-patient-2: Patient.extension[1].url[1] (line 7, col80)"/></issue><issue><extension url="http://hl7.org/fhir/StructureDefinition/operationoutcome-issue-source"><valueCode value="InstanceValidator"/></extension><severity value="information"/><code value="informational"/><details><text value="Instance includes element that is not marked as &#39;mustSupport&#39; and was validated against profiles declaring mustSupport=true"/></details><location value="Patient/argo-sch-patient-2: Patient.extension[1].extension[1].url[1] (line 8, col32)"/></issue><issue><extension url="http://hl7.org/fhir/StructureDefinition/operationoutcome-issue-source"><valueCode value="InstanceValidator"/></extension><severity value="information"/><code value="informational"/><details><text value="Instance includes element that is not marked as &#39;mustSupport&#39; and was validated against profiles declaring mustSupport=true"/></details><location value="Patient/argo-sch-patient-2: Patient.extension[1].extension[1].valueCoding[1] (line 9, col17)"/></issue><issue><extension url="http://hl7.org/fhir/StructureDefinition/operationoutcome-issue-source"><valueCode value="InstanceValidator"/></extension><severity value="information"/><code value="informational"/><details><text value="Instance includes element that is not marked as &#39;mustSupport&#39; and was validated against profiles declaring mustSupport=true"/></details><location value="Patient/argo-sch-patient-2: Patient.extension[1].extension[2].url[1] (line 15, col25)"/></issue><issue><extension url="http://hl7.org/fhir/StructureDefinition/operationoutcome-issue-source"><valueCode value="InstanceValidator"/></extension><severity value="information"/><code value="informational"/><details><text value="Instance includes element that is not marked as &#39;mustSupport&#39; and was validated against profiles declaring mustSupport=true"/></details><location value="Patient/argo-sch-patient-2: Patient.extension[1].extension[2].valueString[1] (line 16, col32)"/></issue><issue><extension url="http://hl7.org/fhir/StructureDefinition/operationoutcome-issue-source"><valueCode value="InstanceValidator"/></extension><severity value="information"/><code value="informational"/><details><text value="Instance includes element that is not marked as &#39;mustSupport&#39; and was validated against profiles declaring mustSupport=true"/></details><location value="Patient/argo-sch-patient-2: Patient.extension[2].url[1] (line 19, col85)"/></issue><issue><extension url="http://hl7.org/fhir/StructureDefinition/operationoutcome-issue-source"><valueCode value="InstanceValidator"/></extension><severity value="information"/><code value="informational"/><details><text value="Instance includes element that is not marked as &#39;mustSupport&#39; and was validated against profiles declaring mustSupport=true"/></details><location value="Patient/argo-sch-patient-2: Patient.extension[2].extension[1].url[1] (line 20, col32)"/></issue><issue><extension url="http://hl7.org/fhir/StructureDefinition/operationoutcome-issue-source"><valueCode value="InstanceValidator"/></extension><severity value="information"/><code value="informational"/><details><text value="Instance includes element that is not marked as &#39;mustSupport&#39; and was validated against profiles declaring mustSupport=true"/></details><location value="Patient/argo-sch-patient-2: Patient.extension[2].extension[1].valueCoding[1] (line 21, col17)"/></issue><issue><extension url="http://hl7.org/fhir/StructureDefinition/operationoutcome-issue-source"><valueCode value="InstanceValidator"/></extension><severity value="information"/><code value="informational"/><details><text value="Instance includes element that is not marked as &#39;mustSupport&#39; and was validated against profiles declaring mustSupport=true"/></details><location value="Patient/argo-sch-patient-2: Patient.extension[2].extension[2].url[1] (line 27, col25)"/></issue><issue><extension url="http://hl7.org/fhir/StructureDefinition/operationoutcome-issue-source"><valueCode value="InstanceValidator"/></extension><severity value="information"/><code value="informational"/><details><text value="Instance includes element that is not marked as &#39;mustSupport&#39; and was validated against profiles declaring mustSupport=true"/></details><location value="Patient/argo-sch-patient-2: Patient.extension[2].extension[2].valueString[1] (line 28, col45)"/></issue><issue><extension url="http://hl7.org/fhir/StructureDefinition/operationoutcome-issue-source"><valueCode value="InstanceValidator"/></extension><severity value="information"/><code value="informational"/><details><text value="Instance includes element that is not marked as &#39;mustSupport&#39; and was validated against profiles declaring mustSupport=true"/></details><location value="Patient/argo-sch-patient-2: Patient.identifier[1].use[1] (line 35, col23)"/></issue><issue><extension url="http://hl7.org/fhir/StructureDefinition/operationoutcome-issue-source"><valueCode value="InstanceValidator"/></extension><severity value="information"/><code value="informational"/><details><text value="Instance includes element that is not marked as &#39;mustSupport&#39; and was validated against profiles declaring mustSupport=true"/></details><location value="Patient/argo-sch-patient-2: Patient.identifier[1].type[1] (line 36, col9)"/></issue><issue><extension url="http://hl7.org/fhir/StructureDefinition/operationoutcome-issue-source"><valueCode value="InstanceValidator"/></extension><severity value="information"/><code value="informational"/><details><text value="Instance includes element that is not marked as &#39;mustSupport&#39; and was validated against profiles declaring mustSupport=true"/></details><location value="Patient/argo-sch-patient-2: Patient.active[1] (line 47, col24)"/></issue><issue><extension url="http://hl7.org/fhir/StructureDefinition/operationoutcome-issue-source"><valueCode value="InstanceValidator"/></extension><severity value="information"/><code value="informational"/><details><text value="Instance includes element that is not marked as &#39;mustSupport&#39; and was validated against profiles declaring mustSupport=true"/></details><location value="Patient/argo-sch-patient-2: Patient.telecom[1] (line 53, col11)"/></issue><issue><extension url="http://hl7.org/fhir/StructureDefinition/operationoutcome-issue-source"><valueCode value="InstanceValidator"/></extension><severity value="information"/><code value="informational"/><details><text value="Instance includes element that is not marked as &#39;mustSupport&#39; and was validated against profiles declaring mustSupport=true"/></details><location value="Patient/argo-sch-patient-2: Patient.telecom[2] (line 58, col11)"/></issue><issue><extension url="http://hl7.org/fhir/StructureDefinition/operationoutcome-issue-source"><valueCode value="InstanceValidator"/></extension><severity value="information"/><code value="informational"/><details><text value="Instance includes element that is not marked as &#39;mustSupport&#39; and was validated against profiles declaring mustSupport=true"/></details><location value="Patient/argo-sch-patient-2: Patient.address[1] (line 64, col11)"/></issue></OperationOutcome></resource></entry><entry><resource><OperationOutcome><extension url="http://hl7.org/fhir/StructureDefinition/operationoutcome-file"><valueString value="C:\work\org.hl7.fhir.temp\scheduling\source\examples\practitioner-1"/></extension><issue><extension url="http://hl7.org/fhir/StructureDefinition/operationoutcome-issue-source"><valueCode value="InstanceValidator"/></extension><severity value="information"/><code value="informational"/><details><text value="Instance includes element that is not marked as &#39;mustSupport&#39; and was validated against profiles declaring mustSupport=true"/></details><location value="Practitioner/dr-y: Practitioner.id[1] (line 2, col20)"/></issue><issue><extension url="http://hl7.org/fhir/StructureDefinition/operationoutcome-issue-source"><valueCode value="InstanceValidator"/></extension><severity value="information"/><code value="informational"/><details><text value="Instance includes element that is not marked as &#39;mustSupport&#39; and was validated against profiles declaring mustSupport=true"/></details><location value="Practitioner/dr-y: Practitioner.meta[1] (line 3, col8)"/></issue><issue><extension url="http://hl7.org/fhir/StructureDefinition/operationoutcome-issue-source"><valueCode value="InstanceValidator"/></extension><severity value="information"/><code value="informational"/><details><text value="Instance includes element that is not marked as &#39;mustSupport&#39; and was validated against profiles declaring mustSupport=true"/></details><location value="Practitioner/dr-y: Practitioner.text[1] (line 0, col0)"/></issue><issue><extension url="http://hl7.org/fhir/StructureDefinition/operationoutcome-issue-source"><valueCode value="InstanceValidator"/></extension><severity value="information"/><code value="informational"/><details><text value="Instance includes element that is not marked as &#39;mustSupport&#39; and was validated against profiles declaring mustSupport=true"/></details><location value="Practitioner/dr-y: Practitioner.name[1].prefix[1] (line 16, col23)"/></issue><issue><extension url="http://hl7.org/fhir/StructureDefinition/operationoutcome-issue-source"><valueCode value="InstanceValidator"/></extension><severity value="information"/><code value="informational"/><details><text value="Instance includes element that is not marked as &#39;mustSupport&#39; and was validated against profiles declaring mustSupport=true"/></details><location value="Practitioner/dr-y: Practitioner.address[1] (line 18, col11)"/></issue></OperationOutcome></resource></entry><entry><resource><OperationOutcome><extension url="http://hl7.org/fhir/StructureDefinition/operationoutcome-file"><valueString value="C:\work\org.hl7.fhir.temp\scheduling\source\examples\proposed-appt1"/></extension><issue><extension url="http://hl7.org/fhir/StructureDefinition/operationoutcome-issue-source"><valueCode value="InstanceValidator"/></extension><severity value="information"/><code value="informational"/><details><text value="Instance includes element that is not marked as &#39;mustSupport&#39; and was validated against profiles declaring mustSupport=true"/></details><location value="Appointment/proposed-appt1: Appointment.meta[1] (line 4, col8)"/></issue><issue><extension url="http://hl7.org/fhir/StructureDefinition/operationoutcome-issue-source"><valueCode value="InstanceValidator"/></extension><severity value="information"/><code value="informational"/><details><text value="Instance includes element that is not marked as &#39;mustSupport&#39; and was validated against profiles declaring mustSupport=true"/></details><location value="Appointment/proposed-appt1: Appointment.text[1] (line 0, col0)"/></issue><issue><extension url="http://hl7.org/fhir/StructureDefinition/operationoutcome-issue-source"><valueCode value="InstanceValidator"/></extension><severity value="information"/><code value="informational"/><details><text value="Instance includes element that is not marked as &#39;mustSupport&#39; and was validated against profiles declaring mustSupport=true"/></details><location value="Appointment/proposed-appt1: Appointment.participant[1].required[1] (line 38, col31)"/></issue><issue><extension url="http://hl7.org/fhir/StructureDefinition/operationoutcome-issue-source"><valueCode value="InstanceValidator"/></extension><severity value="information"/><code value="informational"/><details><text value="Instance includes element that is not marked as &#39;mustSupport&#39; and was validated against profiles declaring mustSupport=true"/></details><location value="Appointment/proposed-appt1: Appointment.participant[2].required[1] (line 45, col31)"/></issue></OperationOutcome></resource></entry><entry><resource><OperationOutcome><extension url="http://hl7.org/fhir/StructureDefinition/operationoutcome-file"><valueString value="C:\work\org.hl7.fhir.temp\scheduling\source\examples\proposed-appt1a-1"/></extension><issue><extension url="http://hl7.org/fhir/StructureDefinition/operationoutcome-issue-source"><valueCode value="InstanceValidator"/></extension><severity value="information"/><code value="informational"/><details><text value="Instance includes element that is not marked as &#39;mustSupport&#39; and was validated against profiles declaring mustSupport=true"/></details><location value="Appointment/proposed-appt1a-1: Appointment.meta[1] (line 4, col8)"/></issue><issue><extension url="http://hl7.org/fhir/StructureDefinition/operationoutcome-issue-source"><valueCode value="InstanceValidator"/></extension><severity value="information"/><code value="informational"/><details><text value="Instance includes element that is not marked as &#39;mustSupport&#39; and was validated against profiles declaring mustSupport=true"/></details><location value="Appointment/proposed-appt1a-1: Appointment.text[1] (line 0, col0)"/></issue><issue><extension url="http://hl7.org/fhir/StructureDefinition/operationoutcome-issue-source"><valueCode value="InstanceValidator"/></extension><severity value="information"/><code value="informational"/><details><text value="Instance includes element that is not marked as &#39;mustSupport&#39; and was validated against profiles declaring mustSupport=true"/></details><location value="Appointment/proposed-appt1a-1: Appointment.participant[1].required[1] (line 30, col31)"/></issue><issue><extension url="http://hl7.org/fhir/StructureDefinition/operationoutcome-issue-source"><valueCode value="InstanceValidator"/></extension><severity value="information"/><code value="informational"/><details><text value="Instance includes element that is not marked as &#39;mustSupport&#39; and was validated against profiles declaring mustSupport=true"/></details><location value="Appointment/proposed-appt1a-1: Appointment.participant[2].required[1] (line 37, col31)"/></issue></OperationOutcome></resource></entry><entry><resource><OperationOutcome><extension url="http://hl7.org/fhir/StructureDefinition/operationoutcome-file"><valueString value="C:\work\org.hl7.fhir.temp\scheduling\source\examples\proposed-appt1a-2"/></extension><issue><extension url="http://hl7.org/fhir/StructureDefinition/operationoutcome-issue-source"><valueCode value="InstanceValidator"/></extension><severity value="information"/><code value="informational"/><details><text value="Instance includes element that is not marked as &#39;mustSupport&#39; and was validated against profiles declaring mustSupport=true"/></details><location value="Appointment/proposed-appt1a-2: Appointment.meta[1] (line 4, col8)"/></issue><issue><extension url="http://hl7.org/fhir/StructureDefinition/operationoutcome-issue-source"><valueCode value="InstanceValidator"/></extension><severity value="information"/><code value="informational"/><details><text value="Instance includes element that is not marked as &#39;mustSupport&#39; and was validated against profiles declaring mustSupport=true"/></details><location value="Appointment/proposed-appt1a-2: Appointment.text[1] (line 0, col0)"/></issue><issue><extension url="http://hl7.org/fhir/StructureDefinition/operationoutcome-issue-source"><valueCode value="InstanceValidator"/></extension><severity value="information"/><code value="informational"/><details><text value="Instance includes element that is not marked as &#39;mustSupport&#39; and was validated against profiles declaring mustSupport=true"/></details><location value="Appointment/proposed-appt1a-2: Appointment.participant[1].required[1] (line 30, col31)"/></issue><issue><extension url="http://hl7.org/fhir/StructureDefinition/operationoutcome-issue-source"><valueCode value="InstanceValidator"/></extension><severity value="information"/><code value="informational"/><details><text value="Instance includes element that is not marked as &#39;mustSupport&#39; and was validated against profiles declaring mustSupport=true"/></details><location value="Appointment/proposed-appt1a-2: Appointment.participant[2].required[1] (line 37, col31)"/></issue></OperationOutcome></resource></entry><entry><resource><OperationOutcome><extension url="http://hl7.org/fhir/StructureDefinition/operationoutcome-file"><valueString value="C:\work\org.hl7.fhir.temp\scheduling\source\examples\proposed-appt1a-3"/></extension><issue><extension url="http://hl7.org/fhir/StructureDefinition/operationoutcome-issue-source"><valueCode value="InstanceValidator"/></extension><severity value="information"/><code value="informational"/><details><text value="Instance includes element that is not marked as &#39;mustSupport&#39; and was validated against profiles declaring mustSupport=true"/></details><location value="Appointment/proposed-appt1a-3: Appointment.meta[1] (line 4, col8)"/></issue><issue><extension url="http://hl7.org/fhir/StructureDefinition/operationoutcome-issue-source"><valueCode value="InstanceValidator"/></extension><severity value="information"/><code value="informational"/><details><text value="Instance includes element that is not marked as &#39;mustSupport&#39; and was validated against profiles declaring mustSupport=true"/></details><location value="Appointment/proposed-appt1a-3: Appointment.text[1] (line 0, col0)"/></issue><issue><extension url="http://hl7.org/fhir/StructureDefinition/operationoutcome-issue-source"><valueCode value="InstanceValidator"/></extension><severity value="information"/><code value="informational"/><details><text value="Instance includes element that is not marked as &#39;mustSupport&#39; and was validated against profiles declaring mustSupport=true"/></details><location value="Appointment/proposed-appt1a-3: Appointment.participant[1].required[1] (line 30, col31)"/></issue><issue><extension url="http://hl7.org/fhir/StructureDefinition/operationoutcome-issue-source"><valueCode value="InstanceValidator"/></extension><severity value="information"/><code value="informational"/><details><text value="Instance includes element that is not marked as &#39;mustSupport&#39; and was validated against profiles declaring mustSupport=true"/></details><location value="Appointment/proposed-appt1a-3: Appointment.participant[2].required[1] (line 37, col31)"/></issue></OperationOutcome></resource></entry><entry><resource><OperationOutcome><extension url="http://hl7.org/fhir/StructureDefinition/operationoutcome-file"><valueString value="C:\work\org.hl7.fhir.temp\scheduling\source\examples\proposed-appt2"/></extension><issue><extension url="http://hl7.org/fhir/StructureDefinition/operationoutcome-issue-source"><valueCode value="InstanceValidator"/></extension><severity value="information"/><code value="informational"/><details><text value="Instance includes element that is not marked as &#39;mustSupport&#39; and was validated against profiles declaring mustSupport=true"/></details><location value="Appointment/proposed-appt2: Appointment.meta[1] (line 4, col8)"/></issue><issue><extension url="http://hl7.org/fhir/StructureDefinition/operationoutcome-issue-source"><valueCode value="InstanceValidator"/></extension><severity value="information"/><code value="informational"/><details><text value="Instance includes element that is not marked as &#39;mustSupport&#39; and was validated against profiles declaring mustSupport=true"/></details><location value="Appointment/proposed-appt2: Appointment.text[1] (line 0, col0)"/></issue><issue><extension url="http://hl7.org/fhir/StructureDefinition/operationoutcome-issue-source"><valueCode value="InstanceValidator"/></extension><severity value="information"/><code value="informational"/><details><text value="Instance includes element that is not marked as &#39;mustSupport&#39; and was validated against profiles declaring mustSupport=true"/></details><location value="Appointment/proposed-appt2: Appointment.participant[1].required[1] (line 38, col31)"/></issue><issue><extension url="http://hl7.org/fhir/StructureDefinition/operationoutcome-issue-source"><valueCode value="InstanceValidator"/></extension><severity value="information"/><code value="informational"/><details><text value="Instance includes element that is not marked as &#39;mustSupport&#39; and was validated against profiles declaring mustSupport=true"/></details><location value="Appointment/proposed-appt2: Appointment.participant[2].required[1] (line 45, col31)"/></issue></OperationOutcome></resource></entry><entry><resource><OperationOutcome><extension url="http://hl7.org/fhir/StructureDefinition/operationoutcome-file"><valueString value="C:\work\org.hl7.fhir.temp\scheduling\source\examples\proposed-appt2b-1"/></extension><issue><extension url="http://hl7.org/fhir/StructureDefinition/operationoutcome-issue-source"><valueCode value="InstanceValidator"/></extension><severity value="information"/><code value="informational"/><details><text value="Instance includes element that is not marked as &#39;mustSupport&#39; and was validated against profiles declaring mustSupport=true"/></details><location value="Appointment/proposed-appt2b-1: Appointment.meta[1] (line 4, col8)"/></issue><issue><extension url="http://hl7.org/fhir/StructureDefinition/operationoutcome-issue-source"><valueCode value="InstanceValidator"/></extension><severity value="information"/><code value="informational"/><details><text value="Instance includes element that is not marked as &#39;mustSupport&#39; and was validated against profiles declaring mustSupport=true"/></details><location value="Appointment/proposed-appt2b-1: Appointment.text[1] (line 0, col0)"/></issue><issue><extension url="http://hl7.org/fhir/StructureDefinition/operationoutcome-issue-source"><valueCode value="InstanceValidator"/></extension><severity value="information"/><code value="informational"/><details><text value="Instance includes element that is not marked as &#39;mustSupport&#39; and was validated against profiles declaring mustSupport=true"/></details><location value="Appointment/proposed-appt2b-1: Appointment.participant[1].required[1] (line 38, col31)"/></issue><issue><extension url="http://hl7.org/fhir/StructureDefinition/operationoutcome-issue-source"><valueCode value="InstanceValidator"/></extension><severity value="information"/><code value="informational"/><details><text value="Instance includes element that is not marked as &#39;mustSupport&#39; and was validated against profiles declaring mustSupport=true"/></details><location value="Appointment/proposed-appt2b-1: Appointment.participant[2].required[1] (line 45, col31)"/></issue></OperationOutcome></resource></entry><entry><resource><OperationOutcome><extension url="http://hl7.org/fhir/StructureDefinition/operationoutcome-file"><valueString value="C:\work\org.hl7.fhir.temp\scheduling\source\examples\proposed-appt2b-2"/></extension><issue><extension url="http://hl7.org/fhir/StructureDefinition/operationoutcome-issue-source"><valueCode value="InstanceValidator"/></extension><severity value="information"/><code value="informational"/><details><text value="Instance includes element that is not marked as &#39;mustSupport&#39; and was validated against profiles declaring mustSupport=true"/></details><location value="Appointment/proposed-appt2b-2: Appointment.meta[1] (line 4, col8)"/></issue><issue><extension url="http://hl7.org/fhir/StructureDefinition/operationoutcome-issue-source"><valueCode value="InstanceValidator"/></extension><severity value="information"/><code value="informational"/><details><text value="Instance includes element that is not marked as &#39;mustSupport&#39; and was validated against profiles declaring mustSupport=true"/></details><location value="Appointment/proposed-appt2b-2: Appointment.text[1] (line 0, col0)"/></issue><issue><extension url="http://hl7.org/fhir/StructureDefinition/operationoutcome-issue-source"><valueCode value="InstanceValidator"/></extension><severity value="information"/><code value="informational"/><details><text value="Instance includes element that is not marked as &#39;mustSupport&#39; and was validated against profiles declaring mustSupport=true"/></details><location value="Appointment/proposed-appt2b-2: Appointment.participant[1].required[1] (line 38, col31)"/></issue><issue><extension url="http://hl7.org/fhir/StructureDefinition/operationoutcome-issue-source"><valueCode value="InstanceValidator"/></extension><severity value="information"/><code value="informational"/><details><text value="Instance includes element that is not marked as &#39;mustSupport&#39; and was validated against profiles declaring mustSupport=true"/></details><location value="Appointment/proposed-appt2b-2: Appointment.participant[2].required[1] (line 45, col31)"/></issue></OperationOutcome></resource></entry><entry><resource><OperationOutcome><extension url="http://hl7.org/fhir/StructureDefinition/operationoutcome-file"><valueString value="C:\work\org.hl7.fhir.temp\scheduling\source\examples\proposed-appt2b-3"/></extension><issue><extension url="http://hl7.org/fhir/StructureDefinition/operationoutcome-issue-source"><valueCode value="InstanceValidator"/></extension><severity value="information"/><code value="informational"/><details><text value="Instance includes element that is not marked as &#39;mustSupport&#39; and was validated against profiles declaring mustSupport=true"/></details><location value="Appointment/proposed-appt2b-3: Appointment.meta[1] (line 4, col8)"/></issue><issue><extension url="http://hl7.org/fhir/StructureDefinition/operationoutcome-issue-source"><valueCode value="InstanceValidator"/></extension><severity value="information"/><code value="informational"/><details><text value="Instance includes element that is not marked as &#39;mustSupport&#39; and was validated against profiles declaring mustSupport=true"/></details><location value="Appointment/proposed-appt2b-3: Appointment.text[1] (line 0, col0)"/></issue><issue><extension url="http://hl7.org/fhir/StructureDefinition/operationoutcome-issue-source"><valueCode value="InstanceValidator"/></extension><severity value="information"/><code value="informational"/><details><text value="Instance includes element that is not marked as &#39;mustSupport&#39; and was validated against profiles declaring mustSupport=true"/></details><location value="Appointment/proposed-appt2b-3: Appointment.participant[1].required[1] (line 38, col31)"/></issue><issue><extension url="http://hl7.org/fhir/StructureDefinition/operationoutcome-issue-source"><valueCode value="InstanceValidator"/></extension><severity value="information"/><code value="informational"/><details><text value="Instance includes element that is not marked as &#39;mustSupport&#39; and was validated against profiles declaring mustSupport=true"/></details><location value="Appointment/proposed-appt2b-3: Appointment.participant[2].required[1] (line 45, col31)"/></issue></OperationOutcome></resource></entry><entry><resource><OperationOutcome><extension url="http://hl7.org/fhir/StructureDefinition/operationoutcome-file"><valueString value="C:\work\org.hl7.fhir.temp\scheduling\source\examples\proposed-appt3"/></extension><issue><extension url="http://hl7.org/fhir/StructureDefinition/operationoutcome-issue-source"><valueCode value="InstanceValidator"/></extension><severity value="information"/><code value="informational"/><details><text value="Instance includes element that is not marked as &#39;mustSupport&#39; and was validated against profiles declaring mustSupport=true"/></details><location value="Appointment/proposed-appt3: Appointment.meta[1] (line 4, col8)"/></issue><issue><extension url="http://hl7.org/fhir/StructureDefinition/operationoutcome-issue-source"><valueCode value="InstanceValidator"/></extension><severity value="information"/><code value="informational"/><details><text value="Instance includes element that is not marked as &#39;mustSupport&#39; and was validated against profiles declaring mustSupport=true"/></details><location value="Appointment/proposed-appt3: Appointment.text[1] (line 0, col0)"/></issue><issue><extension url="http://hl7.org/fhir/StructureDefinition/operationoutcome-issue-source"><valueCode value="InstanceValidator"/></extension><severity value="information"/><code value="informational"/><details><text value="Instance includes element that is not marked as &#39;mustSupport&#39; and was validated against profiles declaring mustSupport=true"/></details><location value="Appointment/proposed-appt3: Appointment.participant[1].required[1] (line 38, col31)"/></issue><issue><extension url="http://hl7.org/fhir/StructureDefinition/operationoutcome-issue-source"><valueCode value="InstanceValidator"/></extension><severity value="information"/><code value="informational"/><details><text value="Instance includes element that is not marked as &#39;mustSupport&#39; and was validated against profiles declaring mustSupport=true"/></details><location value="Appointment/proposed-appt3: Appointment.participant[2].required[1] (line 45, col31)"/></issue></OperationOutcome></resource></entry><entry><resource><OperationOutcome><extension url="http://hl7.org/fhir/StructureDefinition/operationoutcome-file"><valueString value="C:\work\org.hl7.fhir.temp\scheduling\source\examples\schedule-example-derm"/></extension><issue><extension url="http://hl7.org/fhir/StructureDefinition/operationoutcome-issue-source"><valueCode value="InstanceValidator"/></extension><severity value="information"/><code value="informational"/><details><text value="Instance includes element that is not marked as &#39;mustSupport&#39; and was validated against profiles declaring mustSupport=true"/></details><location value="Schedule/2017-08-28-derm: Schedule.id[1] (line 3, col31)"/></issue><issue><extension url="http://hl7.org/fhir/StructureDefinition/operationoutcome-issue-source"><valueCode value="InstanceValidator"/></extension><severity value="information"/><code value="informational"/><details><text value="Instance includes element that is not marked as &#39;mustSupport&#39; and was validated against profiles declaring mustSupport=true"/></details><location value="Schedule/2017-08-28-derm: Schedule.meta[1] (line 4, col9)"/></issue><issue><extension url="http://hl7.org/fhir/StructureDefinition/operationoutcome-issue-source"><valueCode value="InstanceValidator"/></extension><severity value="information"/><code value="informational"/><details><text value="Instance includes element that is not marked as &#39;mustSupport&#39; and was validated against profiles declaring mustSupport=true"/></details><location value="Schedule/2017-08-28-derm: Schedule.text[1] (line 0, col0)"/></issue><issue><extension url="http://hl7.org/fhir/StructureDefinition/operationoutcome-issue-source"><valueCode value="InstanceValidator"/></extension><severity value="information"/><code value="informational"/><details><text value="Instance includes element that is not marked as &#39;mustSupport&#39; and was validated against profiles declaring mustSupport=true"/></details><location value="Schedule/2017-08-28-derm: Schedule.serviceType[1] (line 8, col16)"/></issue><issue><extension url="http://hl7.org/fhir/StructureDefinition/operationoutcome-issue-source"><valueCode value="InstanceValidator"/></extension><severity value="information"/><code value="informational"/><details><text value="Instance includes element that is not marked as &#39;mustSupport&#39; and was validated against profiles declaring mustSupport=true"/></details><location value="Schedule/2017-08-28-derm: Schedule.specialty[1] (line 16, col14)"/></issue><issue><extension url="http://hl7.org/fhir/StructureDefinition/operationoutcome-issue-source"><valueCode value="InstanceValidator"/></extension><severity value="information"/><code value="informational"/><details><text value="Instance includes element that is not marked as &#39;mustSupport&#39; and was validated against profiles declaring mustSupport=true"/></details><location value="Schedule/2017-08-28-derm: Schedule.actor[1].display[1] (line 25, col38)"/></issue></OperationOutcome></resource></entry><entry><resource><OperationOutcome><extension url="http://hl7.org/fhir/StructureDefinition/operationoutcome-file"><valueString value="C:\work\org.hl7.fhir.temp\scheduling\source\examples\schedule-example1"/></extension><issue><extension url="http://hl7.org/fhir/StructureDefinition/operationoutcome-issue-source"><valueCode value="InstanceValidator"/></extension><severity value="information"/><code value="informational"/><details><text value="Instance includes element that is not marked as &#39;mustSupport&#39; and was validated against profiles declaring mustSupport=true"/></details><location value="Schedule/example1: Schedule.id[1] (line 3, col24)"/></issue><issue><extension url="http://hl7.org/fhir/StructureDefinition/operationoutcome-issue-source"><valueCode value="InstanceValidator"/></extension><severity value="information"/><code value="informational"/><details><text value="Instance includes element that is not marked as &#39;mustSupport&#39; and was validated against profiles declaring mustSupport=true"/></details><location value="Schedule/example1: Schedule.meta[1] (line 4, col9)"/></issue><issue><extension url="http://hl7.org/fhir/StructureDefinition/operationoutcome-issue-source"><valueCode value="InstanceValidator"/></extension><severity value="information"/><code value="informational"/><details><text value="Instance includes element that is not marked as &#39;mustSupport&#39; and was validated against profiles declaring mustSupport=true"/></details><location value="Schedule/example1: Schedule.text[1] (line 0, col0)"/></issue><issue><extension url="http://hl7.org/fhir/StructureDefinition/operationoutcome-issue-source"><valueCode value="InstanceValidator"/></extension><severity value="information"/><code value="informational"/><details><text value="Instance includes element that is not marked as &#39;mustSupport&#39; and was validated against profiles declaring mustSupport=true"/></details><location value="Schedule/example1: Schedule.actor[1].display[1] (line 10, col38)"/></issue></OperationOutcome></resource></entry><entry><resource><OperationOutcome><extension url="http://hl7.org/fhir/StructureDefinition/operationoutcome-file"><valueString value="C:\work\org.hl7.fhir.temp\scheduling\source\examples\slot-bundle-example"/></extension><issue><extension url="http://hl7.org/fhir/StructureDefinition/operationoutcome-issue-source"><valueCode value="InstanceValidator"/></extension><severity value="information"/><code value="informational"/><details><text value="Instance includes element that is not marked as &#39;mustSupport&#39; and was validated against profiles declaring mustSupport=true"/></details><location value="Bundle/slot-bundle-example: Bundle.id[1] (line 4, col35)"/></issue><issue><extension url="http://hl7.org/fhir/StructureDefinition/operationoutcome-issue-source"><valueCode value="InstanceValidator"/></extension><severity value="information"/><code value="informational"/><details><text value="Instance includes element that is not marked as &#39;mustSupport&#39; and was validated against profiles declaring mustSupport=true"/></details><location value="Bundle/slot-bundle-example: Bundle.meta[1] (line 5, col8)"/></issue><issue><extension url="http://hl7.org/fhir/StructureDefinition/operationoutcome-issue-source"><valueCode value="InstanceValidator"/></extension><severity value="information"/><code value="informational"/><details><text value="Instance includes element that is not marked as &#39;mustSupport&#39; and was validated against profiles declaring mustSupport=true"/></details><location value="Bundle/slot-bundle-example: Bundle.entry[1].fullUrl[1] (line 12, col77)"/></issue><issue><extension url="http://hl7.org/fhir/StructureDefinition/operationoutcome-issue-source"><valueCode value="InstanceValidator"/></extension><severity value="information"/><code value="informational"/><details><text value="Instance includes element that is not marked as &#39;mustSupport&#39; and was validated against profiles declaring mustSupport=true"/></details><location value="Bundle/slot-bundle-example: Bundle.entry[1].resource[1].meta[1] (line 16, col11)"/></issue><issue><extension url="http://hl7.org/fhir/StructureDefinition/operationoutcome-issue-source"><valueCode value="InstanceValidator"/></extension><severity value="information"/><code value="informational"/><details><text value="Instance includes element that is not marked as &#39;mustSupport&#39; and was validated against profiles declaring mustSupport=true"/></details><location value="Bundle/slot-bundle-example: Bundle.entry[1].resource[1].text[1] (line 19, col11)"/></issue><issue><extension url="http://hl7.org/fhir/StructureDefinition/operationoutcome-issue-source"><valueCode value="InstanceValidator"/></extension><severity value="information"/><code value="informational"/><details><text value="Instance includes element that is not marked as &#39;mustSupport&#39; and was validated against profiles declaring mustSupport=true"/></details><location value="Bundle/slot-bundle-example: Bundle.entry[1].resource[1].specialty[1] (line 31, col16)"/></issue><issue><extension url="http://hl7.org/fhir/StructureDefinition/operationoutcome-issue-source"><valueCode value="InstanceValidator"/></extension><severity value="information"/><code value="informational"/><details><text value="Instance includes element that is not marked as &#39;mustSupport&#39; and was validated against profiles declaring mustSupport=true"/></details><location value="Bundle/slot-bundle-example: Bundle.entry[2].fullUrl[1] (line 50, col77)"/></issue><issue><extension url="http://hl7.org/fhir/StructureDefinition/operationoutcome-issue-source"><valueCode value="InstanceValidator"/></extension><severity value="information"/><code value="informational"/><details><text value="Instance includes element that is not marked as &#39;mustSupport&#39; and was validated against profiles declaring mustSupport=true"/></details><location value="Bundle/slot-bundle-example: Bundle.entry[2].resource[1].meta[1] (line 54, col11)"/></issue><issue><extension url="http://hl7.org/fhir/StructureDefinition/operationoutcome-issue-source"><valueCode value="InstanceValidator"/></extension><severity value="information"/><code value="informational"/><details><text value="Instance includes element that is not marked as &#39;mustSupport&#39; and was validated against profiles declaring mustSupport=true"/></details><location value="Bundle/slot-bundle-example: Bundle.entry[2].resource[1].text[1] (line 57, col11)"/></issue><issue><extension url="http://hl7.org/fhir/StructureDefinition/operationoutcome-issue-source"><valueCode value="InstanceValidator"/></extension><severity value="information"/><code value="informational"/><details><text value="Instance includes element that is not marked as &#39;mustSupport&#39; and was validated against profiles declaring mustSupport=true"/></details><location value="Bundle/slot-bundle-example: Bundle.entry[2].resource[1].specialty[1] (line 69, col16)"/></issue><issue><extension url="http://hl7.org/fhir/StructureDefinition/operationoutcome-issue-source"><valueCode value="InstanceValidator"/></extension><severity value="information"/><code value="informational"/><details><text value="Instance includes element that is not marked as &#39;mustSupport&#39; and was validated against profiles declaring mustSupport=true"/></details><location value="Bundle/slot-bundle-example: Bundle.entry[3].fullUrl[1] (line 88, col77)"/></issue><issue><extension url="http://hl7.org/fhir/StructureDefinition/operationoutcome-issue-source"><valueCode value="InstanceValidator"/></extension><severity value="information"/><code value="informational"/><details><text value="Instance includes element that is not marked as &#39;mustSupport&#39; and was validated against profiles declaring mustSupport=true"/></details><location value="Bundle/slot-bundle-example: Bundle.entry[3].resource[1].meta[1] (line 92, col11)"/></issue><issue><extension url="http://hl7.org/fhir/StructureDefinition/operationoutcome-issue-source"><valueCode value="InstanceValidator"/></extension><severity value="information"/><code value="informational"/><details><text value="Instance includes element that is not marked as &#39;mustSupport&#39; and was validated against profiles declaring mustSupport=true"/></details><location value="Bundle/slot-bundle-example: Bundle.entry[3].resource[1].text[1] (line 95, col11)"/></issue><issue><extension url="http://hl7.org/fhir/StructureDefinition/operationoutcome-issue-source"><valueCode value="InstanceValidator"/></extension><severity value="information"/><code value="informational"/><details><text value="Instance includes element that is not marked as &#39;mustSupport&#39; and was validated against profiles declaring mustSupport=true"/></details><location value="Bundle/slot-bundle-example: Bundle.entry[3].resource[1].specialty[1] (line 107, col16)"/></issue><issue><extension url="http://hl7.org/fhir/StructureDefinition/operationoutcome-issue-source"><valueCode value="InstanceValidator"/></extension><severity value="information"/><code value="informational"/><details><text value="Instance includes element that is not marked as &#39;mustSupport&#39; and was validated against profiles declaring mustSupport=true"/></details><location value="Bundle/slot-bundle-example: Bundle.entry[4].fullUrl[1] (line 126, col77)"/></issue><issue><extension url="http://hl7.org/fhir/StructureDefinition/operationoutcome-issue-source"><valueCode value="InstanceValidator"/></extension><severity value="information"/><code value="informational"/><details><text value="Instance includes element that is not marked as &#39;mustSupport&#39; and was validated against profiles declaring mustSupport=true"/></details><location value="Bundle/slot-bundle-example: Bundle.entry[4].resource[1].meta[1] (line 130, col11)"/></issue><issue><extension url="http://hl7.org/fhir/StructureDefinition/operationoutcome-issue-source"><valueCode value="InstanceValidator"/></extension><severity value="information"/><code value="informational"/><details><text value="Instance includes element that is not marked as &#39;mustSupport&#39; and was validated against profiles declaring mustSupport=true"/></details><location value="Bundle/slot-bundle-example: Bundle.entry[4].resource[1].text[1] (line 133, col11)"/></issue><issue><extension url="http://hl7.org/fhir/StructureDefinition/operationoutcome-issue-source"><valueCode value="InstanceValidator"/></extension><severity value="information"/><code value="informational"/><details><text value="Instance includes element that is not marked as &#39;mustSupport&#39; and was validated against profiles declaring mustSupport=true"/></details><location value="Bundle/slot-bundle-example: Bundle.entry[4].resource[1].specialty[1] (line 145, col16)"/></issue><issue><extension url="http://hl7.org/fhir/StructureDefinition/operationoutcome-issue-source"><valueCode value="InstanceValidator"/></extension><severity value="information"/><code value="informational"/><details><text value="Instance includes element that is not marked as &#39;mustSupport&#39; and was validated against profiles declaring mustSupport=true"/></details><location value="Bundle/slot-bundle-example: Bundle.entry[5].fullUrl[1] (line 164, col77)"/></issue><issue><extension url="http://hl7.org/fhir/StructureDefinition/operationoutcome-issue-source"><valueCode value="InstanceValidator"/></extension><severity value="information"/><code value="informational"/><details><text value="Instance includes element that is not marked as &#39;mustSupport&#39; and was validated against profiles declaring mustSupport=true"/></details><location value="Bundle/slot-bundle-example: Bundle.entry[5].resource[1].meta[1] (line 168, col11)"/></issue><issue><extension url="http://hl7.org/fhir/StructureDefinition/operationoutcome-issue-source"><valueCode value="InstanceValidator"/></extension><severity value="information"/><code value="informational"/><details><text value="Instance includes element that is not marked as &#39;mustSupport&#39; and was validated against profiles declaring mustSupport=true"/></details><location value="Bundle/slot-bundle-example: Bundle.entry[5].resource[1].text[1] (line 171, col11)"/></issue><issue><extension url="http://hl7.org/fhir/StructureDefinition/operationoutcome-issue-source"><valueCode value="InstanceValidator"/></extension><severity value="information"/><code value="informational"/><details><text value="Instance includes element that is not marked as &#39;mustSupport&#39; and was validated against profiles declaring mustSupport=true"/></details><location value="Bundle/slot-bundle-example: Bundle.entry[5].resource[1].specialty[1] (line 183, col16)"/></issue><issue><extension url="http://hl7.org/fhir/StructureDefinition/operationoutcome-issue-source"><valueCode value="InstanceValidator"/></extension><severity value="information"/><code value="informational"/><details><text value="Instance includes element that is not marked as &#39;mustSupport&#39; and was validated against profiles declaring mustSupport=true"/></details><location value="Bundle/slot-bundle-example: Bundle.entry[6].fullUrl[1] (line 202, col77)"/></issue><issue><extension url="http://hl7.org/fhir/StructureDefinition/operationoutcome-issue-source"><valueCode value="InstanceValidator"/></extension><severity value="information"/><code value="informational"/><details><text value="Instance includes element that is not marked as &#39;mustSupport&#39; and was validated against profiles declaring mustSupport=true"/></details><location value="Bundle/slot-bundle-example: Bundle.entry[6].resource[1].meta[1] (line 206, col11)"/></issue><issue><extension url="http://hl7.org/fhir/StructureDefinition/operationoutcome-issue-source"><valueCode value="InstanceValidator"/></extension><severity value="information"/><code value="informational"/><details><text value="Instance includes element that is not marked as &#39;mustSupport&#39; and was validated against profiles declaring mustSupport=true"/></details><location value="Bundle/slot-bundle-example: Bundle.entry[6].resource[1].text[1] (line 209, col11)"/></issue><issue><extension url="http://hl7.org/fhir/StructureDefinition/operationoutcome-issue-source"><valueCode value="InstanceValidator"/></extension><severity value="information"/><code value="informational"/><details><text value="Instance includes element that is not marked as &#39;mustSupport&#39; and was validated against profiles declaring mustSupport=true"/></details><location value="Bundle/slot-bundle-example: Bundle.entry[6].resource[1].specialty[1] (line 221, col16)"/></issue><issue><extension url="http://hl7.org/fhir/StructureDefinition/operationoutcome-issue-source"><valueCode value="InstanceValidator"/></extension><severity value="information"/><code value="informational"/><details><text value="Instance includes element that is not marked as &#39;mustSupport&#39; and was validated against profiles declaring mustSupport=true"/></details><location value="Bundle/slot-bundle-example: Bundle.entry[7].fullUrl[1] (line 240, col77)"/></issue><issue><extension url="http://hl7.org/fhir/StructureDefinition/operationoutcome-issue-source"><valueCode value="InstanceValidator"/></extension><severity value="information"/><code value="informational"/><details><text value="Instance includes element that is not marked as &#39;mustSupport&#39; and was validated against profiles declaring mustSupport=true"/></details><location value="Bundle/slot-bundle-example: Bundle.entry[7].resource[1].meta[1] (line 244, col11)"/></issue><issue><extension url="http://hl7.org/fhir/StructureDefinition/operationoutcome-issue-source"><valueCode value="InstanceValidator"/></extension><severity value="information"/><code value="informational"/><details><text value="Instance includes element that is not marked as &#39;mustSupport&#39; and was validated against profiles declaring mustSupport=true"/></details><location value="Bundle/slot-bundle-example: Bundle.entry[7].resource[1].text[1] (line 247, col11)"/></issue><issue><extension url="http://hl7.org/fhir/StructureDefinition/operationoutcome-issue-source"><valueCode value="InstanceValidator"/></extension><severity value="information"/><code value="informational"/><details><text value="Instance includes element that is not marked as &#39;mustSupport&#39; and was validated against profiles declaring mustSupport=true"/></details><location value="Bundle/slot-bundle-example: Bundle.entry[7].resource[1].specialty[1] (line 259, col16)"/></issue><issue><extension url="http://hl7.org/fhir/StructureDefinition/operationoutcome-issue-source"><valueCode value="InstanceValidator"/></extension><severity value="information"/><code value="informational"/><details><text value="Instance includes element that is not marked as &#39;mustSupport&#39; and was validated against profiles declaring mustSupport=true"/></details><location value="Bundle/slot-bundle-example: Bundle.entry[8].fullUrl[1] (line 278, col77)"/></issue><issue><extension url="http://hl7.org/fhir/StructureDefinition/operationoutcome-issue-source"><valueCode value="InstanceValidator"/></extension><severity value="information"/><code value="informational"/><details><text value="Instance includes element that is not marked as &#39;mustSupport&#39; and was validated against profiles declaring mustSupport=true"/></details><location value="Bundle/slot-bundle-example: Bundle.entry[8].resource[1].meta[1] (line 282, col11)"/></issue><issue><extension url="http://hl7.org/fhir/StructureDefinition/operationoutcome-issue-source"><valueCode value="InstanceValidator"/></extension><severity value="information"/><code value="informational"/><details><text value="Instance includes element that is not marked as &#39;mustSupport&#39; and was validated against profiles declaring mustSupport=true"/></details><location value="Bundle/slot-bundle-example: Bundle.entry[8].resource[1].text[1] (line 285, col11)"/></issue><issue><extension url="http://hl7.org/fhir/StructureDefinition/operationoutcome-issue-source"><valueCode value="InstanceValidator"/></extension><severity value="information"/><code value="informational"/><details><text value="Instance includes element that is not marked as &#39;mustSupport&#39; and was validated against profiles declaring mustSupport=true"/></details><location value="Bundle/slot-bundle-example: Bundle.entry[8].resource[1].specialty[1] (line 297, col16)"/></issue><issue><extension url="http://hl7.org/fhir/StructureDefinition/operationoutcome-issue-source"><valueCode value="InstanceValidator"/></extension><severity value="information"/><code value="informational"/><details><text value="Instance includes element that is not marked as &#39;mustSupport&#39; and was validated against profiles declaring mustSupport=true"/></details><location value="Bundle/slot-bundle-example: Bundle.entry[9].fullUrl[1] (line 316, col83)"/></issue></OperationOutcome></resource></entry><entry><resource><OperationOutcome><extension url="http://hl7.org/fhir/StructureDefinition/operationoutcome-file"><valueString value="C:\work\org.hl7.fhir.temp\scheduling\source\examples\slot-example1"/></extension><issue><extension url="http://hl7.org/fhir/StructureDefinition/operationoutcome-issue-source"><valueCode value="InstanceValidator"/></extension><severity value="information"/><code value="informational"/><details><text value="Instance includes element that is not marked as &#39;mustSupport&#39; and was validated against profiles declaring mustSupport=true"/></details><location value="Slot/2017-09-07T154500-arg-s-6: Slot.meta[1] (line 4, col11)"/></issue><issue><extension url="http://hl7.org/fhir/StructureDefinition/operationoutcome-issue-source"><valueCode value="InstanceValidator"/></extension><severity value="information"/><code value="informational"/><details><text value="Instance includes element that is not marked as &#39;mustSupport&#39; and was validated against profiles declaring mustSupport=true"/></details><location value="Slot/2017-09-07T154500-arg-s-6: Slot.text[1] (line 0, col0)"/></issue><issue><extension url="http://hl7.org/fhir/StructureDefinition/operationoutcome-issue-source"><valueCode value="InstanceValidator"/></extension><severity value="information"/><code value="informational"/><details><text value="Instance includes element that is not marked as &#39;mustSupport&#39; and was validated against profiles declaring mustSupport=true"/></details><location value="Slot/2017-09-07T154500-arg-s-6: Slot.specialty[1] (line 15, col16)"/></issue></OperationOutcome></resource></entry><entry><resource><OperationOutcome><extension url="http://hl7.org/fhir/StructureDefinition/operationoutcome-file"><valueString value="C:\work\org.hl7.fhir.temp\scheduling\source\examples\subscription-example"/></extension><issue><extension url="http://hl7.org/fhir/StructureDefinition/operationoutcome-issue-source"><valueCode value="InstanceValidator"/></extension><severity value="information"/><code value="informational"/><details><text value="Instance includes element that is not marked as &#39;mustSupport&#39; and was validated against profiles declaring mustSupport=true"/></details><location value="Subscription/example: Subscription.id[1] (line 3, col23)"/></issue><issue><extension url="http://hl7.org/fhir/StructureDefinition/operationoutcome-issue-source"><valueCode value="InstanceValidator"/></extension><severity value="information"/><code value="informational"/><details><text value="Instance includes element that is not marked as &#39;mustSupport&#39; and was validated against profiles declaring mustSupport=true"/></details><location value="Subscription/example: Subscription.meta[1] (line 4, col9)"/></issue><issue><extension url="http://hl7.org/fhir/StructureDefinition/operationoutcome-issue-source"><valueCode value="InstanceValidator"/></extension><severity value="information"/><code value="informational"/><details><text value="Instance includes element that is not marked as &#39;mustSupport&#39; and was validated against profiles declaring mustSupport=true"/></details><location value="Subscription/example: Subscription.text[1] (line 0, col0)"/></issue><issue><extension url="http://hl7.org/fhir/StructureDefinition/operationoutcome-issue-source"><valueCode value="InstanceValidator"/></extension><severity value="information"/><code value="informational"/><details><text value="Instance includes element that is not marked as &#39;mustSupport&#39; and was validated against profiles declaring mustSupport=true"/></details><location value="Subscription/example: Subscription.status[1] (line 8, col26)"/></issue><issue><extension url="http://hl7.org/fhir/StructureDefinition/operationoutcome-issue-source"><valueCode value="InstanceValidator"/></extension><severity value="information"/><code value="informational"/><details><text value="Instance includes element that is not marked as &#39;mustSupport&#39; and was validated against profiles declaring mustSupport=true"/></details><location value="Subscription/example: Subscription.reason[1] (line 9, col106)"/></issue><issue><extension url="http://hl7.org/fhir/StructureDefinition/operationoutcome-issue-source"><valueCode value="InstanceValidator"/></extension><severity value="information"/><code value="informational"/><details><text value="Instance includes element that is not marked as &#39;mustSupport&#39; and was validated against profiles declaring mustSupport=true"/></details><location value="Subscription/example: Subscription.criteria[1].extension[2].url[1] (line 14, col117)"/></issue><issue><extension url="http://hl7.org/fhir/StructureDefinition/operationoutcome-issue-source"><valueCode value="InstanceValidator"/></extension><severity value="information"/><code value="informational"/><details><text value="Instance includes element that is not marked as &#39;mustSupport&#39; and was validated against profiles declaring mustSupport=true"/></details><location value="Subscription/example: Subscription.channel[1].extension[1].url[1] (line 19, col121)"/></issue><issue><extension url="http://hl7.org/fhir/StructureDefinition/operationoutcome-issue-source"><valueCode value="InstanceValidator"/></extension><severity value="information"/><code value="informational"/><details><text value="Instance includes element that is not marked as &#39;mustSupport&#39; and was validated against profiles declaring mustSupport=true"/></details><location value="Subscription/example: Subscription.channel[1].type[1] (line 22, col28)"/></issue><issue><extension url="http://hl7.org/fhir/StructureDefinition/operationoutcome-issue-source"><valueCode value="InstanceValidator"/></extension><severity value="information"/><code value="informational"/><details><text value="Instance includes element that is not marked as &#39;mustSupport&#39; and was validated against profiles declaring mustSupport=true"/></details><location value="Subscription/example: Subscription.channel[1].payload[1] (line 24, col43)"/></issue></OperationOutcome></resource></entry></Bundle>