<?xml version="1.0" encoding="UTF-8"?>

<StructureDefinition xmlns="http://hl7.org/fhir">
  <id value="argo-sub-notif"/>
  <text>
    <status value="generated"/><div xmlns="http://www.w3.org/1999/xhtml"><table border="0" cellpadding="0" cellspacing="0" style="border: 0px #F0F0F0 solid; font-size: 11px; font-family: verdana; vertical-align: top;"><tr style="border: 1px #F0F0F0 solid; font-size: 11px; font-family: verdana; vertical-align: top;"><th style="vertical-align: top; text-align : left; background-color: white; border: 0px #F0F0F0 solid; padding:0px 4px 0px 4px" class="hierarchy"><a href="http://hl7.org/fhir/STU3/formats.html#table" title="The logical name of the element">Name</a></th><th style="vertical-align: top; text-align : left; background-color: white; border: 0px #F0F0F0 solid; padding:0px 4px 0px 4px" class="hierarchy"><a href="http://hl7.org/fhir/STU3/formats.html#table" title="Information about the use of the element">Flags</a></th><th style="vertical-align: top; text-align : left; background-color: white; border: 0px #F0F0F0 solid; padding:0px 4px 0px 4px" class="hierarchy"><a href="http://hl7.org/fhir/STU3/formats.html#table" title="Minimum and Maximum # of times the the element can appear in the instance">Card.</a></th><th style="width: 100px" class="hierarchy"><a href="http://hl7.org/fhir/STU3/formats.html#table" title="Reference to the type of the element">Type</a></th><th style="vertical-align: top; text-align : left; background-color: white; border: 0px #F0F0F0 solid; padding:0px 4px 0px 4px" class="hierarchy"><a href="http://hl7.org/fhir/STU3/formats.html#table" title="Additional information about the element">Description &amp; Constraints</a><span style="float: right"><a href="http://hl7.org/fhir/STU3/formats.html#table" title="Legend for this format"><img src="http://hl7.org/fhir/STU3/help16.png" alt="doco" style="background-color: inherit"/></a></span></th></tr><tr style="border: 0px #F0F0F0 solid; padding:0px; vertical-align: top; background-color: white;"><td style="vertical-align: top; text-align : left; background-color: white; border: 0px #F0F0F0 solid; padding:0px 4px 0px 4px; white-space: nowrap; background-image: url(tbl_bck1.png)" class="hierarchy"><img src="tbl_spacer.png" alt="." style="background-color: inherit" class="hierarchy"/><img src="icon_element.gif" alt="." style="background-color: white; background-color: inherit" title="Element" class="hierarchy"/> <a href="StructureDefinition-argo-sub-notif-definitions.html#Subscription" title="null">Subscription</a><a name="Subscription"> </a></td><td style="vertical-align: top; text-align : left; background-color: white; border: 0px #F0F0F0 solid; padding:0px 4px 0px 4px" class="hierarchy"/><td style="vertical-align: top; text-align : left; background-color: white; border: 0px #F0F0F0 solid; padding:0px 4px 0px 4px" class="hierarchy"><span style="opacity: 0.4">0</span><span style="opacity: 0.5">..</span><span style="opacity: 0.4">*</span></td><td style="vertical-align: top; text-align : left; background-color: white; border: 0px #F0F0F0 solid; padding:0px 4px 0px 4px" class="hierarchy"/><td style="vertical-align: top; text-align : left; background-color: white; border: 0px #F0F0F0 solid; padding:0px 4px 0px 4px" class="hierarchy"/></tr>
<tr style="border: 0px #F0F0F0 solid; padding:0px; vertical-align: top; background-color: white;"><td style="vertical-align: top; text-align : left; background-color: white; border: 0px #F0F0F0 solid; padding:0px 4px 0px 4px; white-space: nowrap; background-image: url(tbl_bck11.png)" class="hierarchy"><img src="tbl_spacer.png" alt="." style="background-color: inherit" class="hierarchy"/><img src="tbl_vjoin.png" alt="." style="background-color: inherit" class="hierarchy"/><img src="icon_element.gif" alt="." style="background-color: white; background-color: inherit" title="Element" class="hierarchy"/> <a href="StructureDefinition-argo-sub-notif-definitions.html#Subscription.criteria" title="null">criteria</a><a name="Subscription.criteria"> </a></td><td style="vertical-align: top; text-align : left; background-color: white; border: 0px #F0F0F0 solid; padding:0px 4px 0px 4px" class="hierarchy"><span style="padding-left: 3px; padding-right: 3px; color: white; background-color: red" title="This element must be supported">S</span></td><td style="vertical-align: top; text-align : left; background-color: white; border: 0px #F0F0F0 solid; padding:0px 4px 0px 4px" class="hierarchy"><span style="opacity: 0.4">1</span><span style="opacity: 0.5">..</span><span style="opacity: 0.4">1</span></td><td style="vertical-align: top; text-align : left; background-color: white; border: 0px #F0F0F0 solid; padding:0px 4px 0px 4px" class="hierarchy"><a style="opacity: 0.4" href="http://hl7.org/fhir/STU3/datatypes.html#string">string</a></td><td style="vertical-align: top; text-align : left; background-color: white; border: 0px #F0F0F0 solid; padding:0px 4px 0px 4px" class="hierarchy"/></tr>
<tr style="border: 0px #F0F0F0 solid; padding:0px; vertical-align: top; background-color: white;"><td style="vertical-align: top; text-align : left; background-color: white; border: 0px #F0F0F0 solid; padding:0px 4px 0px 4px; white-space: nowrap; background-image: url(tbl_bck114.png)" class="hierarchy"><img src="tbl_spacer.png" alt="." style="background-color: inherit" class="hierarchy"/><img src="tbl_vline.png" alt="." style="background-color: inherit" class="hierarchy"/><img src="tbl_vjoin.png" alt="." style="background-color: inherit" class="hierarchy"/><img src="icon_extension_simple.png" alt="." style="background-color: white; background-color: inherit" title="Simple Extension" class="hierarchy"/> <a href="StructureDefinition-argo-sub-notif-definitions.html#Subscription.criteria.extension:trigger-description" title="Extension URL = http://fhir.org/guides/argonaut-scheduling/StructureDefinition/extension-subscription-triggerevent">extension-subscription-triggerevent</a><a name="Subscription.criteria.extension"> </a></td><td style="vertical-align: top; text-align : left; background-color: white; border: 0px #F0F0F0 solid; padding:0px 4px 0px 4px" class="hierarchy"><span style="padding-left: 3px; padding-right: 3px; color: white; background-color: red" title="This element must be supported">S</span></td><td style="vertical-align: top; text-align : left; background-color: white; border: 0px #F0F0F0 solid; padding:0px 4px 0px 4px" class="hierarchy">1..*</td><td style="vertical-align: top; text-align : left; background-color: white; border: 0px #F0F0F0 solid; padding:0px 4px 0px 4px" class="hierarchy"><a href="http://hl7.org/fhir/STU3/datatypes.html#string">string</a></td><td style="vertical-align: top; text-align : left; background-color: white; border: 0px #F0F0F0 solid; padding:0px 4px 0px 4px" class="hierarchy">Subscription Trigger Event Description Extension<br/><span style="font-weight:bold">URL: </span><a href="http://hl7.org/fhir/STU3/StructureDefinition-extension-subscription-triggerevent.html">http://fhir.org/guides/argonaut-scheduling/StructureDefinition/extension-subscription-triggerevent</a></td></tr>
<tr style="border: 0px #F0F0F0 solid; padding:0px; vertical-align: top; background-color: white;"><td style="vertical-align: top; text-align : left; background-color: white; border: 0px #F0F0F0 solid; padding:0px 4px 0px 4px; white-space: nowrap; background-image: url(tbl_bck114.png)" class="hierarchy"><img src="tbl_spacer.png" alt="." style="background-color: inherit" class="hierarchy"/><img src="tbl_vline.png" alt="." style="background-color: inherit" class="hierarchy"/><img src="tbl_vjoin.png" alt="." style="background-color: inherit" class="hierarchy"/><img src="icon_extension_simple.png" alt="." style="background-color: white; background-color: inherit" title="Simple Extension" class="hierarchy"/> <a href="StructureDefinition-argo-sub-notif-definitions.html#Subscription.criteria.extension:trigger-fhirpath" title="Extension URL = http://hl7.org/fhir/StructureDefinition/cqif-fhirPathExpression">cqif-fhirPathExpression</a><a name="Subscription.criteria.extension"> </a></td><td style="vertical-align: top; text-align : left; background-color: white; border: 0px #F0F0F0 solid; padding:0px 4px 0px 4px" class="hierarchy"/><td style="vertical-align: top; text-align : left; background-color: white; border: 0px #F0F0F0 solid; padding:0px 4px 0px 4px" class="hierarchy"><span style="opacity: 0.4">0</span><span style="opacity: 0.5">..</span><span style="opacity: 0.4">*</span></td><td style="vertical-align: top; text-align : left; background-color: white; border: 0px #F0F0F0 solid; padding:0px 4px 0px 4px" class="hierarchy"><a href="http://hl7.org/fhir/STU3/datatypes.html#string">string</a></td><td style="vertical-align: top; text-align : left; background-color: white; border: 0px #F0F0F0 solid; padding:0px 4px 0px 4px" class="hierarchy">Subscription Trigger Event FHIRPath Extension<br/><span style="font-weight:bold">URL: </span><a href="http://hl7.org/fhir/STU3/cqif/extension-cqif-fhirpathexpression.html">http://hl7.org/fhir/StructureDefinition/cqif-fhirPathExpression</a><br/></td></tr>
<tr style="border: 0px #F0F0F0 solid; padding:0px; vertical-align: top; background-color: white;"><td style="vertical-align: top; text-align : left; background-color: white; border: 0px #F0F0F0 solid; padding:0px 4px 0px 4px; white-space: nowrap; background-image: url(tbl_bck105.png)" class="hierarchy"><img src="tbl_spacer.png" alt="." style="background-color: inherit" class="hierarchy"/><img src="tbl_vline.png" alt="." style="background-color: inherit" class="hierarchy"/><img src="tbl_vjoin_end.png" alt="." style="background-color: inherit" class="hierarchy"/><img src="icon_extension_simple.png" alt="." style="background-color: white; background-color: inherit" title="Simple Extension" class="hierarchy"/> <a href="StructureDefinition-argo-sub-notif-definitions.html#Subscription.criteria.extension:event-focus" title="Extension URL = http://fhir.org/guides/argonaut-scheduling/StructureDefinition/extension-subscription-eventfocus">extension-subscription-eventfocus</a><a name="Subscription.criteria.extension"> </a></td><td style="vertical-align: top; text-align : left; background-color: white; border: 0px #F0F0F0 solid; padding:0px 4px 0px 4px" class="hierarchy"><span style="padding-left: 3px; padding-right: 3px; color: white; background-color: red" title="This element must be supported">S</span></td><td style="vertical-align: top; text-align : left; background-color: white; border: 0px #F0F0F0 solid; padding:0px 4px 0px 4px" class="hierarchy">1..*</td><td style="vertical-align: top; text-align : left; background-color: white; border: 0px #F0F0F0 solid; padding:0px 4px 0px 4px" class="hierarchy"><a href="http://hl7.org/fhir/STU3/datatypes.html#code">code</a></td><td style="vertical-align: top; text-align : left; background-color: white; border: 0px #F0F0F0 solid; padding:0px 4px 0px 4px" class="hierarchy">Subscription Event Focus Extension<br/><span style="font-weight:bold">URL: </span><a href="http://hl7.org/fhir/STU3/StructureDefinition-extension-subscription-eventfocus.html">http://fhir.org/guides/argonaut-scheduling/StructureDefinition/extension-subscription-eventfocus</a><br/><span style="font-weight:bold">Binding: </span><a href="http://hl7.org/fhir/STU3/valueset-all-types.html">FHIRAllTypes</a> (<a href="http://hl7.org/fhir/STU3/terminologies.html#required" title="To be conformant, the concept in this element SHALL be from the specified value set">required</a>)</td></tr>
<tr style="border: 0px #F0F0F0 solid; padding:0px; vertical-align: top; background-color: white;"><td style="vertical-align: top; text-align : left; background-color: white; border: 0px #F0F0F0 solid; padding:0px 4px 0px 4px; white-space: nowrap; background-image: url(tbl_bck1044.png)" class="hierarchy"><img src="tbl_spacer.png" alt="." style="background-color: inherit" class="hierarchy"/><img src="tbl_vline.png" alt="." style="background-color: inherit" class="hierarchy"/><img src="tbl_blank.png" alt="." style="background-color: inherit" class="hierarchy"/><img src="tbl_vjoin_end_slice.png" alt="." style="background-color: inherit" class="hierarchy"/><img src="icon_element.gif" alt="." style="background-color: white; background-color: inherit" title="Element" class="hierarchy"/> <a href="StructureDefinition-argo-sub-notif-definitions.html#Subscription.criteria.extension:event-focus.valueCode:valuecode" title="Slice valueCode: null">valueCode</a><a name="Subscription.criteria.extension.valueCode"> </a></td><td style="vertical-align: top; text-align : left; background-color: white; border: 0px #F0F0F0 solid; padding:0px 4px 0px 4px" class="hierarchy"><span style="padding-left: 3px; padding-right: 3px; color: white; background-color: red" title="This element must be supported">S</span></td><td style="vertical-align: top; text-align : left; background-color: white; border: 0px #F0F0F0 solid; padding:0px 4px 0px 4px" class="hierarchy">1..1</td><td style="vertical-align: top; text-align : left; background-color: white; border: 0px #F0F0F0 solid; padding:0px 4px 0px 4px" class="hierarchy"><a style="opacity: 0.4" href="http://hl7.org/fhir/STU3/datatypes.html#code">code</a></td><td style="vertical-align: top; text-align : left; background-color: white; border: 0px #F0F0F0 solid; padding:0px 4px 0px 4px" class="hierarchy"><span style="font-weight:bold">Fixed Value: </span><span style="color: darkgreen">Slot</span></td></tr>
<tr style="border: 0px #F0F0F0 solid; padding:0px; vertical-align: top; background-color: white;"><td style="vertical-align: top; text-align : left; background-color: white; border: 0px #F0F0F0 solid; padding:0px 4px 0px 4px; white-space: nowrap; background-image: url(tbl_bck01.png)" class="hierarchy"><img src="tbl_spacer.png" alt="." style="background-color: inherit" class="hierarchy"/><img src="tbl_vjoin_end.png" alt="." style="background-color: inherit" class="hierarchy"/><img src="icon_element.gif" alt="." style="background-color: white; background-color: inherit" title="Element" class="hierarchy"/> <a href="StructureDefinition-argo-sub-notif-definitions.html#Subscription.channel" title="null">channel</a><a name="Subscription.channel"> </a></td><td style="vertical-align: top; text-align : left; background-color: white; border: 0px #F0F0F0 solid; padding:0px 4px 0px 4px" class="hierarchy"><span style="padding-left: 3px; padding-right: 3px; color: white; background-color: red" title="This element must be supported">S</span></td><td style="vertical-align: top; text-align : left; background-color: white; border: 0px #F0F0F0 solid; padding:0px 4px 0px 4px" class="hierarchy"><span style="opacity: 0.4">1</span><span style="opacity: 0.5">..</span><span style="opacity: 0.4">1</span></td><td style="vertical-align: top; text-align : left; background-color: white; border: 0px #F0F0F0 solid; padding:0px 4px 0px 4px" class="hierarchy"><a style="opacity: 0.4" href="http://hl7.org/fhir/STU3/datatypes.html#BackboneElement">BackboneElement</a></td><td style="vertical-align: top; text-align : left; background-color: white; border: 0px #F0F0F0 solid; padding:0px 4px 0px 4px" class="hierarchy"/></tr>
<tr style="border: 0px #F0F0F0 solid; padding:0px; vertical-align: top; background-color: white;"><td style="vertical-align: top; text-align : left; background-color: white; border: 0px #F0F0F0 solid; padding:0px 4px 0px 4px; white-space: nowrap; background-image: url(tbl_bck015.png)" class="hierarchy"><img src="tbl_spacer.png" alt="." style="background-color: inherit" class="hierarchy"/><img src="tbl_blank.png" alt="." style="background-color: inherit" class="hierarchy"/><img src="tbl_vjoin.png" alt="." style="background-color: inherit" class="hierarchy"/><img src="icon_extension_simple.png" alt="." style="background-color: white; background-color: inherit" title="Simple Extension" class="hierarchy"/> <a href="StructureDefinition-argo-sub-notif-definitions.html#Subscription.channel.extension:payload-profile" title="Extension URL = http://fhir.org/guides/argonaut-scheduling/StructureDefinition/extension-subscription-payloadprofile">extension-subscription-payloadprofile</a><a name="Subscription.channel.extension"> </a></td><td style="vertical-align: top; text-align : left; background-color: white; border: 0px #F0F0F0 solid; padding:0px 4px 0px 4px" class="hierarchy"><span style="padding-left: 3px; padding-right: 3px; color: white; background-color: red" title="This element must be supported">S</span></td><td style="vertical-align: top; text-align : left; background-color: white; border: 0px #F0F0F0 solid; padding:0px 4px 0px 4px" class="hierarchy">1..*</td><td style="vertical-align: top; text-align : left; background-color: white; border: 0px #F0F0F0 solid; padding:0px 4px 0px 4px" class="hierarchy"><a href="http://hl7.org/fhir/STU3/datatypes.html#uri">uri</a></td><td style="vertical-align: top; text-align : left; background-color: white; border: 0px #F0F0F0 solid; padding:0px 4px 0px 4px" class="hierarchy">Subscription Payload Profile Extension<br/><span style="font-weight:bold">URL: </span><a href="http://hl7.org/fhir/STU3/StructureDefinition-extension-subscription-payloadprofile.html">http://fhir.org/guides/argonaut-scheduling/StructureDefinition/extension-subscription-payloadprofile</a></td></tr>
<tr style="border: 0px #F0F0F0 solid; padding:0px; vertical-align: top; background-color: white;"><td style="vertical-align: top; text-align : left; background-color: white; border: 0px #F0F0F0 solid; padding:0px 4px 0px 4px; white-space: nowrap; background-image: url(tbl_bck0144.png)" class="hierarchy"><img src="tbl_spacer.png" alt="." style="background-color: inherit" class="hierarchy"/><img src="tbl_blank.png" alt="." style="background-color: inherit" class="hierarchy"/><img src="tbl_vline.png" alt="." style="background-color: inherit" class="hierarchy"/><img src="tbl_vjoin_end_slice.png" alt="." style="background-color: inherit" class="hierarchy"/><img src="icon_element.gif" alt="." style="background-color: white; background-color: inherit" title="Element" class="hierarchy"/> <a href="StructureDefinition-argo-sub-notif-definitions.html#Subscription.channel.extension:payload-profile.valueUri:valueuri" title="Slice valueUri: The uri of payload when sending notifications to a subscriber.">valueUri</a><a name="Subscription.channel.extension.valueUri"> </a></td><td style="vertical-align: top; text-align : left; background-color: white; border: 0px #F0F0F0 solid; padding:0px 4px 0px 4px" class="hierarchy"><span style="padding-left: 3px; padding-right: 3px; color: white; background-color: red" title="This element must be supported">S</span></td><td style="vertical-align: top; text-align : left; background-color: white; border: 0px #F0F0F0 solid; padding:0px 4px 0px 4px" class="hierarchy">1..1</td><td style="vertical-align: top; text-align : left; background-color: white; border: 0px #F0F0F0 solid; padding:0px 4px 0px 4px" class="hierarchy"><a style="opacity: 0.4" href="http://hl7.org/fhir/STU3/datatypes.html#uri">uri</a></td><td style="vertical-align: top; text-align : left; background-color: white; border: 0px #F0F0F0 solid; padding:0px 4px 0px 4px" class="hierarchy">Payload profile URI<br/><span style="font-weight:bold">Fixed Value: </span><span style="color: darkgreen">http://fhir.org/guides/argonaut-scheduling/StructureDefinition/argo-sched-notif</span></td></tr>
<tr style="border: 0px #F0F0F0 solid; padding:0px; vertical-align: top; background-color: white;"><td style="vertical-align: top; text-align : left; background-color: white; border: 0px #F0F0F0 solid; padding:0px 4px 0px 4px; white-space: nowrap; background-image: url(tbl_bck000.png)" class="hierarchy"><img src="tbl_spacer.png" alt="." style="background-color: inherit" class="hierarchy"/><img src="tbl_blank.png" alt="." style="background-color: inherit" class="hierarchy"/><img src="tbl_vjoin_end.png" alt="." style="background-color: inherit" class="hierarchy"/><img src="icon_element.gif" alt="." style="background-color: white; background-color: inherit" title="Element" class="hierarchy"/> <a href="StructureDefinition-argo-sub-notif-definitions.html#Subscription.channel.endpoint" title="null">endpoint</a><a name="Subscription.channel.endpoint"> </a></td><td style="vertical-align: top; text-align : left; background-color: white; border: 0px #F0F0F0 solid; padding:0px 4px 0px 4px" class="hierarchy"><span style="padding-left: 3px; padding-right: 3px; color: white; background-color: red" title="This element must be supported">S</span></td><td style="vertical-align: top; text-align : left; background-color: white; border: 0px #F0F0F0 solid; padding:0px 4px 0px 4px" class="hierarchy">1..1</td><td style="vertical-align: top; text-align : left; background-color: white; border: 0px #F0F0F0 solid; padding:0px 4px 0px 4px" class="hierarchy"><a style="opacity: 0.4" href="http://hl7.org/fhir/STU3/datatypes.html#uri">uri</a></td><td style="vertical-align: top; text-align : left; background-color: white; border: 0px #F0F0F0 solid; padding:0px 4px 0px 4px" class="hierarchy"/></tr>
<tr><td colspan="5" class="hierarchy"><br/><a href="http://hl7.org/fhir/STU3/formats.html#table" title="Legend for this format"><img src="http://hl7.org/fhir/STU3/help16.png" alt="doco" style="background-color: inherit"/> Documentation for this format</a></td></tr></table></div>
  </text>
  <url value="http://fhir.org/guides/argonaut-scheduling/StructureDefinition/argo-sub-notif"/>
  <version value="1.0.0"/>
  <name value="Argonaut_Scheduling_Subscription_Profile"/>
  <title value="Argonaut Scheduling Subscription Profile"/>
  <status value="active"/>
  <date value="2018-02-13T00:00:00+11:00"/>
  <publisher value="Argonaut Project"/>
  <contact>
    <telecom>
      <system value="url"/>
      <value value="http://argonautwiki.hl7.org"/>
    </telecom>
  </contact>
  <description value="The Argonaut Scheduling Subscription Profile is defined for sending  notifications to a subscriber as described in the updating slots step in [Use Case 3 Prefetching Open Slots](patient-scheduling.html#use-case-3-prefetching-open-slots)."/>
  <jurisdiction>
    <coding>
      <system value="urn:iso:std:iso:3166"/>
      <code value="US"/>
      <display value="United States of America"/>
    </coding>
  </jurisdiction>
  <fhirVersion value="3.0.1"/>
  <mapping>
    <identity value="rim"/>
    <uri value="http://hl7.org/v3"/>
    <name value="RIM Mapping"/>
  </mapping>
  <mapping>
    <identity value="w5"/>
    <uri value="http://hl7.org/fhir/w5"/>
    <name value="W5 Mapping"/>
  </mapping>
  <kind value="resource"/>
  <abstract value="false"/>
  <type value="Subscription"/>
  <baseDefinition value="http://hl7.org/fhir/StructureDefinition/Subscription"/>
  <derivation value="constraint"/>
  <snapshot>
    <element id="Subscription">
      <path value="Subscription"/>
      <short value="A server push subscription criteria"/>
      <definition value="The subscription resource is used to define a push based subscription from a server to another system. Once a subscription is registered with the server, the server checks every resource that is created or updated, and if the resource matches the given criteria, it sends a message on the defined &quot;channel&quot; so that another system is able to take an appropriate action."/>
      <alias value="WebHook"/>
      <alias value="Hook"/>
      <alias value="Routing Rule"/>
      <min value="0"/>
      <max value="*"/>
      <base>
        <path value="Subscription"/>
        <min value="0"/>
        <max value="*"/>
      </base>
      <constraint>
        <key value="dom-2"/>
        <severity value="error"/>
        <human value="If the resource is contained in another resource, it SHALL NOT contain nested Resources"/>
        <expression value="contained.contained.empty()"/>
        <xpath value="not(parent::f:contained and f:contained)"/>
        <source value="DomainResource"/>
      </constraint>
      <constraint>
        <key value="dom-1"/>
        <severity value="error"/>
        <human value="If the resource is contained in another resource, it SHALL NOT contain any narrative"/>
        <expression value="contained.text.empty()"/>
        <xpath value="not(parent::f:contained and f:text)"/>
        <source value="DomainResource"/>
      </constraint>
      <constraint>
        <key value="dom-4"/>
        <severity value="error"/>
        <human value="If a resource is contained in another resource, it SHALL NOT have a meta.versionId or a meta.lastUpdated"/>
        <expression value="contained.meta.versionId.empty() and contained.meta.lastUpdated.empty()"/>
        <xpath value="not(exists(f:contained/*/f:meta/f:versionId)) and not(exists(f:contained/*/f:meta/f:lastUpdated))"/>
        <source value="DomainResource"/>
      </constraint>
      <constraint>
        <key value="dom-3"/>
        <severity value="error"/>
        <human value="If the resource is contained in another resource, it SHALL be referred to from elsewhere in the resource"/>
        <expression value="contained.where((&#39;#&#39;+id in %resource.descendants().reference).not()).empty()"/>
        <xpath value="not(exists(for $id in f:contained/*/@id return $id[not(ancestor::f:contained/parent::*/descendant::f:reference/@value=concat(&#39;#&#39;, $id))]))"/>
        <source value="DomainResource"/>
      </constraint>
      <mustSupport value="false"/>
      <mapping>
        <identity value="rim"/>
        <map value="Entity. Role, or Act"/>
      </mapping>
      <mapping>
        <identity value="rim"/>
        <map value="N/A"/>
      </mapping>
      <mapping>
        <identity value="w5"/>
        <map value="infrastructure.exchange"/>
      </mapping>
    </element>
    <element id="Subscription.id">
      <path value="Subscription.id"/>
      <short value="Logical id of this artifact"/>
      <definition value="The logical id of the resource, as used in the URL for the resource. Once assigned, this value never changes."/>
      <comment value="The only time that a resource does not have an id is when it is being submitted to the server using a create operation."/>
      <min value="0"/>
      <max value="1"/>
      <base>
        <path value="Resource.id"/>
        <min value="0"/>
        <max value="1"/>
      </base>
      <type>
        <code value="id"/>
      </type>
      <isSummary value="true"/>
    </element>
    <element id="Subscription.meta">
      <path value="Subscription.meta"/>
      <short value="Metadata about the resource"/>
      <definition value="The metadata about the resource. This is content that is maintained by the infrastructure. Changes to the content may not always be associated with version changes to the resource."/>
      <min value="0"/>
      <max value="1"/>
      <base>
        <path value="Resource.meta"/>
        <min value="0"/>
        <max value="1"/>
      </base>
      <type>
        <code value="Meta"/>
      </type>
      <isSummary value="true"/>
    </element>
    <element id="Subscription.implicitRules">
      <path value="Subscription.implicitRules"/>
      <short value="A set of rules under which this content was created"/>
      <definition value="A reference to a set of rules that were followed when the resource was constructed, and which must be understood when processing the content."/>
      <comment value="Asserting this rule set restricts the content to be only understood by a limited set of trading partners. This inherently limits the usefulness of the data in the long term. However, the existing health eco-system is highly fractured, and not yet ready to define, collect, and exchange data in a generally computable sense. Wherever possible, implementers and/or specification writers should avoid using this element. &#xA;&#xA;This element is labelled as a modifier because the implicit rules may provide additional knowledge about the resource that modifies it&#39;s meaning or interpretation."/>
      <min value="0"/>
      <max value="1"/>
      <base>
        <path value="Resource.implicitRules"/>
        <min value="0"/>
        <max value="1"/>
      </base>
      <type>
        <code value="uri"/>
      </type>
      <isModifier value="true"/>
      <isSummary value="true"/>
    </element>
    <element id="Subscription.language">
      <path value="Subscription.language"/>
      <short value="Language of the resource content"/>
      <definition value="The base language in which the resource is written."/>
      <comment value="Language is provided to support indexing and accessibility (typically, services such as text to speech use the language tag). The html language tag in the narrative applies  to the narrative. The language tag on the resource may be used to specify the language of other presentations generated from the data in the resource  Not all the content has to be in the base language. The Resource.language should not be assumed to apply to the narrative automatically. If a language is specified, it should it also be specified on the div element in the html (see rules in HTML5 for information about the relationship between xml:lang and the html lang attribute)."/>
      <min value="0"/>
      <max value="1"/>
      <base>
        <path value="Resource.language"/>
        <min value="0"/>
        <max value="1"/>
      </base>
      <type>
        <code value="code"/>
      </type>
      <binding>
        <extension url="http://hl7.org/fhir/StructureDefinition/elementdefinition-maxValueSet">
          <valueReference>
            <reference value="http://hl7.org/fhir/ValueSet/all-languages"/>
          </valueReference>
        </extension>
        <extension url="http://hl7.org/fhir/StructureDefinition/elementdefinition-bindingName">
          <valueString value="Language"/>
        </extension>
        <extension url="http://hl7.org/fhir/StructureDefinition/elementdefinition-isCommonBinding">
          <valueBoolean value="true"/>
        </extension>
        <strength value="extensible"/>
        <description value="A human language."/>
        <valueSetReference>
          <reference value="http://hl7.org/fhir/ValueSet/languages"/>
        </valueSetReference>
      </binding>
    </element>
    <element id="Subscription.text">
      <path value="Subscription.text"/>
      <short value="Text summary of the resource, for human interpretation"/>
      <definition value="A human-readable narrative that contains a summary of the resource, and may be used to represent the content of the resource to a human. The narrative need not encode all the structured data, but is required to contain sufficient detail to make it &quot;clinically safe&quot; for a human to just read the narrative. Resource definitions may define what content should be represented in the narrative to ensure clinical safety."/>
      <comment value="Contained resources do not have narrative. Resources that are not contained SHOULD have a narrative. In some cases, a resource may only have text with little or no additional discrete data (as long as all minOccurs=1 elements are satisfied).  This may be necessary for data from legacy systems where information is captured as a &quot;text blob&quot; or where text is additionally entered raw or narrated and encoded in formation is added later."/>
      <alias value="narrative"/>
      <alias value="html"/>
      <alias value="xhtml"/>
      <alias value="display"/>
      <min value="0"/>
      <max value="1"/>
      <base>
        <path value="DomainResource.text"/>
        <min value="0"/>
        <max value="1"/>
      </base>
      <type>
        <code value="Narrative"/>
      </type>
      <condition value="dom-1"/>
      <mapping>
        <identity value="rim"/>
        <map value="Act.text?"/>
      </mapping>
    </element>
    <element id="Subscription.contained">
      <path value="Subscription.contained"/>
      <short value="Contained, inline Resources"/>
      <definition value="These resources do not have an independent existence apart from the resource that contains them - they cannot be identified independently, and nor can they have their own independent transaction scope."/>
      <comment value="This should never be done when the content can be identified properly, as once identification is lost, it is extremely difficult (and context dependent) to restore it again."/>
      <alias value="inline resources"/>
      <alias value="anonymous resources"/>
      <alias value="contained resources"/>
      <min value="0"/>
      <max value="*"/>
      <base>
        <path value="DomainResource.contained"/>
        <min value="0"/>
        <max value="*"/>
      </base>
      <type>
        <code value="Resource"/>
      </type>
      <mapping>
        <identity value="rim"/>
        <map value="N/A"/>
      </mapping>
    </element>
    <element id="Subscription.extension">
      <path value="Subscription.extension"/>
      <short value="Additional Content defined by implementations"/>
      <definition value="May be used to represent additional information that is not part of the basic definition of the resource. In order to make the use of extensions safe and manageable, there is a strict set of governance  applied to the definition and use of extensions. Though any implementer is allowed to define an extension, there is a set of requirements that SHALL be met as part of the definition of the extension."/>
      <comment value="There can be no stigma associated with the use of extensions by any application, project, or standard - regardless of the institution or jurisdiction that uses or defines the extensions.  The use of extensions is what allows the FHIR specification to retain a core level of simplicity for everyone."/>
      <alias value="extensions"/>
      <alias value="user content"/>
      <min value="0"/>
      <max value="*"/>
      <base>
        <path value="DomainResource.extension"/>
        <min value="0"/>
        <max value="*"/>
      </base>
      <type>
        <code value="Extension"/>
      </type>
      <mapping>
        <identity value="rim"/>
        <map value="N/A"/>
      </mapping>
    </element>
    <element id="Subscription.modifierExtension">
      <path value="Subscription.modifierExtension"/>
      <short value="Extensions that cannot be ignored"/>
      <definition value="May be used to represent additional information that is not part of the basic definition of the resource, and that modifies the understanding of the element that contains it. Usually modifier elements provide negation or qualification. In order to make the use of extensions safe and manageable, there is a strict set of governance applied to the definition and use of extensions. Though any implementer is allowed to define an extension, there is a set of requirements that SHALL be met as part of the definition of the extension. Applications processing a resource are required to check for modifier extensions."/>
      <comment value="There can be no stigma associated with the use of extensions by any application, project, or standard - regardless of the institution or jurisdiction that uses or defines the extensions.  The use of extensions is what allows the FHIR specification to retain a core level of simplicity for everyone."/>
      <alias value="extensions"/>
      <alias value="user content"/>
      <min value="0"/>
      <max value="*"/>
      <base>
        <path value="DomainResource.modifierExtension"/>
        <min value="0"/>
        <max value="*"/>
      </base>
      <type>
        <code value="Extension"/>
      </type>
      <isModifier value="true"/>
      <mapping>
        <identity value="rim"/>
        <map value="N/A"/>
      </mapping>
    </element>
    <element id="Subscription.status">
      <path value="Subscription.status"/>
      <short value="requested | active | error | off"/>
      <definition value="The status of the subscription, which marks the server state for managing the subscription."/>
      <comment value="A client can only submit subscription resources in the requested or off state. Only the server can  move a subscription from requested to active, and then to error. Either the server or the client can turn a subscription off.&#xA;&#xA;This element is labeled as a modifier because the status contains codes that mark the resource as not currently valid."/>
      <min value="1"/>
      <max value="1"/>
      <base>
        <path value="Subscription.status"/>
        <min value="1"/>
        <max value="1"/>
      </base>
      <type>
        <code value="code"/>
      </type>
      <isModifier value="true"/>
      <isSummary value="true"/>
      <binding>
        <extension url="http://hl7.org/fhir/StructureDefinition/elementdefinition-bindingName">
          <valueString value="SubscriptionStatus"/>
        </extension>
        <strength value="required"/>
        <description value="The status of a subscription."/>
        <valueSetReference>
          <reference value="http://hl7.org/fhir/ValueSet/subscription-status"/>
        </valueSetReference>
      </binding>
      <mapping>
        <identity value="w5"/>
        <map value="status"/>
      </mapping>
    </element>
    <element id="Subscription.contact">
      <path value="Subscription.contact"/>
      <short value="Contact details for source (e.g. troubleshooting)"/>
      <definition value="Contact details for a human to contact about the subscription. The primary use of this for system administrator troubleshooting."/>
      <min value="0"/>
      <max value="*"/>
      <base>
        <path value="Subscription.contact"/>
        <min value="0"/>
        <max value="*"/>
      </base>
      <type>
        <code value="ContactPoint"/>
      </type>
      <isSummary value="true"/>
      <mapping>
        <identity value="w5"/>
        <map value="who.focus"/>
      </mapping>
    </element>
    <element id="Subscription.end">
      <path value="Subscription.end"/>
      <short value="When to automatically delete the subscription"/>
      <definition value="The time for the server to turn the subscription off."/>
      <comment value="The server is permitted to deviate from this time, but should observe it."/>
      <min value="0"/>
      <max value="1"/>
      <base>
        <path value="Subscription.end"/>
        <min value="0"/>
        <max value="1"/>
      </base>
      <type>
        <code value="instant"/>
      </type>
      <isSummary value="true"/>
      <mapping>
        <identity value="w5"/>
        <map value="when.done"/>
      </mapping>
    </element>
    <element id="Subscription.reason">
      <path value="Subscription.reason"/>
      <short value="Description of why this subscription was created"/>
      <definition value="A description of why this subscription is defined."/>
      <min value="1"/>
      <max value="1"/>
      <base>
        <path value="Subscription.reason"/>
        <min value="1"/>
        <max value="1"/>
      </base>
      <type>
        <code value="string"/>
      </type>
      <isSummary value="true"/>
      <mapping>
        <identity value="w5"/>
        <map value="why"/>
      </mapping>
    </element>
    <element id="Subscription.criteria">
      <path value="Subscription.criteria"/>
      <short value="Rule for server push criteria"/>
      <definition value="The rules that the server should use to determine when to generate notifications for this subscription."/>
      <comment value="The rules are a search criteria (without the [base] part). Like Bundle.entry.request.url, it has no leading &quot;/&quot;."/>
      <min value="1"/>
      <max value="1"/>
      <base>
        <path value="Subscription.criteria"/>
        <min value="1"/>
        <max value="1"/>
      </base>
      <type>
        <code value="string"/>
      </type>
      <mustSupport value="true"/>
      <isSummary value="true"/>
    </element>
    <element id="Subscription.criteria.id">
      <path value="Subscription.criteria.id"/>
      <representation value="xmlAttr"/>
      <short value="xml:id (or equivalent in JSON)"/>
      <definition value="unique id for the element within a resource (for internal references)"/>
      <min value="0"/>
      <max value="1"/>
      <base>
        <path value="Element.id"/>
        <min value="0"/>
        <max value="1"/>
      </base>
      <type>
        <code value="string"/>
      </type>
    </element>
    <element id="Subscription.criteria.extension">
      <path value="Subscription.criteria.extension"/>
      <slicing>
        <discriminator>
          <type value="value"/>
          <path value="url"/>
        </discriminator>
        <rules value="open"/>
      </slicing>
      <short value="Extension"/>
      <definition value="An Extension"/>
      <min value="0"/>
      <max value="*"/>
      <base>
        <path value="Element.extension"/>
        <min value="0"/>
        <max value="*"/>
      </base>
      <type>
        <code value="Extension"/>
      </type>
    </element>
    <element id="Subscription.criteria.extension:trigger-description">
      <path value="Subscription.criteria.extension"/>
      <sliceName value="trigger-description"/>
      <short value="Subscription Trigger Event Description Extension"/>
      <definition value="An Extension"/>
      <comment value="A formal expression, or a reference to a named expression may also be inlined. If the expression is a [FHIRPath](http://hl7.org/fhirpath/) expression, use the [Subscription Trigger Event FHIRPath Extension](StructureDefinition-extension-trigger-fhirpath.html)"/>
      <min value="1"/>
      <max value="*"/>
      <base>
        <path value="Element.extension"/>
        <min value="0"/>
        <max value="*"/>
      </base>
      <type>
        <code value="Extension"/>
        <profile value="http://fhir.org/guides/argonaut-scheduling/StructureDefinition/extension-subscription-triggerevent"/>
      </type>
      <condition value="ele-1"/>
      <constraint>
        <key value="ele-1"/>
        <severity value="error"/>
        <human value="All FHIR elements must have a @value or children"/>
        <expression value="hasValue() | (children().count() &gt; id.count())"/>
        <xpath value="@value|f:*|h:div"/>
        <source value="Element"/>
      </constraint>
      <constraint>
        <key value="ext-1"/>
        <severity value="error"/>
        <human value="Must have either extensions or value[x], not both"/>
        <expression value="extension.exists() != value.exists()"/>
        <xpath value="exists(f:extension)!=exists(f:*[starts-with(local-name(.), &#39;value&#39;)])"/>
        <source value="Extension"/>
      </constraint>
      <mustSupport value="true"/>
    </element>
    <element id="Subscription.criteria.extension:trigger-fhirpath">
      <path value="Subscription.criteria.extension"/>
      <sliceName value="trigger-fhirpath"/>
      <short value="Subscription Trigger Event FHIRPath Extension"/>
      <definition value="If the expression is a [FHIRPath](http://hl7.org/fhirpath/) expression, it evaluates in the context of a resource of one of the types identified in the [Subscription Event Focus Extension](StructureDefinition-extension-subscription-eventfocus.html), and may also refer to the variable `%previous`  for delta comparisons."/>
      <min value="0"/>
      <max value="*"/>
      <base>
        <path value="Element.extension"/>
        <min value="0"/>
        <max value="*"/>
      </base>
      <type>
        <code value="Extension"/>
        <profile value="http://hl7.org/fhir/StructureDefinition/cqif-fhirPathExpression"/>
      </type>
      <condition value="ele-1"/>
      <constraint>
        <key value="ele-1"/>
        <severity value="error"/>
        <human value="All FHIR elements must have a @value or children"/>
        <expression value="hasValue() | (children().count() &gt; id.count())"/>
        <xpath value="@value|f:*|h:div"/>
        <source value="Element"/>
      </constraint>
      <constraint>
        <key value="ext-1"/>
        <severity value="error"/>
        <human value="Must have either extensions or value[x], not both"/>
        <expression value="extension.exists() != value.exists()"/>
        <xpath value="exists(f:extension)!=exists(f:*[starts-with(local-name(.), &#39;value&#39;)])"/>
        <source value="Extension"/>
      </constraint>
    </element>
    <element id="Subscription.criteria.extension:event-focus">
      <path value="Subscription.criteria.extension"/>
      <sliceName value="event-focus"/>
      <short value="Subscription Event Focus Extension"/>
      <definition value="The type of the required data, specified as the type name of a resource."/>
      <min value="1"/>
      <max value="*"/>
      <base>
        <path value="Element.extension"/>
        <min value="0"/>
        <max value="*"/>
      </base>
      <type>
        <code value="Extension"/>
        <profile value="http://fhir.org/guides/argonaut-scheduling/StructureDefinition/extension-subscription-eventfocus"/>
      </type>
      <condition value="ele-1"/>
      <constraint>
        <key value="ele-1"/>
        <severity value="error"/>
        <human value="All FHIR elements must have a @value or children"/>
        <expression value="hasValue() | (children().count() &gt; id.count())"/>
        <xpath value="@value|f:*|h:div"/>
        <source value="Element"/>
      </constraint>
      <constraint>
        <key value="ext-1"/>
        <severity value="error"/>
        <human value="Must have either extensions or value[x], not both"/>
        <expression value="extension.exists() != value.exists()"/>
        <xpath value="exists(f:extension)!=exists(f:*[starts-with(local-name(.), &#39;value&#39;)])"/>
        <source value="Extension"/>
      </constraint>
      <mustSupport value="true"/>
    </element>
    <element id="Subscription.criteria.extension:event-focus.id">
      <path value="Subscription.criteria.extension.id"/>
      <representation value="xmlAttr"/>
      <short value="xml:id (or equivalent in JSON)"/>
      <definition value="unique id for the element within a resource (for internal references). This may be any string value that does not contain spaces."/>
      <min value="0"/>
      <max value="1"/>
      <base>
        <path value="Element.id"/>
        <min value="0"/>
        <max value="1"/>
      </base>
      <type>
        <code value="string"/>
      </type>
      <mapping>
        <identity value="rim"/>
        <map value="n/a"/>
      </mapping>
    </element>
    <element id="Subscription.criteria.extension:event-focus.extension">
      <path value="Subscription.criteria.extension.extension"/>
      <slicing>
        <discriminator>
          <type value="value"/>
          <path value="url"/>
        </discriminator>
        <description value="Extensions are always sliced by (at least) url"/>
        <rules value="open"/>
      </slicing>
      <short value="Additional Content defined by implementations"/>
      <definition value="May be used to represent additional information that is not part of the basic definition of the element. In order to make the use of extensions safe and manageable, there is a strict set of governance  applied to the definition and use of extensions. Though any implementer is allowed to define an extension, there is a set of requirements that SHALL be met as part of the definition of the extension."/>
      <comment value="There can be no stigma associated with the use of extensions by any application, project, or standard - regardless of the institution or jurisdiction that uses or defines the extensions.  The use of extensions is what allows the FHIR specification to retain a core level of simplicity for everyone."/>
      <alias value="extensions"/>
      <alias value="user content"/>
      <min value="0"/>
      <max value="*"/>
      <base>
        <path value="Element.extension"/>
        <min value="0"/>
        <max value="*"/>
      </base>
      <type>
        <code value="Extension"/>
      </type>
      <mapping>
        <identity value="rim"/>
        <map value="n/a"/>
      </mapping>
    </element>
    <element id="Subscription.criteria.extension:event-focus.url">
      <path value="Subscription.criteria.extension.url"/>
      <representation value="xmlAttr"/>
      <short value="identifies the meaning of the extension"/>
      <definition value="Source of the definition for the extension code - a logical name or a URL."/>
      <comment value="The definition may point directly to a computable or human-readable definition of the extensibility codes, or it may be a logical URI as declared in some other specification. The definition SHALL be a URI for the Structure Definition defining the extension."/>
      <min value="1"/>
      <max value="1"/>
      <base>
        <path value="Extension.url"/>
        <min value="1"/>
        <max value="1"/>
      </base>
      <type>
        <code value="uri"/>
      </type>
      <fixedUri value="http://fhir.org/guides/argonaut-scheduling/StructureDefinition/extension-subscription-eventfocus"/>
      <mapping>
        <identity value="rim"/>
        <map value="N/A"/>
      </mapping>
    </element>
    <element id="Subscription.criteria.extension:event-focus.valueCode:valuecode">
      <path value="Subscription.criteria.extension.valueCode"/>
      <sliceName value="valueCode"/>
      <short value="Value of extension"/>
      <definition value="Value of extension - may be a resource or one of a constrained set of the data types (see Extensibility in the spec for list)."/>
      <min value="1"/>
      <max value="1"/>
      <base>
        <path value="Extension.value[x]"/>
        <min value="0"/>
        <max value="1"/>
      </base>
      <type>
        <code value="code"/>
      </type>
      <fixedCode value="Slot"/>
      <mustSupport value="true"/>
      <binding>
        <strength value="required"/>
        <description value="The type of the required data, specified as the type name of a resource. For profiles, this value is set to the type of the base resource of the profile."/>
        <valueSetReference>
          <reference value="http://hl7.org/fhir/ValueSet/all-types"/>
        </valueSetReference>
      </binding>
      <mapping>
        <identity value="rim"/>
        <map value="N/A"/>
      </mapping>
    </element>
    <element id="Subscription.criteria.value">
      <path value="Subscription.criteria.value"/>
      <representation value="xmlAttr"/>
      <short value="Primitive value for string"/>
      <definition value="The actual value"/>
      <min value="0"/>
      <max value="1"/>
      <base>
        <path value="string.value"/>
        <min value="0"/>
        <max value="1"/>
      </base>
      <maxLength value="1048576"/>
    </element>
    <element id="Subscription.error">
      <path value="Subscription.error"/>
      <short value="Latest error note"/>
      <definition value="A record of the last error that occurred when the server processed a notification."/>
      <min value="0"/>
      <max value="1"/>
      <base>
        <path value="Subscription.error"/>
        <min value="0"/>
        <max value="1"/>
      </base>
      <type>
        <code value="string"/>
      </type>
      <isSummary value="true"/>
    </element>
    <element id="Subscription.channel">
      <path value="Subscription.channel"/>
      <short value="The channel on which to report matches to the criteria"/>
      <definition value="Details where to send notifications when resources are received that meet the criteria."/>
      <min value="1"/>
      <max value="1"/>
      <base>
        <path value="Subscription.channel"/>
        <min value="1"/>
        <max value="1"/>
      </base>
      <type>
        <code value="BackboneElement"/>
      </type>
      <constraint>
        <key value="ele-1"/>
        <severity value="error"/>
        <human value="All FHIR elements must have a @value or children"/>
        <expression value="hasValue() | (children().count() &gt; id.count())"/>
        <xpath value="@value|f:*|h:div"/>
        <source value="Element"/>
      </constraint>
      <mustSupport value="true"/>
      <isSummary value="true"/>
    </element>
    <element id="Subscription.channel.id">
      <path value="Subscription.channel.id"/>
      <representation value="xmlAttr"/>
      <short value="xml:id (or equivalent in JSON)"/>
      <definition value="unique id for the element within a resource (for internal references). This may be any string value that does not contain spaces."/>
      <min value="0"/>
      <max value="1"/>
      <base>
        <path value="Element.id"/>
        <min value="0"/>
        <max value="1"/>
      </base>
      <type>
        <code value="string"/>
      </type>
      <mapping>
        <identity value="rim"/>
        <map value="n/a"/>
      </mapping>
    </element>
    <element id="Subscription.channel.extension">
      <path value="Subscription.channel.extension"/>
      <slicing>
        <discriminator>
          <type value="value"/>
          <path value="url"/>
        </discriminator>
        <rules value="open"/>
      </slicing>
      <short value="Extension"/>
      <definition value="An Extension"/>
      <min value="0"/>
      <max value="*"/>
      <base>
        <path value="Element.extension"/>
        <min value="0"/>
        <max value="*"/>
      </base>
      <type>
        <code value="Extension"/>
      </type>
    </element>
    <element id="Subscription.channel.extension:payload-profile">
      <path value="Subscription.channel.extension"/>
      <sliceName value="payload-profile"/>
      <short value="Extension"/>
      <definition value="The profile of the required data to be sent in the payload.&#xD;&#xA;"/>
      <min value="1"/>
      <max value="*"/>
      <base>
        <path value="Element.extension"/>
        <min value="0"/>
        <max value="*"/>
      </base>
      <type>
        <code value="Extension"/>
        <profile value="http://fhir.org/guides/argonaut-scheduling/StructureDefinition/extension-subscription-payloadprofile"/>
      </type>
      <condition value="ele-1"/>
      <constraint>
        <key value="ele-1"/>
        <severity value="error"/>
        <human value="All FHIR elements must have a @value or children"/>
        <expression value="hasValue() | (children().count() &gt; id.count())"/>
        <xpath value="@value|f:*|h:div"/>
        <source value="Element"/>
      </constraint>
      <constraint>
        <key value="ext-1"/>
        <severity value="error"/>
        <human value="Must have either extensions or value[x], not both"/>
        <expression value="extension.exists() != value.exists()"/>
        <xpath value="exists(f:extension)!=exists(f:*[starts-with(local-name(.), &#39;value&#39;)])"/>
        <source value="Extension"/>
      </constraint>
      <mustSupport value="true"/>
    </element>
    <element id="Subscription.channel.extension:payload-profile.id">
      <path value="Subscription.channel.extension.id"/>
      <representation value="xmlAttr"/>
      <short value="xml:id (or equivalent in JSON)"/>
      <definition value="unique id for the element within a resource (for internal references). This may be any string value that does not contain spaces."/>
      <min value="0"/>
      <max value="1"/>
      <base>
        <path value="Element.id"/>
        <min value="0"/>
        <max value="1"/>
      </base>
      <type>
        <code value="string"/>
      </type>
      <mapping>
        <identity value="rim"/>
        <map value="n/a"/>
      </mapping>
    </element>
    <element id="Subscription.channel.extension:payload-profile.extension">
      <path value="Subscription.channel.extension.extension"/>
      <slicing>
        <discriminator>
          <type value="value"/>
          <path value="url"/>
        </discriminator>
        <description value="Extensions are always sliced by (at least) url"/>
        <rules value="open"/>
      </slicing>
      <short value="Additional Content defined by implementations"/>
      <definition value="May be used to represent additional information that is not part of the basic definition of the element. In order to make the use of extensions safe and manageable, there is a strict set of governance  applied to the definition and use of extensions. Though any implementer is allowed to define an extension, there is a set of requirements that SHALL be met as part of the definition of the extension."/>
      <comment value="There can be no stigma associated with the use of extensions by any application, project, or standard - regardless of the institution or jurisdiction that uses or defines the extensions.  The use of extensions is what allows the FHIR specification to retain a core level of simplicity for everyone."/>
      <alias value="extensions"/>
      <alias value="user content"/>
      <min value="0"/>
      <max value="*"/>
      <base>
        <path value="Element.extension"/>
        <min value="0"/>
        <max value="*"/>
      </base>
      <type>
        <code value="Extension"/>
      </type>
      <mapping>
        <identity value="rim"/>
        <map value="n/a"/>
      </mapping>
    </element>
    <element id="Subscription.channel.extension:payload-profile.url">
      <path value="Subscription.channel.extension.url"/>
      <representation value="xmlAttr"/>
      <short value="identifies the meaning of the extension"/>
      <definition value="Source of the definition for the extension code - a logical name or a URL."/>
      <comment value="The definition may point directly to a computable or human-readable definition of the extensibility codes, or it may be a logical URI as declared in some other specification. The definition SHALL be a URI for the Structure Definition defining the extension."/>
      <min value="1"/>
      <max value="1"/>
      <base>
        <path value="Extension.url"/>
        <min value="1"/>
        <max value="1"/>
      </base>
      <type>
        <code value="uri"/>
      </type>
      <fixedUri value="http://fhir.org/guides/argonaut-scheduling/StructureDefinition/extension-subscription-payloadprofile"/>
      <mapping>
        <identity value="rim"/>
        <map value="N/A"/>
      </mapping>
    </element>
    <element id="Subscription.channel.extension:payload-profile.valueUri:valueuri">
      <path value="Subscription.channel.extension.valueUri"/>
      <sliceName value="valueUri"/>
      <short value="Payload profile URI"/>
      <definition value="The uri of payload when sending notifications to a subscriber."/>
      <comment value="The Argonaut Scheduling Schedule Notification Profile defines the payload when sending notifications to a subscriber described in Use Case 3 Prefetching Open Slots.   The actual notification is triggered by a Slot instance defined in  `criteria` .  The Slot&#39;s `schedule&#39; element identifies the Schedule resource instance that populates the payload."/>
      <min value="1"/>
      <max value="1"/>
      <base>
        <path value="Extension.value[x]"/>
        <min value="0"/>
        <max value="1"/>
      </base>
      <type>
        <code value="uri"/>
      </type>
      <fixedUri value="http://fhir.org/guides/argonaut-scheduling/StructureDefinition/argo-sched-notif"/>
      <mustSupport value="true"/>
      <mapping>
        <identity value="rim"/>
        <map value="N/A"/>
      </mapping>
    </element>
    <element id="Subscription.channel.modifierExtension">
      <path value="Subscription.channel.modifierExtension"/>
      <short value="Extensions that cannot be ignored"/>
      <definition value="May be used to represent additional information that is not part of the basic definition of the element, and that modifies the understanding of the element that contains it. Usually modifier elements provide negation or qualification. In order to make the use of extensions safe and manageable, there is a strict set of governance applied to the definition and use of extensions. Though any implementer is allowed to define an extension, there is a set of requirements that SHALL be met as part of the definition of the extension. Applications processing a resource are required to check for modifier extensions."/>
      <comment value="There can be no stigma associated with the use of extensions by any application, project, or standard - regardless of the institution or jurisdiction that uses or defines the extensions.  The use of extensions is what allows the FHIR specification to retain a core level of simplicity for everyone."/>
      <alias value="extensions"/>
      <alias value="user content"/>
      <alias value="modifiers"/>
      <min value="0"/>
      <max value="*"/>
      <base>
        <path value="BackboneElement.modifierExtension"/>
        <min value="0"/>
        <max value="*"/>
      </base>
      <type>
        <code value="Extension"/>
      </type>
      <isModifier value="true"/>
      <isSummary value="true"/>
      <mapping>
        <identity value="rim"/>
        <map value="N/A"/>
      </mapping>
    </element>
    <element id="Subscription.channel.type">
      <path value="Subscription.channel.type"/>
      <short value="rest-hook | websocket | email | sms | message"/>
      <definition value="The type of channel to send notifications on."/>
      <min value="1"/>
      <max value="1"/>
      <base>
        <path value="Subscription.channel.type"/>
        <min value="1"/>
        <max value="1"/>
      </base>
      <type>
        <code value="code"/>
      </type>
      <isSummary value="true"/>
      <binding>
        <extension url="http://hl7.org/fhir/StructureDefinition/elementdefinition-bindingName">
          <valueString value="SubscriptionChannelType"/>
        </extension>
        <strength value="required"/>
        <description value="The type of method used to execute a subscription."/>
        <valueSetReference>
          <reference value="http://hl7.org/fhir/ValueSet/subscription-channel-type"/>
        </valueSetReference>
      </binding>
    </element>
    <element id="Subscription.channel.endpoint">
      <path value="Subscription.channel.endpoint"/>
      <short value="Where the channel points to"/>
      <definition value="The uri that describes the actual end-point to send messages to."/>
      <comment value="For rest-hook, and websocket, the end-point must be an http: or https: URL; for email, a mailto: url, for sms, a tel: url, and for message the endpoint can be in any form of url the server understands (usually, http: or mllp:). The URI is allowed to be relative; in which case, it is relative to the server end-point (since their may be more than one, clients should avoid using relative URIs)."/>
      <min value="1"/>
      <max value="1"/>
      <base>
        <path value="Subscription.channel.endpoint"/>
        <min value="0"/>
        <max value="1"/>
      </base>
      <type>
        <code value="uri"/>
      </type>
      <mustSupport value="true"/>
      <isSummary value="true"/>
    </element>
    <element id="Subscription.channel.payload">
      <path value="Subscription.channel.payload"/>
      <short value="Mimetype to send, or omit for no payload"/>
      <definition value="The mime type to send the payload in - either application/fhir+xml, or application/fhir+json. If the payload is not present, then there is no payload in the notification, just a notification."/>
      <comment value="Sending the payload has obvious security implications. The server is responsible for ensuring that the content is appropriately secured."/>
      <min value="0"/>
      <max value="1"/>
      <base>
        <path value="Subscription.channel.payload"/>
        <min value="0"/>
        <max value="1"/>
      </base>
      <type>
        <code value="string"/>
      </type>
      <isSummary value="true"/>
    </element>
    <element id="Subscription.channel.header">
      <path value="Subscription.channel.header"/>
      <short value="Usage depends on the channel type"/>
      <definition value="Additional headers / information to send as part of the notification."/>
      <comment value="Exactly what these mean depend on the channel type. They can convey additional information to the recipient and/or meet security requirements; for example, support of multiple headers in the outgoing notifications for rest-hook type subscriptions."/>
      <min value="0"/>
      <max value="*"/>
      <base>
        <path value="Subscription.channel.header"/>
        <min value="0"/>
        <max value="*"/>
      </base>
      <type>
        <code value="string"/>
      </type>
      <isSummary value="true"/>
    </element>
    <element id="Subscription.tag">
      <path value="Subscription.tag"/>
      <short value="A tag to add to matching resources"/>
      <definition value="A tag to add to any resource that matches the criteria, after the subscription is processed."/>
      <comment value="So that other systems can tell which resources have been the subject of a notification."/>
      <min value="0"/>
      <max value="*"/>
      <base>
        <path value="Subscription.tag"/>
        <min value="0"/>
        <max value="*"/>
      </base>
      <type>
        <code value="Coding"/>
      </type>
      <isSummary value="true"/>
      <binding>
        <extension url="http://hl7.org/fhir/StructureDefinition/elementdefinition-bindingName">
          <valueString value="SubscriptionTag"/>
        </extension>
        <strength value="example"/>
        <description value="Tags to put on a resource after subscriptions have been sent."/>
        <valueSetReference>
          <reference value="http://hl7.org/fhir/ValueSet/subscription-tag"/>
        </valueSetReference>
      </binding>
    </element>
  </snapshot>
  <differential>
    <element id="Subscription">
      <path value="Subscription"/>
      <mustSupport value="false"/>
    </element>
    <element id="Subscription.criteria">
      <path value="Subscription.criteria"/>
      <mustSupport value="true"/>
    </element>
    <element id="Subscription.criteria.extension">
      <path value="Subscription.criteria.extension"/>
      <slicing>
        <discriminator>
          <type value="value"/>
          <path value="url"/>
        </discriminator>
        <rules value="open"/>
      </slicing>
    </element>
    <element id="Subscription.criteria.extension:trigger-description">
      <path value="Subscription.criteria.extension"/>
      <sliceName value="trigger-description"/>
      <short value="Subscription Trigger Event Description Extension"/>
      <comment value="A formal expression, or a reference to a named expression may also be inlined. If the expression is a [FHIRPath](http://hl7.org/fhirpath/) expression, use the [Subscription Trigger Event FHIRPath Extension](StructureDefinition-extension-trigger-fhirpath.html)"/>
      <min value="1"/>
      <type>
        <code value="Extension"/>
        <profile value="http://fhir.org/guides/argonaut-scheduling/StructureDefinition/extension-subscription-triggerevent"/>
      </type>
      <mustSupport value="true"/>
    </element>
    <element id="Subscription.criteria.extension:trigger-fhirpath">
      <path value="Subscription.criteria.extension"/>
      <sliceName value="trigger-fhirpath"/>
      <short value="Subscription Trigger Event FHIRPath Extension"/>
      <definition value="If the expression is a [FHIRPath](http://hl7.org/fhirpath/) expression, it evaluates in the context of a resource of one of the types identified in the [Subscription Event Focus Extension](StructureDefinition-extension-subscription-eventfocus.html), and may also refer to the variable `%previous`  for delta comparisons."/>
      <min value="0"/>
      <max value="*"/>
      <type>
        <code value="Extension"/>
        <profile value="http://hl7.org/fhir/StructureDefinition/cqif-fhirPathExpression"/>
      </type>
    </element>
    <element id="Subscription.criteria.extension:event-focus">
      <path value="Subscription.criteria.extension"/>
      <sliceName value="event-focus"/>
      <short value="Subscription Event Focus Extension"/>
      <definition value="The type of the required data, specified as the type name of a resource."/>
      <min value="1"/>
      <type>
        <code value="Extension"/>
        <profile value="http://fhir.org/guides/argonaut-scheduling/StructureDefinition/extension-subscription-eventfocus"/>
      </type>
      <mustSupport value="true"/>
    </element>
    <element id="Subscription.criteria.extension:event-focus.valueCode:valuecode">
      <path value="Subscription.criteria.extension.valueCode"/>
      <sliceName value="valueCode"/>
      <min value="1"/>
      <fixedCode value="Slot"/>
      <mustSupport value="true"/>
    </element>
    <element id="Subscription.channel">
      <path value="Subscription.channel"/>
      <mustSupport value="true"/>
    </element>
    <element id="Subscription.channel.extension">
      <path value="Subscription.channel.extension"/>
      <slicing>
        <discriminator>
          <type value="value"/>
          <path value="url"/>
        </discriminator>
        <rules value="open"/>
      </slicing>
    </element>
    <element id="Subscription.channel.extension:payload-profile">
      <path value="Subscription.channel.extension"/>
      <sliceName value="payload-profile"/>
      <definition value="The profile of the required data to be sent in the payload.&#xD;&#xA;"/>
      <min value="1"/>
      <type>
        <code value="Extension"/>
        <profile value="http://fhir.org/guides/argonaut-scheduling/StructureDefinition/extension-subscription-payloadprofile"/>
      </type>
      <mustSupport value="true"/>
    </element>
    <element id="Subscription.channel.extension:payload-profile.valueUri:valueuri">
      <path value="Subscription.channel.extension.valueUri"/>
      <sliceName value="valueUri"/>
      <short value="Payload profile URI"/>
      <definition value="The uri of payload when sending notifications to a subscriber."/>
      <comment value="The Argonaut Scheduling Schedule Notification Profile defines the payload when sending notifications to a subscriber described in Use Case 3 Prefetching Open Slots.   The actual notification is triggered by a Slot instance defined in  `criteria` .  The Slot&#39;s `schedule&#39; element identifies the Schedule resource instance that populates the payload."/>
      <min value="1"/>
      <fixedUri value="http://fhir.org/guides/argonaut-scheduling/StructureDefinition/argo-sched-notif"/>
      <mustSupport value="true"/>
    </element>
    <element id="Subscription.channel.endpoint">
      <path value="Subscription.channel.endpoint"/>
      <min value="1"/>
      <mustSupport value="true"/>
    </element>
  </differential>
</StructureDefinition>