<?xml version="1.0" encoding="UTF-8"?>

<ValueSet xmlns="http://hl7.org/fhir">
  <id value="visit-type"/>
  <text>
    <status value="extensions"/><div xmlns="http://www.w3.org/1999/xhtml"><h2>Argonaut_Visit_Types</h2><div><p>The Argonaut Visit Types are a prioritized valueset of the most common 'business types' for scheduling and have been identified as the baseline use cases for the  Argonaut scheduling Implementation Guide.  This is intended to facilitates implementation of the IG by provide a common starting point for interoperability.  These concept are used in the Argonaut Appointment, Schedule and Slot resources.  The Visit types can be extended by implementers to meet there use cases.  In order to address overlap between <code>serviceType</code> and <code>appointmentType</code>, these concepts are mapped to the <a href="http://fhir.org/guides/argonaut-scheduling/ConceptMap/visit-appt-map">Argonaut Appointment Types</a>.  A mapping to <a href="http://fhir.org/guides/argonaut-scheduling/ConceptMap/visit-snomed-map">SNOMED CT</a> is also provided.</p>
</div><p>This value set includes codes from the following code systems:</p><ul><li>Include these codes as defined in <a href="CodeSystem-visit-type.html"><code>http://fhir.org/guides/argonaut-scheduling/CodeSystem/visit-type</code></a><table class="none"><tr><td style="white-space:nowrap"><b>Code</b></td><td><b>Display</b></td><td><b>Definition</b></td></tr><tr><td><a href="CodeSystem-visit-type.html#visit-type-breast-imaging">breast-imaging</a></td><td>BREAST IMAGING</td><td>breast imaging visit</td></tr><tr><td><a href="CodeSystem-visit-type.html#visit-type-consult">consult</a></td><td>CONSULTATION</td><td>consultation visit</td></tr><tr><td><a href="CodeSystem-visit-type.html#visit-type-ct">ct</a></td><td>COMPUTED TOMOGRAPHY SCAN(CT)</td><td>computed tomography scan(ct) visit</td></tr><tr><td><a href="CodeSystem-visit-type.html#visit-type-dental">dental</a></td><td>DENTAL</td><td>dental visit</td></tr><tr><td><a href="CodeSystem-visit-type.html#visit-type-dxa">dxa</a></td><td>DUAL-ENERGY X-RAY ABSORPTIOMETRY(DXA)</td><td>Dual-energy X-ray absorptiometry(dxa) visit</td></tr><tr><td><a href="CodeSystem-visit-type.html#visit-type-echo">echo</a></td><td>ECHOCARDIOGRAPHY(ECHO)</td><td>echocardiography(echo) visit</td></tr><tr><td><a href="CodeSystem-visit-type.html#visit-type-echo-stresstest">echo-stresstest</a></td><td>ECHOCARDIOGRAPHY(ECHO) STRESS TEST</td><td>echocardiography(echo) stress test visit</td></tr><tr><td><a href="CodeSystem-visit-type.html#visit-type-ed-followup">ed-followup</a></td><td>EDUCATION FOLLOW UP</td><td>education follow up visit</td></tr><tr><td><a href="CodeSystem-visit-type.html#visit-type-eeg">eeg</a></td><td>ELECTROENCEPHALOGRAPHY(EEG)</td><td>Electroencephalography(eeg) visit</td></tr><tr><td><a href="CodeSystem-visit-type.html#visit-type-egd">egd</a></td><td>ESOPHAGOGASTRODUODENOSCOPY(EGD)</td><td>esophagogastroduodenoscopy(egd) visit</td></tr><tr><td><a href="CodeSystem-visit-type.html#visit-type-ekg">ekg</a></td><td>ELECTROCARDIOGRAM(EKG)</td><td>electrocardiogram(ekg) visit</td></tr><tr><td><a href="CodeSystem-visit-type.html#visit-type-evaluation">evaluation</a></td><td>EVALUATION</td><td>evaluation visit</td></tr><tr><td><a href="CodeSystem-visit-type.html#visit-type-flu-shot-clinic">flu-shot-clinic</a></td><td>INFLUENZA VACCINATION CLINIC</td><td>Influenza vaccination clinic visit</td></tr><tr><td><a href="CodeSystem-visit-type.html#visit-type-fluoroscopy">fluoroscopy</a></td><td>FLUOROSCOPY</td><td>fluoroscopy visit</td></tr><tr><td><a href="CodeSystem-visit-type.html#visit-type-follow-up">follow-up</a></td><td>FOLLOW UP</td><td>follow up visit</td></tr><tr><td><a href="CodeSystem-visit-type.html#visit-type-home-health">home-health</a></td><td>HOME HEALTH VISIT</td><td>home health visit visit</td></tr><tr><td><a href="CodeSystem-visit-type.html#visit-type-injection">injection</a></td><td>INJECTION</td><td>injection visit</td></tr><tr><td><a href="CodeSystem-visit-type.html#visit-type-inter-rad">inter-rad</a></td><td>INTERVENTIONAL RADIOLOGY</td><td>interventional radiology visit</td></tr><tr><td><a href="CodeSystem-visit-type.html#visit-type-lab">lab</a></td><td>LABORATORY TESTS</td><td>Laboratory Testing visit</td></tr><tr><td><a href="CodeSystem-visit-type.html#visit-type-minor-surgery">minor-surgery</a></td><td>MINOR SURGERY</td><td>minor surgery visit</td></tr><tr><td><a href="CodeSystem-visit-type.html#visit-type-mri">mri</a></td><td>MAGNETIC RESONANCE IMAGING(MRI)</td><td>magnetic resonance imaging(mri) visit</td></tr><tr><td><a href="CodeSystem-visit-type.html#visit-type-new-patient">new-patient</a></td><td>NEW PATIENT</td><td>new patient visit</td></tr><tr><td><a href="CodeSystem-visit-type.html#visit-type-nuc-med">nuc-med</a></td><td>NUCLEAR MEDICINE</td><td>nuclear medicine visit</td></tr><tr><td><a href="CodeSystem-visit-type.html#visit-type-occup-therapy">occup-therapy</a></td><td>OCCUPATIONAL THERAPY</td><td>occupational therapy visit</td></tr><tr><td><a href="CodeSystem-visit-type.html#visit-type-office-visit">office-visit</a></td><td>OFFICE VISIT</td><td>office visit</td></tr><tr><td><a href="CodeSystem-visit-type.html#visit-type-physical">physical</a></td><td>PHYSICAL</td><td>physical visit</td></tr><tr><td><a href="CodeSystem-visit-type.html#visit-type-post-op">post-op</a></td><td>POST-OPERATIVE(POST-OP)</td><td>post-operative visit</td></tr><tr><td><a href="CodeSystem-visit-type.html#visit-type-pre-admit-testing">pre-admit-testing</a></td><td>PRE-ADMISSION TESTING VISIT</td><td>pre-admission testing visit visit</td></tr><tr><td><a href="CodeSystem-visit-type.html#visit-type-pre-op">pre-op</a></td><td>PRE-OPERATIVE(PRE-OP)</td><td>pre-operative(pre-op) visit</td></tr><tr><td><a href="CodeSystem-visit-type.html#visit-type-procedure">procedure</a></td><td>PROCEDURE</td><td>procedure visit</td></tr><tr><td><a href="CodeSystem-visit-type.html#visit-type-same-day">same-day</a></td><td>SAME DAY</td><td>same day visit</td></tr><tr><td><a href="CodeSystem-visit-type.html#visit-type-stress-test">stress-test</a></td><td>STRESS TEST</td><td>stress test visit</td></tr><tr><td><a href="CodeSystem-visit-type.html#visit-type-surgery">surgery</a></td><td>SURGERY</td><td>surgery visit</td></tr><tr><td><a href="CodeSystem-visit-type.html#visit-type-treatment">treatment</a></td><td>TREATMENT</td><td>treatment visit</td></tr><tr><td><a href="CodeSystem-visit-type.html#visit-type-ultrasound">ultrasound</a></td><td>ULTRASOUND</td><td>ultrasound visit</td></tr><tr><td><a href="CodeSystem-visit-type.html#visit-type-urgent">urgent</a></td><td>URGENT</td><td>urgent visit</td></tr><tr><td><a href="CodeSystem-visit-type.html#visit-type-vaccine">vaccine</a></td><td>VACCINATION</td><td>vaccination visit</td></tr><tr><td><a href="CodeSystem-visit-type.html#visit-type-vision">vision</a></td><td>VISION</td><td>vision visit</td></tr><tr><td><a href="CodeSystem-visit-type.html#visit-type-walk-in">walk-in</a></td><td>WALK IN</td><td>walk in visit</td></tr><tr><td><a href="CodeSystem-visit-type.html#visit-type-well-child">well-child</a></td><td>WELL CHILD</td><td>well child visit</td></tr><tr><td><a href="CodeSystem-visit-type.html#visit-type-x-ray">x-ray</a></td><td>X-RAY</td><td>x-ray visit</td></tr></table></li></ul></div>
  </text>
  <url value="http://fhir.org/guides/argonaut-scheduling/ValueSet/visit-type"/>
  <version value="1.0.0"/>
  <name value="Argonaut_Visit_Types"/>
  <title value="Argonaut Visit Types"/>
  <status value="active"/>
  <date value="2017-07-31T05:40:10+10:00"/>
  <description value="The Argonaut Visit Types are a prioritized valueset of the most common &#39;business types&#39; for scheduling and have been identified as the baseline use cases for the  Argonaut scheduling Implementation Guide.  This is intended to facilitates implementation of the IG by provide a common starting point for interoperability.  These concept are used in the Argonaut Appointment, Schedule and Slot resources.  The Visit types can be extended by implementers to meet there use cases.  In order to address overlap between `serviceType` and `appointmentType`, these concepts are mapped to the [Argonaut Appointment Types](http://fhir.org/guides/argonaut-scheduling/ConceptMap/visit-appt-map).  A mapping to [SNOMED CT](http://fhir.org/guides/argonaut-scheduling/ConceptMap/visit-snomed-map) is also provided."/>
  <jurisdiction>
    <coding>
      <system value="urn:iso:std:iso:3166"/>
      <code value="US"/>
      <display value="United States of America"/>
    </coding>
  </jurisdiction>
  <compose>
    <include>
      <system value="http://fhir.org/guides/argonaut-scheduling/CodeSystem/visit-type"/>
      <concept>
        <extension url="http://hl7.org/fhir/StructureDefinition/valueset-definition">
          <valueString value="breast imaging visit"/>
        </extension>
        <code value="breast-imaging"/>
        <display value="BREAST IMAGING"/>
      </concept>
      <concept>
        <extension url="http://hl7.org/fhir/StructureDefinition/valueset-definition">
          <valueString value="consultation visit"/>
        </extension>
        <code value="consult"/>
        <display value="CONSULTATION"/>
      </concept>
      <concept>
        <extension url="http://hl7.org/fhir/StructureDefinition/valueset-definition">
          <valueString value="computed tomography scan(ct) visit"/>
        </extension>
        <code value="ct"/>
        <display value="COMPUTED TOMOGRAPHY SCAN(CT)"/>
      </concept>
      <concept>
        <extension url="http://hl7.org/fhir/StructureDefinition/valueset-definition">
          <valueString value="dental visit"/>
        </extension>
        <code value="dental"/>
        <display value="DENTAL"/>
      </concept>
      <concept>
        <extension url="http://hl7.org/fhir/StructureDefinition/valueset-definition">
          <valueString value="Dual-energy X-ray absorptiometry(dxa) visit"/>
        </extension>
        <code value="dxa"/>
        <display value="DUAL-ENERGY X-RAY ABSORPTIOMETRY(DXA)"/>
      </concept>
      <concept>
        <extension url="http://hl7.org/fhir/StructureDefinition/valueset-definition">
          <valueString value="echocardiography(echo) visit"/>
        </extension>
        <code value="echo"/>
        <display value="ECHOCARDIOGRAPHY(ECHO)"/>
      </concept>
      <concept>
        <extension url="http://hl7.org/fhir/StructureDefinition/valueset-definition">
          <valueString value="echocardiography(echo) stress test visit"/>
        </extension>
        <code value="echo-stresstest"/>
        <display value="ECHOCARDIOGRAPHY(ECHO) STRESS TEST"/>
      </concept>
      <concept>
        <extension url="http://hl7.org/fhir/StructureDefinition/valueset-definition">
          <valueString value="education follow up visit"/>
        </extension>
        <code value="ed-followup"/>
        <display value="EDUCATION FOLLOW UP"/>
      </concept>
      <concept>
        <extension url="http://hl7.org/fhir/StructureDefinition/valueset-definition">
          <valueString value="Electroencephalography(eeg) visit"/>
        </extension>
        <code value="eeg"/>
        <display value="ELECTROENCEPHALOGRAPHY(EEG)"/>
      </concept>
      <concept>
        <extension url="http://hl7.org/fhir/StructureDefinition/valueset-definition">
          <valueString value="esophagogastroduodenoscopy(egd) visit"/>
        </extension>
        <code value="egd"/>
        <display value="ESOPHAGOGASTRODUODENOSCOPY(EGD)"/>
      </concept>
      <concept>
        <extension url="http://hl7.org/fhir/StructureDefinition/valueset-definition">
          <valueString value="electrocardiogram(ekg) visit"/>
        </extension>
        <code value="ekg"/>
        <display value="ELECTROCARDIOGRAM(EKG)"/>
      </concept>
      <concept>
        <extension url="http://hl7.org/fhir/StructureDefinition/valueset-definition">
          <valueString value="evaluation visit"/>
        </extension>
        <code value="evaluation"/>
        <display value="EVALUATION"/>
      </concept>
      <concept>
        <extension url="http://hl7.org/fhir/StructureDefinition/valueset-definition">
          <valueString value="Influenza vaccination clinic visit"/>
        </extension>
        <code value="flu-shot-clinic"/>
        <display value="INFLUENZA VACCINATION CLINIC"/>
      </concept>
      <concept>
        <extension url="http://hl7.org/fhir/StructureDefinition/valueset-definition">
          <valueString value="fluoroscopy visit"/>
        </extension>
        <code value="fluoroscopy"/>
        <display value="FLUOROSCOPY"/>
      </concept>
      <concept>
        <extension url="http://hl7.org/fhir/StructureDefinition/valueset-definition">
          <valueString value="follow up visit"/>
        </extension>
        <code value="follow-up"/>
        <display value="FOLLOW UP"/>
      </concept>
      <concept>
        <extension url="http://hl7.org/fhir/StructureDefinition/valueset-definition">
          <valueString value="home health visit visit"/>
        </extension>
        <code value="home-health"/>
        <display value="HOME HEALTH VISIT"/>
      </concept>
      <concept>
        <extension url="http://hl7.org/fhir/StructureDefinition/valueset-definition">
          <valueString value="injection visit"/>
        </extension>
        <code value="injection"/>
        <display value="INJECTION"/>
      </concept>
      <concept>
        <extension url="http://hl7.org/fhir/StructureDefinition/valueset-definition">
          <valueString value="interventional radiology visit"/>
        </extension>
        <code value="inter-rad"/>
        <display value="INTERVENTIONAL RADIOLOGY"/>
      </concept>
      <concept>
        <extension url="http://hl7.org/fhir/StructureDefinition/valueset-definition">
          <valueString value="Laboratory Testing visit"/>
        </extension>
        <code value="lab"/>
        <display value="LABORATORY TESTS"/>
      </concept>
      <concept>
        <extension url="http://hl7.org/fhir/StructureDefinition/valueset-definition">
          <valueString value="minor surgery visit"/>
        </extension>
        <code value="minor-surgery"/>
        <display value="MINOR SURGERY"/>
      </concept>
      <concept>
        <extension url="http://hl7.org/fhir/StructureDefinition/valueset-definition">
          <valueString value="magnetic resonance imaging(mri) visit"/>
        </extension>
        <code value="mri"/>
        <display value="MAGNETIC RESONANCE IMAGING(MRI)"/>
      </concept>
      <concept>
        <extension url="http://hl7.org/fhir/StructureDefinition/valueset-definition">
          <valueString value="new patient visit"/>
        </extension>
        <code value="new-patient"/>
        <display value="NEW PATIENT"/>
      </concept>
      <concept>
        <extension url="http://hl7.org/fhir/StructureDefinition/valueset-definition">
          <valueString value="nuclear medicine visit"/>
        </extension>
        <code value="nuc-med"/>
        <display value="NUCLEAR MEDICINE"/>
      </concept>
      <concept>
        <extension url="http://hl7.org/fhir/StructureDefinition/valueset-definition">
          <valueString value="occupational therapy visit"/>
        </extension>
        <code value="occup-therapy"/>
        <display value="OCCUPATIONAL THERAPY"/>
      </concept>
      <concept>
        <extension url="http://hl7.org/fhir/StructureDefinition/valueset-definition">
          <valueString value="office visit"/>
        </extension>
        <code value="office-visit"/>
        <display value="OFFICE VISIT"/>
      </concept>
      <concept>
        <extension url="http://hl7.org/fhir/StructureDefinition/valueset-definition">
          <valueString value="physical visit"/>
        </extension>
        <code value="physical"/>
        <display value="PHYSICAL"/>
      </concept>
      <concept>
        <extension url="http://hl7.org/fhir/StructureDefinition/valueset-definition">
          <valueString value="post-operative visit"/>
        </extension>
        <code value="post-op"/>
        <display value="POST-OPERATIVE(POST-OP)"/>
      </concept>
      <concept>
        <extension url="http://hl7.org/fhir/StructureDefinition/valueset-definition">
          <valueString value="pre-admission testing visit visit"/>
        </extension>
        <code value="pre-admit-testing"/>
        <display value="PRE-ADMISSION TESTING VISIT"/>
      </concept>
      <concept>
        <extension url="http://hl7.org/fhir/StructureDefinition/valueset-definition">
          <valueString value="pre-operative(pre-op) visit"/>
        </extension>
        <code value="pre-op"/>
        <display value="PRE-OPERATIVE(PRE-OP)"/>
      </concept>
      <concept>
        <extension url="http://hl7.org/fhir/StructureDefinition/valueset-definition">
          <valueString value="procedure visit"/>
        </extension>
        <code value="procedure"/>
        <display value="PROCEDURE"/>
      </concept>
      <concept>
        <extension url="http://hl7.org/fhir/StructureDefinition/valueset-definition">
          <valueString value="same day visit"/>
        </extension>
        <code value="same-day"/>
        <display value="SAME DAY"/>
      </concept>
      <concept>
        <extension url="http://hl7.org/fhir/StructureDefinition/valueset-definition">
          <valueString value="stress test visit"/>
        </extension>
        <code value="stress-test"/>
        <display value="STRESS TEST"/>
      </concept>
      <concept>
        <extension url="http://hl7.org/fhir/StructureDefinition/valueset-definition">
          <valueString value="surgery visit"/>
        </extension>
        <code value="surgery"/>
        <display value="SURGERY"/>
      </concept>
      <concept>
        <extension url="http://hl7.org/fhir/StructureDefinition/valueset-definition">
          <valueString value="treatment visit"/>
        </extension>
        <code value="treatment"/>
        <display value="TREATMENT"/>
      </concept>
      <concept>
        <extension url="http://hl7.org/fhir/StructureDefinition/valueset-definition">
          <valueString value="ultrasound visit"/>
        </extension>
        <code value="ultrasound"/>
        <display value="ULTRASOUND"/>
      </concept>
      <concept>
        <extension url="http://hl7.org/fhir/StructureDefinition/valueset-definition">
          <valueString value="urgent visit"/>
        </extension>
        <code value="urgent"/>
        <display value="URGENT"/>
      </concept>
      <concept>
        <extension url="http://hl7.org/fhir/StructureDefinition/valueset-definition">
          <valueString value="vaccination visit"/>
        </extension>
        <code value="vaccine"/>
        <display value="VACCINATION"/>
      </concept>
      <concept>
        <extension url="http://hl7.org/fhir/StructureDefinition/valueset-definition">
          <valueString value="vision visit"/>
        </extension>
        <code value="vision"/>
        <display value="VISION"/>
      </concept>
      <concept>
        <extension url="http://hl7.org/fhir/StructureDefinition/valueset-definition">
          <valueString value="walk in visit"/>
        </extension>
        <code value="walk-in"/>
        <display value="WALK IN"/>
      </concept>
      <concept>
        <extension url="http://hl7.org/fhir/StructureDefinition/valueset-definition">
          <valueString value="well child visit"/>
        </extension>
        <code value="well-child"/>
        <display value="WELL CHILD"/>
      </concept>
      <concept>
        <extension url="http://hl7.org/fhir/StructureDefinition/valueset-definition">
          <valueString value="x-ray visit"/>
        </extension>
        <code value="x-ray"/>
        <display value="X-RAY"/>
      </concept>
    </include>
  </compose>
</ValueSet>