<?xml version="1.0" encoding="UTF-8"?>

<ValueSet xmlns="http://hl7.org/fhir">
  <id value="uds-plus-birthsex-codes"/>
  <meta>
    <versionId value="1"/>
    <lastUpdated value="2022-08-04T15:52:33.158+00:00"/>
    <source value="#3Te0anOrvocKgcow"/>
    <profile value="http://hl7.org/fhir/StructureDefinition/shareablevalueset"/>
  </meta>
  <text>
    <status value="extensions"/><div xmlns="http://www.w3.org/1999/xhtml"><p class="res-header-id"><b>Generated Narrative: ValueSet uds-plus-birthsex-codes</b></p><a name="uds-plus-birthsex-codes"> </a><a name="hcuds-plus-birthsex-codes"> </a><a name="uds-plus-birthsex-codes-en-US"> </a><div style="display: inline-block; background-color: #d9e0e7; padding: 6px; margin: 4px; border: 1px solid #8da1b4; border-radius: 5px; line-height: 60%"><p style="margin-bottom: 0px">version: 1; Last updated: 2022-08-04 15:52:33+0000; </p><p style="margin-bottom: 0px">Information Source: #3Te0anOrvocKgcow</p><p style="margin-bottom: 0px">Profile: <a href="http://hl7.org/fhir/R4/shareablevalueset.html">Shareable ValueSet</a></p></div><ul><li>Include these codes as defined in <a href="http://terminology.hl7.org/6.0.2/CodeSystem-v3-AdministrativeGender.html"><code>http://terminology.hl7.org/CodeSystem/v3-AdministrativeGender</code></a><table class="none"><tr><td style="white-space:nowrap"><b>Code</b></td><td><b>Display</b></td><td><b>Definition</b></td></tr><tr><td><a href="http://terminology.hl7.org/6.0.2/CodeSystem-v3-AdministrativeGender.html#v3-AdministrativeGender-F">F</a></td><td>Female</td><td>Female</td></tr><tr><td><a href="http://terminology.hl7.org/6.0.2/CodeSystem-v3-AdministrativeGender.html#v3-AdministrativeGender-M">M</a></td><td>Male</td><td>Male</td></tr></table></li></ul></div>
  </text>
  <extension url="http://hl7.org/fhir/StructureDefinition/structuredefinition-fmm">
    <valueInteger value="2">
      <extension url="http://hl7.org/fhir/StructureDefinition/structuredefinition-conformance-derivedFrom">
        <valueCanonical value="http://fhir.org/guides/hrsa/uds-plus/ImplementationGuide/fhir.hrsa.uds-plus"/>
      </extension>
    </valueInteger>
  </extension>
  <extension url="http://hl7.org/fhir/StructureDefinition/structuredefinition-standards-status">
    <valueCode value="trial-use">
      <extension url="http://hl7.org/fhir/StructureDefinition/structuredefinition-conformance-derivedFrom">
        <valueCanonical value="http://fhir.org/guides/hrsa/uds-plus/ImplementationGuide/fhir.hrsa.uds-plus"/>
      </extension>
    </valueCode>
  </extension>
  <url value="http://fhir.org/guides/hrsa/uds-plus/ValueSet/uds-plus-birthsex-codes"/>
  <version value="1.1.0"/>
  <name value="UdsPlusBirthSexCodes"/>
  <title value="Uds Plus Birth Sex Codes"/>
  <status value="active"/>
  <experimental value="false"/>
  <date value="2023-08-25"/>
  <publisher value="HRSA BPHC"/>
  <contact>
    <telecom>
      <system value="url"/>
      <value value="https://bphc.hrsa.gov/"/>
    </telecom>
  </contact>
  <description value="The Uds Plus Birth Sex Codes is a set of codes for identifying the birth sex of Patients."/>
  <jurisdiction>
    <coding>
      <system value="http://unstats.un.org/unsd/methods/m49/m49.htm"/>
      <code value="001"/>
    </coding>
  </jurisdiction>
  <compose>
    <include>
      <system value="http://terminology.hl7.org/CodeSystem/v3-AdministrativeGender"/>
      <concept>
        <code value="F"/>
        <display value="Female"/>
      </concept>
      <concept>
        <code value="M"/>
        <display value="Male"/>
      </concept>
    </include>
  </compose>
</ValueSet>