{"resourceType":"CodeSystem","id":"udsplus-service-delivery-codes","text":{"status":"generated","div":"<div xmlns=\"http://www.w3.org/1999/xhtml\"><p class=\"res-header-id\"><b>Generated Narrative: CodeSystem udsplus-service-delivery-codes</b></p><a name=\"udsplus-service-delivery-codes\"> </a><a name=\"hcudsplus-service-delivery-codes\"> </a><a name=\"udsplus-service-delivery-codes-en-US\"> </a><p>This case-sensitive code system <code>http://fhir.org/guides/hrsa/uds-plus/CodeSystem/udsplus-service-delivery-codes</code> defines the following codes:</p><table class=\"codes\"><tr><td style=\"white-space:nowrap\"><b>Code</b></td><td><b>Display</b></td><td><b>Definition</b></td></tr><tr><td style=\"white-space:nowrap\">public-housing<a name=\"udsplus-service-delivery-codes-public-housing\"> </a></td><td>Care was delivered in a Location that is considered public housing</td><td>Care was delivered in a Location that is considered public housing</td></tr><tr><td style=\"white-space:nowrap\">school<a name=\"udsplus-service-delivery-codes-school\"> </a></td><td>Care was delivered in a Location that is considered a school</td><td>Care was delivered in a Location that is considered a school</td></tr></table></div>"},"extension":[{"url":"http://hl7.org/fhir/StructureDefinition/structuredefinition-fmm","valueInteger":2,"_valueInteger":{"extension":[{"url":"http://hl7.org/fhir/StructureDefinition/structuredefinition-conformance-derivedFrom","valueCanonical":"http://fhir.org/guides/hrsa/uds-plus/ImplementationGuide/fhir.hrsa.uds-plus"}]}},{"url":"http://hl7.org/fhir/StructureDefinition/structuredefinition-standards-status","valueCode":"trial-use","_valueCode":{"extension":[{"url":"http://hl7.org/fhir/StructureDefinition/structuredefinition-conformance-derivedFrom","valueCanonical":"http://fhir.org/guides/hrsa/uds-plus/ImplementationGuide/fhir.hrsa.uds-plus"}]}}],"url":"http://fhir.org/guides/hrsa/uds-plus/CodeSystem/udsplus-service-delivery-codes","version":"2.0.0","name":"UDSPlusServiceDeliveryCodes","title":"UDS Plus Housing Service Delivery Codes","status":"active","experimental":false,"date":"2022-09-06","publisher":"HRSA BPHC","contact":[{"telecom":[{"system":"url","value":"https://bphc.hrsa.gov/"}]}],"description":"The UDS Plus CodeSystem is an 'addition set' of one code to the existing Location Service Delivery Codes value set for UDS+ purposes.","jurisdiction":[{"coding":[{"system":"http://unstats.un.org/unsd/methods/m49/m49.htm","code":"001"}]}],"caseSensitive":true,"content":"complete","count":2,"concept":[{"code":"public-housing","display":"Care was delivered in a Location that is considered public housing","definition":"Care was delivered in a Location that is considered public housing"},{"code":"school","display":"Care was delivered in a Location that is considered a school","definition":"Care was delivered in a Location that is considered a school"}]}