{"resourceType":"ImplementationGuide","id":"fhir.hrsa.uds-plus","text":{"status":"generated","div":"<div xmlns=\"http://www.w3.org/1999/xhtml\"><p class=\"res-header-id\"><b>Generated Narrative: ImplementationGuide fhir.hrsa.uds-plus</b></p><a name=\"fhir.hrsa.uds-plus\"> </a><a name=\"hcfhir.hrsa.uds-plus\"> </a><a name=\"fhir.hrsa.uds-plus-en-US\"> </a><h2>UdsPlusFhirIg</h2><p>The official URL for this implementation guide is: </p><pre>http://fhir.org/guides/hrsa/uds-plus/ImplementationGuide/fhir.hrsa.uds-plus</pre><div><p>A brief description of what udsplus is about (probably the same text as in your readme)</p>\n</div></div>"},"extension":[{"url":"http://hl7.org/fhir/StructureDefinition/structuredefinition-standards-status","valueCode":"trial-use"},{"url":"http://hl7.org/fhir/StructureDefinition/structuredefinition-fmm","valueInteger":2}],"url":"http://fhir.org/guides/hrsa/uds-plus/ImplementationGuide/fhir.hrsa.uds-plus","version":"2.0.0","name":"UdsPlusFhirIg","title":"HRSA 2024 Uniform Data System (UDS) Patient Level Submission (PLS) (UDS+) FHIR IG","status":"active","experimental":false,"date":"2025-03-28T22:44:56+11:00","publisher":"HRSA BPHC","contact":[{"telecom":[{"system":"url","value":"https://bphc.hrsa.gov/"}]}],"description":"A brief description of what udsplus is about (probably the same text as in your readme)","jurisdiction":[{"coding":[{"system":"http://unstats.un.org/unsd/methods/m49/m49.htm","code":"001"}]}],"packageId":"fhir.hrsa.uds-plus","license":"CC0-1.0","fhirVersion":["4.0.1"],"dependsOn":[{"id":"hl7tx","extension":[{"url":"http://hl7.org/fhir/tools/StructureDefinition/implementationguide-dependency-comment","valueMarkdown":"Automatically added as a dependency - all IGs depend on HL7 Terminology"}],"uri":"http://terminology.hl7.org/ImplementationGuide/hl7.terminology","packageId":"hl7.terminology.r4","version":"6.2.0"},{"id":"hl7ext","extension":[{"url":"http://hl7.org/fhir/tools/StructureDefinition/implementationguide-dependency-comment","valueMarkdown":"Automatically added as a dependency - all IGs depend on the HL7 Extension Pack"}],"uri":"http://hl7.org/fhir/extensions/ImplementationGuide/hl7.fhir.uv.extensions","packageId":"hl7.fhir.uv.extensions.r4","version":"5.2.0"},{"id":"uscoreR4","uri":"http://hl7.org/fhir/us/core/ImplementationGuide/hl7.fhir.us.core","packageId":"hl7.fhir.us.core","version":"6.1.0"},{"id":"bulkig","uri":"http://hl7.org/fhir/uv/bulkdata/ImplementationGuide/hl7.fhir.uv.bulkdata","packageId":"hl7.fhir.uv.bulkdata","version":"2.0.0"},{"id":"smartapplaunch","uri":"http://hl7.org/fhir/smart-app-launch/ImplementationGuide/hl7.fhir.uv.smart-app-launch","packageId":"hl7.fhir.uv.smart-app-launch","version":"2.1.0"},{"id":"usnlmvsac","uri":"http://fhir.org/packages/us.nlm.vsac/ImplementationGuide/us.nlm.vsac","packageId":"us.nlm.vsac","version":"0.21.0"},{"id":"uscdcphinvads","uri":"http://fhir.org/packages/us.cdc.phinvads/ImplementationGuide/us.cdc.phinvads","packageId":"us.cdc.phinvads","version":"0.12.0"}],"definition":{"extension":[{"extension":[{"url":"code","valueString":"no-narrative"},{"url":"value","valueString":"AdverseEvent/de-identified-example"}],"url":"http://hl7.org/fhir/tools/StructureDefinition/ig-parameter"},{"extension":[{"url":"code","valueString":"no-narrative"},{"url":"value","valueString":"AllergyIntolerance/de-identified-example"}],"url":"http://hl7.org/fhir/tools/StructureDefinition/ig-parameter"},{"extension":[{"url":"code","valueString":"no-narrative"},{"url":"value","valueString":"Observation/clinical-result-de-identified-example"}],"url":"http://hl7.org/fhir/tools/StructureDefinition/ig-parameter"},{"extension":[{"url":"code","valueString":"no-narrative"},{"url":"value","valueString":"Condition/de-identified-example"}],"url":"http://hl7.org/fhir/tools/StructureDefinition/ig-parameter"},{"extension":[{"url":"code","valueString":"no-narrative"},{"url":"value","valueString":"Coverage/de-identified-example"}],"url":"http://hl7.org/fhir/tools/StructureDefinition/ig-parameter"},{"extension":[{"url":"code","valueString":"no-narrative"},{"url":"value","valueString":"Immunization/de-identified-example"}],"url":"http://hl7.org/fhir/tools/StructureDefinition/ig-parameter"},{"extension":[{"url":"code","valueString":"no-narrative"},{"url":"value","valueString":"Observation/de-identified-example"}],"url":"http://hl7.org/fhir/tools/StructureDefinition/ig-parameter"},{"extension":[{"url":"code","valueString":"no-narrative"},{"url":"value","valueString":"MedicationRequest/de-identified-example"}],"url":"http://hl7.org/fhir/tools/StructureDefinition/ig-parameter"},{"extension":[{"url":"code","valueString":"no-narrative"},{"url":"value","valueString":"MedicationStatement/de-identified-example"}],"url":"http://hl7.org/fhir/tools/StructureDefinition/ig-parameter"},{"extension":[{"url":"code","valueString":"no-narrative"},{"url":"value","valueString":"Patient/de-identified-example"}],"url":"http://hl7.org/fhir/tools/StructureDefinition/ig-parameter"},{"extension":[{"url":"code","valueString":"no-narrative"},{"url":"value","valueString":"Patient/de-identified-smallpop-example"}],"url":"http://hl7.org/fhir/tools/StructureDefinition/ig-parameter"},{"extension":[{"url":"code","valueString":"no-narrative"},{"url":"value","valueString":"Patient/de-identified-age89-example"}],"url":"http://hl7.org/fhir/tools/StructureDefinition/ig-parameter"},{"extension":[{"url":"code","valueString":"no-narrative"},{"url":"value","valueString":"Procedure/de-identified-example"}],"url":"http://hl7.org/fhir/tools/StructureDefinition/ig-parameter"},{"extension":[{"url":"code","valueString":"no-narrative"},{"url":"value","valueString":"RelatedPerson/de-identified-example"}],"url":"http://hl7.org/fhir/tools/StructureDefinition/ig-parameter"},{"extension":[{"url":"code","valueString":"no-narrative"},{"url":"value","valueString":"ServiceRequest/de-identified-example"}],"url":"http://hl7.org/fhir/tools/StructureDefinition/ig-parameter"},{"extension":[{"url":"code","valueString":"no-narrative"},{"url":"value","valueString":"Encounter/de-identified-example"}],"url":"http://hl7.org/fhir/tools/StructureDefinition/ig-parameter"},{"extension":[{"url":"code","valueString":"no-narrative"},{"url":"value","valueString":"Observation/de-identified-income-example"}],"url":"http://hl7.org/fhir/tools/StructureDefinition/ig-parameter"},{"extension":[{"url":"code","valueString":"no-narrative"},{"url":"value","valueString":"Observation/de-identified-low-income-example"}],"url":"http://hl7.org/fhir/tools/StructureDefinition/ig-parameter"},{"extension":[{"url":"code","valueString":"no-narrative"},{"url":"value","valueString":"Observation/de-identified-income-with-quantity-example"}],"url":"http://hl7.org/fhir/tools/StructureDefinition/ig-parameter"},{"extension":[{"url":"code","valueString":"no-narrative"},{"url":"value","valueString":"Observation/de-identified-example"}],"url":"http://hl7.org/fhir/tools/StructureDefinition/ig-parameter"},{"extension":[{"url":"code","valueString":"no-narrative"},{"url":"value","valueString":"Observation/generic-observation-de-identified-example"}],"url":"http://hl7.org/fhir/tools/StructureDefinition/ig-parameter"},{"extension":[{"url":"code","valueString":"copyrightyear"},{"url":"value","valueString":"2023+"}],"url":"http://hl7.org/fhir/tools/StructureDefinition/ig-parameter"},{"extension":[{"url":"code","valueString":"releaselabel"},{"url":"value","valueString":"STU2 Release 1 - Standard for Trial-Use"}],"url":"http://hl7.org/fhir/tools/StructureDefinition/ig-parameter"},{"extension":[{"url":"code","valueString":"path-expansion-params"},{"url":"value","valueString":"terminology-settings.json"}],"url":"http://hl7.org/fhir/tools/StructureDefinition/ig-parameter"},{"extension":[{"url":"code","valueString":"autoload-resources"},{"url":"value","valueString":"true"}],"url":"http://hl7.org/fhir/tools/StructureDefinition/ig-parameter"},{"extension":[{"url":"code","valueString":"path-liquid"},{"url":"value","valueString":"template/liquid"}],"url":"http://hl7.org/fhir/tools/StructureDefinition/ig-parameter"},{"extension":[{"url":"code","valueString":"path-liquid"},{"url":"value","valueString":"input/liquid"}],"url":"http://hl7.org/fhir/tools/StructureDefinition/ig-parameter"},{"extension":[{"url":"code","valueString":"path-qa"},{"url":"value","valueString":"temp/qa"}],"url":"http://hl7.org/fhir/tools/StructureDefinition/ig-parameter"},{"extension":[{"url":"code","valueString":"path-temp"},{"url":"value","valueString":"temp/pages"}],"url":"http://hl7.org/fhir/tools/StructureDefinition/ig-parameter"},{"extension":[{"url":"code","valueString":"path-output"},{"url":"value","valueString":"output"}],"url":"http://hl7.org/fhir/tools/StructureDefinition/ig-parameter"},{"extension":[{"url":"code","valueString":"path-suppressed-warnings"},{"url":"value","valueString":"input/ignoreWarnings.txt"}],"url":"http://hl7.org/fhir/tools/StructureDefinition/ig-parameter"},{"extension":[{"url":"code","valueString":"path-history"},{"url":"value","valueString":"http://fhir.org/guides/hrsa/uds-plus/history.html"}],"url":"http://hl7.org/fhir/tools/StructureDefinition/ig-parameter"},{"extension":[{"url":"code","valueString":"template-html"},{"url":"value","valueString":"template-page.html"}],"url":"http://hl7.org/fhir/tools/StructureDefinition/ig-parameter"},{"extension":[{"url":"code","valueString":"template-md"},{"url":"value","valueString":"template-page-md.html"}],"url":"http://hl7.org/fhir/tools/StructureDefinition/ig-parameter"},{"extension":[{"url":"code","valueString":"apply-contact"},{"url":"value","valueString":"true"}],"url":"http://hl7.org/fhir/tools/StructureDefinition/ig-parameter"},{"extension":[{"url":"code","valueString":"apply-context"},{"url":"value","valueString":"true"}],"url":"http://hl7.org/fhir/tools/StructureDefinition/ig-parameter"},{"extension":[{"url":"code","valueString":"apply-copyright"},{"url":"value","valueString":"true"}],"url":"http://hl7.org/fhir/tools/StructureDefinition/ig-parameter"},{"extension":[{"url":"code","valueString":"apply-jurisdiction"},{"url":"value","valueString":"true"}],"url":"http://hl7.org/fhir/tools/StructureDefinition/ig-parameter"},{"extension":[{"url":"code","valueString":"apply-license"},{"url":"value","valueString":"true"}],"url":"http://hl7.org/fhir/tools/StructureDefinition/ig-parameter"},{"extension":[{"url":"code","valueString":"apply-publisher"},{"url":"value","valueString":"true"}],"url":"http://hl7.org/fhir/tools/StructureDefinition/ig-parameter"},{"extension":[{"url":"code","valueString":"apply-version"},{"url":"value","valueString":"true"}],"url":"http://hl7.org/fhir/tools/StructureDefinition/ig-parameter"},{"extension":[{"url":"code","valueString":"apply-wg"},{"url":"value","valueString":"true"}],"url":"http://hl7.org/fhir/tools/StructureDefinition/ig-parameter"},{"extension":[{"url":"code","valueString":"active-tables"},{"url":"value","valueString":"true"}],"url":"http://hl7.org/fhir/tools/StructureDefinition/ig-parameter"},{"extension":[{"url":"code","valueString":"fmm-definition"},{"url":"value","valueString":"http://hl7.org/fhir/versions.html#maturity"}],"url":"http://hl7.org/fhir/tools/StructureDefinition/ig-parameter"},{"extension":[{"url":"code","valueString":"propagate-status"},{"url":"value","valueString":"true"}],"url":"http://hl7.org/fhir/tools/StructureDefinition/ig-parameter"},{"extension":[{"url":"code","valueString":"excludelogbinaryformat"},{"url":"value","valueString":"true"}],"url":"http://hl7.org/fhir/tools/StructureDefinition/ig-parameter"},{"extension":[{"url":"code","valueString":"tabbed-snapshots"},{"url":"value","valueString":"true"}],"url":"http://hl7.org/fhir/tools/StructureDefinition/ig-parameter"},{"url":"http://hl7.org/fhir/tools/StructureDefinition/ig-internal-dependency","valueCode":"hl7.fhir.uv.tools.r4#0.4.1"},{"extension":[{"url":"code","valueCode":"no-narrative"},{"url":"value","valueString":"AdverseEvent/de-identified-example"}],"url":"http://hl7.org/fhir/tools/StructureDefinition/ig-parameter"},{"extension":[{"url":"code","valueCode":"no-narrative"},{"url":"value","valueString":"AllergyIntolerance/de-identified-example"}],"url":"http://hl7.org/fhir/tools/StructureDefinition/ig-parameter"},{"extension":[{"url":"code","valueCode":"no-narrative"},{"url":"value","valueString":"Observation/clinical-result-de-identified-example"}],"url":"http://hl7.org/fhir/tools/StructureDefinition/ig-parameter"},{"extension":[{"url":"code","valueCode":"no-narrative"},{"url":"value","valueString":"Condition/de-identified-example"}],"url":"http://hl7.org/fhir/tools/StructureDefinition/ig-parameter"},{"extension":[{"url":"code","valueCode":"no-narrative"},{"url":"value","valueString":"Coverage/de-identified-example"}],"url":"http://hl7.org/fhir/tools/StructureDefinition/ig-parameter"},{"extension":[{"url":"code","valueCode":"no-narrative"},{"url":"value","valueString":"Immunization/de-identified-example"}],"url":"http://hl7.org/fhir/tools/StructureDefinition/ig-parameter"},{"extension":[{"url":"code","valueCode":"no-narrative"},{"url":"value","valueString":"Observation/de-identified-example"}],"url":"http://hl7.org/fhir/tools/StructureDefinition/ig-parameter"},{"extension":[{"url":"code","valueCode":"no-narrative"},{"url":"value","valueString":"MedicationRequest/de-identified-example"}],"url":"http://hl7.org/fhir/tools/StructureDefinition/ig-parameter"},{"extension":[{"url":"code","valueCode":"no-narrative"},{"url":"value","valueString":"MedicationStatement/de-identified-example"}],"url":"http://hl7.org/fhir/tools/StructureDefinition/ig-parameter"},{"extension":[{"url":"code","valueCode":"no-narrative"},{"url":"value","valueString":"Patient/de-identified-example"}],"url":"http://hl7.org/fhir/tools/StructureDefinition/ig-parameter"},{"extension":[{"url":"code","valueCode":"no-narrative"},{"url":"value","valueString":"Patient/de-identified-smallpop-example"}],"url":"http://hl7.org/fhir/tools/StructureDefinition/ig-parameter"},{"extension":[{"url":"code","valueCode":"no-narrative"},{"url":"value","valueString":"Patient/de-identified-age89-example"}],"url":"http://hl7.org/fhir/tools/StructureDefinition/ig-parameter"},{"extension":[{"url":"code","valueCode":"no-narrative"},{"url":"value","valueString":"Procedure/de-identified-example"}],"url":"http://hl7.org/fhir/tools/StructureDefinition/ig-parameter"},{"extension":[{"url":"code","valueCode":"no-narrative"},{"url":"value","valueString":"RelatedPerson/de-identified-example"}],"url":"http://hl7.org/fhir/tools/StructureDefinition/ig-parameter"},{"extension":[{"url":"code","valueCode":"no-narrative"},{"url":"value","valueString":"ServiceRequest/de-identified-example"}],"url":"http://hl7.org/fhir/tools/StructureDefinition/ig-parameter"},{"extension":[{"url":"code","valueCode":"no-narrative"},{"url":"value","valueString":"Encounter/de-identified-example"}],"url":"http://hl7.org/fhir/tools/StructureDefinition/ig-parameter"},{"extension":[{"url":"code","valueCode":"no-narrative"},{"url":"value","valueString":"Observation/de-identified-income-example"}],"url":"http://hl7.org/fhir/tools/StructureDefinition/ig-parameter"},{"extension":[{"url":"code","valueCode":"no-narrative"},{"url":"value","valueString":"Observation/de-identified-low-income-example"}],"url":"http://hl7.org/fhir/tools/StructureDefinition/ig-parameter"},{"extension":[{"url":"code","valueCode":"no-narrative"},{"url":"value","valueString":"Observation/de-identified-income-with-quantity-example"}],"url":"http://hl7.org/fhir/tools/StructureDefinition/ig-parameter"},{"extension":[{"url":"code","valueCode":"no-narrative"},{"url":"value","valueString":"Observation/de-identified-example"}],"url":"http://hl7.org/fhir/tools/StructureDefinition/ig-parameter"},{"extension":[{"url":"code","valueCode":"no-narrative"},{"url":"value","valueString":"Observation/generic-observation-de-identified-example"}],"url":"http://hl7.org/fhir/tools/StructureDefinition/ig-parameter"},{"extension":[{"url":"code","valueCode":"copyrightyear"},{"url":"value","valueString":"2023+"}],"url":"http://hl7.org/fhir/tools/StructureDefinition/ig-parameter"},{"extension":[{"url":"code","valueCode":"releaselabel"},{"url":"value","valueString":"STU2 Release 1 - Standard for Trial-Use"}],"url":"http://hl7.org/fhir/tools/StructureDefinition/ig-parameter"},{"extension":[{"url":"code","valueCode":"path-expansion-params"},{"url":"value","valueString":"terminology-settings.json"}],"url":"http://hl7.org/fhir/tools/StructureDefinition/ig-parameter"},{"extension":[{"url":"code","valueCode":"autoload-resources"},{"url":"value","valueString":"true"}],"url":"http://hl7.org/fhir/tools/StructureDefinition/ig-parameter"},{"extension":[{"url":"code","valueCode":"path-liquid"},{"url":"value","valueString":"template/liquid"}],"url":"http://hl7.org/fhir/tools/StructureDefinition/ig-parameter"},{"extension":[{"url":"code","valueCode":"path-liquid"},{"url":"value","valueString":"input/liquid"}],"url":"http://hl7.org/fhir/tools/StructureDefinition/ig-parameter"},{"extension":[{"url":"code","valueCode":"path-qa"},{"url":"value","valueString":"temp/qa"}],"url":"http://hl7.org/fhir/tools/StructureDefinition/ig-parameter"},{"extension":[{"url":"code","valueCode":"path-temp"},{"url":"value","valueString":"temp/pages"}],"url":"http://hl7.org/fhir/tools/StructureDefinition/ig-parameter"},{"extension":[{"url":"code","valueCode":"path-output"},{"url":"value","valueString":"output"}],"url":"http://hl7.org/fhir/tools/StructureDefinition/ig-parameter"},{"extension":[{"url":"code","valueCode":"path-suppressed-warnings"},{"url":"value","valueString":"input/ignoreWarnings.txt"}],"url":"http://hl7.org/fhir/tools/StructureDefinition/ig-parameter"},{"extension":[{"url":"code","valueCode":"path-history"},{"url":"value","valueString":"http://fhir.org/guides/hrsa/uds-plus/history.html"}],"url":"http://hl7.org/fhir/tools/StructureDefinition/ig-parameter"},{"extension":[{"url":"code","valueCode":"template-html"},{"url":"value","valueString":"template-page.html"}],"url":"http://hl7.org/fhir/tools/StructureDefinition/ig-parameter"},{"extension":[{"url":"code","valueCode":"template-md"},{"url":"value","valueString":"template-page-md.html"}],"url":"http://hl7.org/fhir/tools/StructureDefinition/ig-parameter"},{"extension":[{"url":"code","valueCode":"apply-contact"},{"url":"value","valueString":"true"}],"url":"http://hl7.org/fhir/tools/StructureDefinition/ig-parameter"},{"extension":[{"url":"code","valueCode":"apply-context"},{"url":"value","valueString":"true"}],"url":"http://hl7.org/fhir/tools/StructureDefinition/ig-parameter"},{"extension":[{"url":"code","valueCode":"apply-copyright"},{"url":"value","valueString":"true"}],"url":"http://hl7.org/fhir/tools/StructureDefinition/ig-parameter"},{"extension":[{"url":"code","valueCode":"apply-jurisdiction"},{"url":"value","valueString":"true"}],"url":"http://hl7.org/fhir/tools/StructureDefinition/ig-parameter"},{"extension":[{"url":"code","valueCode":"apply-license"},{"url":"value","valueString":"true"}],"url":"http://hl7.org/fhir/tools/StructureDefinition/ig-parameter"},{"extension":[{"url":"code","valueCode":"apply-publisher"},{"url":"value","valueString":"true"}],"url":"http://hl7.org/fhir/tools/StructureDefinition/ig-parameter"},{"extension":[{"url":"code","valueCode":"apply-version"},{"url":"value","valueString":"true"}],"url":"http://hl7.org/fhir/tools/StructureDefinition/ig-parameter"},{"extension":[{"url":"code","valueCode":"apply-wg"},{"url":"value","valueString":"true"}],"url":"http://hl7.org/fhir/tools/StructureDefinition/ig-parameter"},{"extension":[{"url":"code","valueCode":"active-tables"},{"url":"value","valueString":"true"}],"url":"http://hl7.org/fhir/tools/StructureDefinition/ig-parameter"},{"extension":[{"url":"code","valueCode":"fmm-definition"},{"url":"value","valueString":"http://hl7.org/fhir/versions.html#maturity"}],"url":"http://hl7.org/fhir/tools/StructureDefinition/ig-parameter"},{"extension":[{"url":"code","valueCode":"propagate-status"},{"url":"value","valueString":"true"}],"url":"http://hl7.org/fhir/tools/StructureDefinition/ig-parameter"},{"extension":[{"url":"code","valueCode":"excludelogbinaryformat"},{"url":"value","valueString":"true"}],"url":"http://hl7.org/fhir/tools/StructureDefinition/ig-parameter"},{"extension":[{"url":"code","valueCode":"tabbed-snapshots"},{"url":"value","valueString":"true"}],"url":"http://hl7.org/fhir/tools/StructureDefinition/ig-parameter"},{"extension":[{"url":"code","valueCode":"no-narrative"},{"url":"value","valueString":"AdverseEvent/de-identified-example"}],"url":"http://hl7.org/fhir/tools/StructureDefinition/ig-parameter"},{"extension":[{"url":"code","valueCode":"no-narrative"},{"url":"value","valueString":"AllergyIntolerance/de-identified-example"}],"url":"http://hl7.org/fhir/tools/StructureDefinition/ig-parameter"},{"extension":[{"url":"code","valueCode":"no-narrative"},{"url":"value","valueString":"Observation/clinical-result-de-identified-example"}],"url":"http://hl7.org/fhir/tools/StructureDefinition/ig-parameter"},{"extension":[{"url":"code","valueCode":"no-narrative"},{"url":"value","valueString":"Condition/de-identified-example"}],"url":"http://hl7.org/fhir/tools/StructureDefinition/ig-parameter"},{"extension":[{"url":"code","valueCode":"no-narrative"},{"url":"value","valueString":"Coverage/de-identified-example"}],"url":"http://hl7.org/fhir/tools/StructureDefinition/ig-parameter"},{"extension":[{"url":"code","valueCode":"no-narrative"},{"url":"value","valueString":"Immunization/de-identified-example"}],"url":"http://hl7.org/fhir/tools/StructureDefinition/ig-parameter"},{"extension":[{"url":"code","valueCode":"no-narrative"},{"url":"value","valueString":"Observation/de-identified-example"}],"url":"http://hl7.org/fhir/tools/StructureDefinition/ig-parameter"},{"extension":[{"url":"code","valueCode":"no-narrative"},{"url":"value","valueString":"MedicationRequest/de-identified-example"}],"url":"http://hl7.org/fhir/tools/StructureDefinition/ig-parameter"},{"extension":[{"url":"code","valueCode":"no-narrative"},{"url":"value","valueString":"MedicationStatement/de-identified-example"}],"url":"http://hl7.org/fhir/tools/StructureDefinition/ig-parameter"},{"extension":[{"url":"code","valueCode":"no-narrative"},{"url":"value","valueString":"Patient/de-identified-example"}],"url":"http://hl7.org/fhir/tools/StructureDefinition/ig-parameter"},{"extension":[{"url":"code","valueCode":"no-narrative"},{"url":"value","valueString":"Patient/de-identified-smallpop-example"}],"url":"http://hl7.org/fhir/tools/StructureDefinition/ig-parameter"},{"extension":[{"url":"code","valueCode":"no-narrative"},{"url":"value","valueString":"Patient/de-identified-age89-example"}],"url":"http://hl7.org/fhir/tools/StructureDefinition/ig-parameter"},{"extension":[{"url":"code","valueCode":"no-narrative"},{"url":"value","valueString":"Procedure/de-identified-example"}],"url":"http://hl7.org/fhir/tools/StructureDefinition/ig-parameter"},{"extension":[{"url":"code","valueCode":"no-narrative"},{"url":"value","valueString":"RelatedPerson/de-identified-example"}],"url":"http://hl7.org/fhir/tools/StructureDefinition/ig-parameter"},{"extension":[{"url":"code","valueCode":"no-narrative"},{"url":"value","valueString":"ServiceRequest/de-identified-example"}],"url":"http://hl7.org/fhir/tools/StructureDefinition/ig-parameter"},{"extension":[{"url":"code","valueCode":"no-narrative"},{"url":"value","valueString":"Encounter/de-identified-example"}],"url":"http://hl7.org/fhir/tools/StructureDefinition/ig-parameter"},{"extension":[{"url":"code","valueCode":"no-narrative"},{"url":"value","valueString":"Observation/de-identified-income-example"}],"url":"http://hl7.org/fhir/tools/StructureDefinition/ig-parameter"},{"extension":[{"url":"code","valueCode":"no-narrative"},{"url":"value","valueString":"Observation/de-identified-low-income-example"}],"url":"http://hl7.org/fhir/tools/StructureDefinition/ig-parameter"},{"extension":[{"url":"code","valueCode":"no-narrative"},{"url":"value","valueString":"Observation/de-identified-income-with-quantity-example"}],"url":"http://hl7.org/fhir/tools/StructureDefinition/ig-parameter"},{"extension":[{"url":"code","valueCode":"no-narrative"},{"url":"value","valueString":"Observation/de-identified-example"}],"url":"http://hl7.org/fhir/tools/StructureDefinition/ig-parameter"},{"extension":[{"url":"code","valueCode":"no-narrative"},{"url":"value","valueString":"Observation/generic-observation-de-identified-example"}],"url":"http://hl7.org/fhir/tools/StructureDefinition/ig-parameter"},{"extension":[{"url":"code","valueCode":"copyrightyear"},{"url":"value","valueString":"2023+"}],"url":"http://hl7.org/fhir/tools/StructureDefinition/ig-parameter"},{"extension":[{"url":"code","valueCode":"releaselabel"},{"url":"value","valueString":"STU2 Release 1 - Standard for Trial-Use"}],"url":"http://hl7.org/fhir/tools/StructureDefinition/ig-parameter"},{"extension":[{"url":"code","valueCode":"path-expansion-params"},{"url":"value","valueString":"terminology-settings.json"}],"url":"http://hl7.org/fhir/tools/StructureDefinition/ig-parameter"},{"extension":[{"url":"code","valueCode":"autoload-resources"},{"url":"value","valueString":"true"}],"url":"http://hl7.org/fhir/tools/StructureDefinition/ig-parameter"},{"extension":[{"url":"code","valueCode":"path-liquid"},{"url":"value","valueString":"template/liquid"}],"url":"http://hl7.org/fhir/tools/StructureDefinition/ig-parameter"},{"extension":[{"url":"code","valueCode":"path-liquid"},{"url":"value","valueString":"input/liquid"}],"url":"http://hl7.org/fhir/tools/StructureDefinition/ig-parameter"},{"extension":[{"url":"code","valueCode":"path-qa"},{"url":"value","valueString":"temp/qa"}],"url":"http://hl7.org/fhir/tools/StructureDefinition/ig-parameter"},{"extension":[{"url":"code","valueCode":"path-temp"},{"url":"value","valueString":"temp/pages"}],"url":"http://hl7.org/fhir/tools/StructureDefinition/ig-parameter"},{"extension":[{"url":"code","valueCode":"path-output"},{"url":"value","valueString":"output"}],"url":"http://hl7.org/fhir/tools/StructureDefinition/ig-parameter"},{"extension":[{"url":"code","valueCode":"path-suppressed-warnings"},{"url":"value","valueString":"input/ignoreWarnings.txt"}],"url":"http://hl7.org/fhir/tools/StructureDefinition/ig-parameter"},{"extension":[{"url":"code","valueCode":"path-history"},{"url":"value","valueString":"http://fhir.org/guides/hrsa/uds-plus/history.html"}],"url":"http://hl7.org/fhir/tools/StructureDefinition/ig-parameter"},{"extension":[{"url":"code","valueCode":"template-html"},{"url":"value","valueString":"template-page.html"}],"url":"http://hl7.org/fhir/tools/StructureDefinition/ig-parameter"},{"extension":[{"url":"code","valueCode":"template-md"},{"url":"value","valueString":"template-page-md.html"}],"url":"http://hl7.org/fhir/tools/StructureDefinition/ig-parameter"},{"extension":[{"url":"code","valueCode":"apply-contact"},{"url":"value","valueString":"true"}],"url":"http://hl7.org/fhir/tools/StructureDefinition/ig-parameter"},{"extension":[{"url":"code","valueCode":"apply-context"},{"url":"value","valueString":"true"}],"url":"http://hl7.org/fhir/tools/StructureDefinition/ig-parameter"},{"extension":[{"url":"code","valueCode":"apply-copyright"},{"url":"value","valueString":"true"}],"url":"http://hl7.org/fhir/tools/StructureDefinition/ig-parameter"},{"extension":[{"url":"code","valueCode":"apply-jurisdiction"},{"url":"value","valueString":"true"}],"url":"http://hl7.org/fhir/tools/StructureDefinition/ig-parameter"},{"extension":[{"url":"code","valueCode":"apply-license"},{"url":"value","valueString":"true"}],"url":"http://hl7.org/fhir/tools/StructureDefinition/ig-parameter"},{"extension":[{"url":"code","valueCode":"apply-publisher"},{"url":"value","valueString":"true"}],"url":"http://hl7.org/fhir/tools/StructureDefinition/ig-parameter"},{"extension":[{"url":"code","valueCode":"apply-version"},{"url":"value","valueString":"true"}],"url":"http://hl7.org/fhir/tools/StructureDefinition/ig-parameter"},{"extension":[{"url":"code","valueCode":"apply-wg"},{"url":"value","valueString":"true"}],"url":"http://hl7.org/fhir/tools/StructureDefinition/ig-parameter"},{"extension":[{"url":"code","valueCode":"active-tables"},{"url":"value","valueString":"true"}],"url":"http://hl7.org/fhir/tools/StructureDefinition/ig-parameter"},{"extension":[{"url":"code","valueCode":"fmm-definition"},{"url":"value","valueString":"http://hl7.org/fhir/versions.html#maturity"}],"url":"http://hl7.org/fhir/tools/StructureDefinition/ig-parameter"},{"extension":[{"url":"code","valueCode":"propagate-status"},{"url":"value","valueString":"true"}],"url":"http://hl7.org/fhir/tools/StructureDefinition/ig-parameter"},{"extension":[{"url":"code","valueCode":"excludelogbinaryformat"},{"url":"value","valueString":"true"}],"url":"http://hl7.org/fhir/tools/StructureDefinition/ig-parameter"},{"extension":[{"url":"code","valueCode":"tabbed-snapshots"},{"url":"value","valueString":"true"}],"url":"http://hl7.org/fhir/tools/StructureDefinition/ig-parameter"}],"grouping":[{"id":"-dyn-capabilitystatement","name":"Behavior: Capability Statements","description":"The following artifacts define the specific capabilities that different types of systems are expected to have in order to comply with this implementation guide.  Systems conforming to this implementation guide are expected to declare conformance to one or more of the following capability statements."},{"id":"-dyn-operationdefinition","name":"Behavior: Operation Definitions","description":"These are custom operations that can be supported by and/or invoked by systems conforming to this implementation guide."},{"id":"-str-profile","name":"Structures: Resource Profiles","description":"These define constraints on FHIR resources for systems conforming to this implementation guide."},{"id":"-str-extension","name":"Structures: Extension Definitions","description":"These define constraints on FHIR data types for systems conforming to this implementation guide."},{"id":"-term-valueset","name":"Terminology: Value Sets","description":"These define sets of codes used by systems conforming to this implementation guide."},{"id":"-term-codesystem","name":"Terminology: Code Systems","description":"These define new code systems used by systems conforming to this implementation guide."},{"id":"-ex-example","name":"Example: Example Instances","description":"These are example instances that show what data produced and consumed by systems conforming with this implementation guide might look like."}],"resource":[{"extension":[{"url":"http://hl7.org/fhir/tools/StructureDefinition/resource-sort","valueInteger":999999999},{"url":"http://hl7.org/fhir/StructureDefinition/implementationguide-page","valueUri":"CapabilityStatement-uds-plus-data-receiver-server.html"}],"reference":{"reference":"CapabilityStatement/uds-plus-data-receiver-server"},"name":"Uds Plus Data Receiver CapabilityStatement","description":"This is a CapabilityStatement that defines the expected capabilities of the Data Receiver actor as a Server.","groupingId":"-dyn-capabilitystatement"},{"extension":[{"url":"http://hl7.org/fhir/tools/StructureDefinition/resource-sort","valueInteger":999999999},{"url":"http://hl7.org/fhir/StructureDefinition/implementationguide-page","valueUri":"CapabilityStatement-uds-plus-data-source.html"}],"reference":{"reference":"CapabilityStatement/uds-plus-data-source"},"name":"Uds Plus Data Source CapabilityStatement","description":"This is a CapabilityStatement that defines the expected capabilities of the Data Source actor.","groupingId":"-dyn-capabilitystatement"},{"extension":[{"url":"http://hl7.org/fhir/tools/StructureDefinition/resource-sort","valueInteger":999999999},{"url":"http://hl7.org/fhir/StructureDefinition/implementationguide-page","valueUri":"CapabilityStatement-uds-plus-data-submitter-client.html"}],"reference":{"reference":"CapabilityStatement/uds-plus-data-submitter-client"},"name":"Uds Plus Data Submitter CapabilityStatement","description":"This is a CapabilityStatement that defines the expected capabilities of the Data Submitter actor.","groupingId":"-dyn-capabilitystatement"},{"extension":[{"url":"http://hl7.org/fhir/tools/StructureDefinition/resource-sort","valueInteger":999999999},{"url":"http://hl7.org/fhir/StructureDefinition/implementationguide-page","valueUri":"CapabilityStatement-uds-plus-trust-service-provider.html"}],"reference":{"reference":"CapabilityStatement/uds-plus-trust-service-provider"},"name":"Uds Plus Trust Service Provider CapabilityStatement","description":"This is a CapabilityStatement that defines the expected capabilities of the Trust Service Provider actor.","groupingId":"-dyn-capabilitystatement"},{"extension":[{"url":"http://hl7.org/fhir/tools/StructureDefinition/resource-sort","valueInteger":999999999},{"url":"http://hl7.org/fhir/StructureDefinition/implementationguide-page","valueUri":"OperationDefinition-udsplus-de-identify.html"}],"reference":{"reference":"OperationDefinition/udsplus-de-identify"},"name":"Generate De-Identified data","description":"Generates de-identified  data from identifiable data. The de-identification algorithm to be used is left to the implementers of the operation. Errors during the execution of the operation can be returned as OperationOutcome per the FHIR spec as a return parameter.","groupingId":"-dyn-operationdefinition"},{"extension":[{"url":"http://hl7.org/fhir/tools/StructureDefinition/resource-sort","valueInteger":999999999},{"url":"http://hl7.org/fhir/StructureDefinition/implementationguide-page","valueUri":"OperationDefinition-import.html"}],"reference":{"reference":"OperationDefinition/import"},"name":"UDS Plus Import","description":"Notification from a Health Center about the availability of the data to HRSA using Bulk Import mechanism.","groupingId":"-dyn-operationdefinition"},{"extension":[{"url":"http://hl7.org/fhir/tools/StructureDefinition/resource-sort","valueInteger":999999999},{"url":"http://hl7.org/fhir/StructureDefinition/implementationguide-page","valueUri":"StructureDefinition-uds-plus-adverseevent.html"}],"reference":{"reference":"StructureDefinition/uds-plus-adverseevent"},"name":"De-Identified UDS Plus AdverseEvent","description":"The UDS+ profile is based on the AdverseEvent resource and establishes the core elements, extensions, vocabularies and value sets for representing Allergies and Intolerances for UDS+ program.","groupingId":"-str-profile"},{"extension":[{"url":"http://hl7.org/fhir/tools/StructureDefinition/resource-sort","valueInteger":999999999},{"url":"http://hl7.org/fhir/StructureDefinition/implementationguide-page","valueUri":"StructureDefinition-uds-plus-allergyintolerance.html"}],"reference":{"reference":"StructureDefinition/uds-plus-allergyintolerance"},"name":"De-Identified UDS Plus AllergyIntolerance","description":"The UDS+ profile is based on the AllergyIntolerance resource and establishes the core elements, extensions, vocabularies and value sets for representing Allergies and Intolerances for UDS+ program.","groupingId":"-str-profile"},{"extension":[{"url":"http://hl7.org/fhir/tools/StructureDefinition/resource-sort","valueInteger":999999999},{"url":"http://hl7.org/fhir/StructureDefinition/implementationguide-page","valueUri":"StructureDefinition-uds-plus-clinical-result-observation.html"}],"reference":{"reference":"StructureDefinition/uds-plus-clinical-result-observation"},"name":"De-Identified UDS Plus Clinical Result Observation","description":"The UDS+ profile is based on the Observation resource and establishes the core elements, extensions, vocabularies and value sets for representing clinical result observations for UDS+ program.","groupingId":"-str-profile"},{"extension":[{"url":"http://hl7.org/fhir/tools/StructureDefinition/resource-sort","valueInteger":999999999},{"url":"http://hl7.org/fhir/StructureDefinition/implementationguide-page","valueUri":"StructureDefinition-uds-plus-coverage.html"}],"reference":{"reference":"StructureDefinition/uds-plus-coverage"},"name":"De-Identified UDS Plus Coverage","description":"The UDS+ profile establishes the core elements, extensions, vocabularies and value sets for representing Coverage for UDS+ program.","groupingId":"-str-profile"},{"extension":[{"url":"http://hl7.org/fhir/tools/StructureDefinition/resource-sort","valueInteger":999999999},{"url":"http://hl7.org/fhir/StructureDefinition/implementationguide-page","valueUri":"StructureDefinition-uds-plus-diagnosis.html"}],"reference":{"reference":"StructureDefinition/uds-plus-diagnosis"},"name":"De-Identified UDS Plus Diagnosis","description":"The UDS+ profile is based on the Condition resource and establishes the core elements, extensions, vocabularies and value sets for representing Diagnosis for UDS+ program.","groupingId":"-str-profile"},{"extension":[{"url":"http://hl7.org/fhir/tools/StructureDefinition/resource-sort","valueInteger":999999999},{"url":"http://hl7.org/fhir/StructureDefinition/implementationguide-page","valueUri":"StructureDefinition-uds-plus-encounter.html"}],"reference":{"reference":"StructureDefinition/uds-plus-encounter"},"name":"De-Identified UDS Plus Encounter","description":"The UDS+ profile is based on the Encounter resource and establishes the core elements, extensions, vocabularies and value sets for representing encounters,visit information for UDS+ program.","groupingId":"-str-profile"},{"extension":[{"url":"http://hl7.org/fhir/tools/StructureDefinition/resource-sort","valueInteger":999999999},{"url":"http://hl7.org/fhir/StructureDefinition/implementationguide-page","valueUri":"StructureDefinition-uds-plus-immunization.html"}],"reference":{"reference":"StructureDefinition/uds-plus-immunization"},"name":"De-Identified UDS Plus Immunization","description":"The UDS+ profile is based on the Immunization resource and establishes the core elements, extensions, vocabularies and value sets for representing immunizations for UDS+ program.","groupingId":"-str-profile"},{"extension":[{"url":"http://hl7.org/fhir/tools/StructureDefinition/resource-sort","valueInteger":999999999},{"url":"http://hl7.org/fhir/StructureDefinition/implementationguide-page","valueUri":"StructureDefinition-de-identified-uds-plus-income-observation.html"}],"reference":{"reference":"StructureDefinition/de-identified-uds-plus-income-observation"},"name":"De-Identified UDS Plus Income","description":"The UDS+ profile is based on the Observation resource and establishes the core elements, extensions, vocabularies and value sets for representing Income ranges for UDS+ program.","groupingId":"-str-profile"},{"extension":[{"url":"http://hl7.org/fhir/tools/StructureDefinition/resource-sort","valueInteger":999999999},{"url":"http://hl7.org/fhir/StructureDefinition/implementationguide-page","valueUri":"StructureDefinition-uds-plus-lab-observation.html"}],"reference":{"reference":"StructureDefinition/uds-plus-lab-observation"},"name":"De-Identified UDS Plus Lab Observation","description":"The UDS+ profile is based on the Observation resource and establishes the core elements, extensions, vocabularies and value sets for representing lab observations for UDS+ program.","groupingId":"-str-profile"},{"extension":[{"url":"http://hl7.org/fhir/tools/StructureDefinition/resource-sort","valueInteger":999999999},{"url":"http://hl7.org/fhir/StructureDefinition/implementationguide-page","valueUri":"StructureDefinition-uds-plus-medicationrequest.html"}],"reference":{"reference":"StructureDefinition/uds-plus-medicationrequest"},"name":"De-Identified UDS Plus MedicationRequest","description":"The UDS+ profile is based on the MedicationRequest resource and establishes the core elements, extensions, vocabularies and value sets for representing MedicationRequest for UDS+ program.","groupingId":"-str-profile"},{"extension":[{"url":"http://hl7.org/fhir/tools/StructureDefinition/resource-sort","valueInteger":999999999},{"url":"http://hl7.org/fhir/StructureDefinition/implementationguide-page","valueUri":"StructureDefinition-uds-plus-medicationstatement.html"}],"reference":{"reference":"StructureDefinition/uds-plus-medicationstatement"},"name":"De-Identified UDS Plus MedicationStatement","description":"The UDS+ profile is based on the MedicationStatement resource and establishes the core elements, extensions, vocabularies and value sets for representing MedicationStatement for UDS+ program.","groupingId":"-str-profile"},{"extension":[{"url":"http://hl7.org/fhir/tools/StructureDefinition/resource-sort","valueInteger":999999999},{"url":"http://hl7.org/fhir/StructureDefinition/implementationguide-page","valueUri":"StructureDefinition-uds-plus-observation.html"}],"reference":{"reference":"StructureDefinition/uds-plus-observation"},"name":"De-Identified UDS Plus Observation","description":"The UDS+ profile is based on the Observation resource and establishes the core elements, extensions, vocabularies and value sets for representing assessments, vitals and other social history observations for UDS+ program.","groupingId":"-str-profile"},{"extension":[{"url":"http://hl7.org/fhir/tools/StructureDefinition/resource-sort","valueInteger":999999999},{"url":"http://hl7.org/fhir/StructureDefinition/implementationguide-page","valueUri":"StructureDefinition-de-identified-uds-plus-patient.html"}],"reference":{"reference":"StructureDefinition/de-identified-uds-plus-patient"},"name":"De-Identified UDS Plus Patient","description":"This Patient profile represents a Patient availing HRSA services.","groupingId":"-str-profile"},{"extension":[{"url":"http://hl7.org/fhir/tools/StructureDefinition/resource-sort","valueInteger":999999999},{"url":"http://hl7.org/fhir/StructureDefinition/implementationguide-page","valueUri":"StructureDefinition-uds-plus-procedure.html"}],"reference":{"reference":"StructureDefinition/uds-plus-procedure"},"name":"De-Identified UDS Plus Procedure","description":"The UDS+ profile is based on the Procedure resource and establishes the core elements, extensions, vocabularies and value sets for representing procedures for UDS+ program.","groupingId":"-str-profile"},{"extension":[{"url":"http://hl7.org/fhir/tools/StructureDefinition/resource-sort","valueInteger":999999999},{"url":"http://hl7.org/fhir/StructureDefinition/implementationguide-page","valueUri":"StructureDefinition-de-identified-uds-plus-relatedperson.html"}],"reference":{"reference":"StructureDefinition/de-identified-uds-plus-relatedperson"},"name":"De-Identified UDS Plus RelatedPerson","description":"This Patient profile represents a RelatedPerson of a Patient availing HRSA services.","groupingId":"-str-profile"},{"extension":[{"url":"http://hl7.org/fhir/tools/StructureDefinition/resource-sort","valueInteger":999999999},{"url":"http://hl7.org/fhir/StructureDefinition/implementationguide-page","valueUri":"StructureDefinition-uds-plus-servicerequest.html"}],"reference":{"reference":"StructureDefinition/uds-plus-servicerequest"},"name":"De-Identified UDS Plus ServiceRequest","description":"The UDS+ profile is based on the ServiceRequest resource and establishes the core elements, extensions, vocabularies and value sets for representing ServiceRequest for UDS+ program.","groupingId":"-str-profile"},{"extension":[{"url":"http://hl7.org/fhir/tools/StructureDefinition/resource-sort","valueInteger":999999999},{"url":"http://hl7.org/fhir/StructureDefinition/implementationguide-page","valueUri":"StructureDefinition-uds-plus-deidentify-operation-data-urls-parameter.html"}],"reference":{"reference":"StructureDefinition/uds-plus-deidentify-operation-data-urls-parameter"},"name":"UDS Plus DeIdentify Data Urls Parameter","description":"The UDS+ profile is based on the **Parameters FHIR Resource and establishes the core elements, extensions, vocabularies and value sets for representing the data for sending input and receiving output for the DeIdentify operation of UDS+ .","groupingId":"-str-profile"},{"extension":[{"url":"http://hl7.org/fhir/tools/StructureDefinition/resource-sort","valueInteger":999999999},{"url":"http://hl7.org/fhir/StructureDefinition/implementationguide-page","valueUri":"StructureDefinition-uds-plus-import-manifest.html"}],"reference":{"reference":"StructureDefinition/uds-plus-import-manifest"},"name":"UDS Plus Import Manifest","description":"The UDS+ profile is based on the **Parameters FHIR Resource and establishes the core elements, extensions, vocabularies and value sets for representing the Manifest for UDS+ import FHIR Operations.","groupingId":"-str-profile"},{"extension":[{"url":"http://hl7.org/fhir/tools/StructureDefinition/resource-sort","valueInteger":999999999},{"url":"http://hl7.org/fhir/StructureDefinition/implementationguide-page","valueUri":"StructureDefinition-uds-plus-location.html"}],"reference":{"reference":"StructureDefinition/uds-plus-location"},"name":"UDS Plus Location","description":"Indicates the location where the care was provided","groupingId":"-str-profile"},{"extension":[{"url":"http://hl7.org/fhir/tools/StructureDefinition/resource-sort","valueInteger":999999999},{"url":"http://hl7.org/fhir/StructureDefinition/implementationguide-page","valueUri":"StructureDefinition-uds-plus-patient-reporting-parameters.html"}],"reference":{"reference":"StructureDefinition/uds-plus-patient-reporting-parameters"},"name":"UDS Plus Patient Reporting Parameters","description":"The UDS+ profile is based on the **Parameters FHIR Resource and establishes the core elements, extensions, vocabularies and value sets for representing the Patients and if they are counted for the various reports.","groupingId":"-str-profile"},{"extension":[{"url":"http://hl7.org/fhir/tools/StructureDefinition/resource-sort","valueInteger":999999999},{"url":"http://hl7.org/fhir/StructureDefinition/implementationguide-page","valueUri":"StructureDefinition-uds-plus-age-extension.html"}],"reference":{"reference":"StructureDefinition/uds-plus-age-extension"},"name":"UDS Plus Age Extension","description":"Indicates the age of the patient at a specific time","groupingId":"-str-extension"},{"extension":[{"url":"http://hl7.org/fhir/tools/StructureDefinition/resource-sort","valueInteger":999999999},{"url":"http://hl7.org/fhir/StructureDefinition/implementationguide-page","valueUri":"StructureDefinition-udsplus-agriculture-worker-status.html"}],"reference":{"reference":"StructureDefinition/udsplus-agriculture-worker-status"},"name":"UDS Plus Agriculture Worker Status Extension","description":"Indicates the agriculture worker status of the patient at a specific time","groupingId":"-str-extension"},{"extension":[{"url":"http://hl7.org/fhir/tools/StructureDefinition/resource-sort","valueInteger":999999999},{"url":"http://hl7.org/fhir/StructureDefinition/implementationguide-page","valueUri":"StructureDefinition-uds-plus-birthsex-extension.html"}],"reference":{"reference":"StructureDefinition/uds-plus-birthsex-extension"},"name":"UDS Plus Birth Sex Extension","description":"Indicates the Birth sex of the patient, this extension will be deprecated in the future in-lieu of uds-plus-sex-extension","groupingId":"-str-extension"},{"extension":[{"url":"http://hl7.org/fhir/tools/StructureDefinition/resource-sort","valueInteger":999999999},{"url":"http://hl7.org/fhir/StructureDefinition/implementationguide-page","valueUri":"StructureDefinition-uds-plus-capitated-member-months-extension.html"}],"reference":{"reference":"StructureDefinition/uds-plus-capitated-member-months-extension"},"name":"UDS Plus Capitated Member Months Extension","description":"Indicates the number of capitated member months of the patient for the reporting year","groupingId":"-str-extension"},{"extension":[{"url":"http://hl7.org/fhir/tools/StructureDefinition/resource-sort","valueInteger":999999999},{"url":"http://hl7.org/fhir/StructureDefinition/implementationguide-page","valueUri":"StructureDefinition-uds-plus-deidentified-instant-extension.html"}],"reference":{"reference":"StructureDefinition/uds-plus-deidentified-instant-extension"},"name":"UDS Plus Deidentified Instant Extension","description":"Indicates the time with a precision of only Year. This extension is to be used in lieu of data elements of type instant present within a FHIR Resource.","groupingId":"-str-extension"},{"extension":[{"url":"http://hl7.org/fhir/tools/StructureDefinition/resource-sort","valueInteger":999999999},{"url":"http://hl7.org/fhir/StructureDefinition/implementationguide-page","valueUri":"StructureDefinition-uds-plus-ethnicity-extension.html"}],"reference":{"reference":"StructureDefinition/uds-plus-ethnicity-extension"},"name":"UDS Plus Ethnicity Extension","description":"Indicates the ethnicity of the patient.","groupingId":"-str-extension"},{"extension":[{"url":"http://hl7.org/fhir/tools/StructureDefinition/resource-sort","valueInteger":999999999},{"url":"http://hl7.org/fhir/StructureDefinition/implementationguide-page","valueUri":"StructureDefinition-uds-plus-feeforservice-member-months-extension.html"}],"reference":{"reference":"StructureDefinition/uds-plus-feeforservice-member-months-extension"},"name":"UDS Plus FeeForService Member Months Extension","description":"Indicates the number of FeeForService member months of the patient for the reporting year","groupingId":"-str-extension"},{"extension":[{"url":"http://hl7.org/fhir/tools/StructureDefinition/resource-sort","valueInteger":999999999},{"url":"http://hl7.org/fhir/StructureDefinition/implementationguide-page","valueUri":"StructureDefinition-uds-plus-housing-status-extension.html"}],"reference":{"reference":"StructureDefinition/uds-plus-housing-status-extension"},"name":"UDS Plus Housing Status Extension","description":"Indicates the housing status of the patient at a specific time","groupingId":"-str-extension"},{"extension":[{"url":"http://hl7.org/fhir/tools/StructureDefinition/resource-sort","valueInteger":999999999},{"url":"http://hl7.org/fhir/StructureDefinition/implementationguide-page","valueUri":"StructureDefinition-uds-plus-race-extension.html"}],"reference":{"reference":"StructureDefinition/uds-plus-race-extension"},"name":"UDS Plus Race Extension","description":"Indicates the race of the patient.","groupingId":"-str-extension"},{"extension":[{"url":"http://hl7.org/fhir/tools/StructureDefinition/resource-sort","valueInteger":999999999},{"url":"http://hl7.org/fhir/StructureDefinition/implementationguide-page","valueUri":"StructureDefinition-uds-plus-recordedDate-extension.html"}],"reference":{"reference":"StructureDefinition/uds-plus-recordedDate-extension"},"name":"UDS Plus RecordedDate Extension","description":"Indicates the recorded date of a clinical event","groupingId":"-str-extension"},{"extension":[{"url":"http://hl7.org/fhir/tools/StructureDefinition/resource-sort","valueInteger":999999999},{"url":"http://hl7.org/fhir/StructureDefinition/implementationguide-page","valueUri":"StructureDefinition-uds-plus-sex-extension.html"}],"reference":{"reference":"StructureDefinition/uds-plus-sex-extension"},"name":"UDS Plus Sex Extension","description":"Indicates the sex of the patient","groupingId":"-str-extension"},{"extension":[{"url":"http://hl7.org/fhir/tools/StructureDefinition/resource-sort","valueInteger":999999999},{"url":"http://hl7.org/fhir/StructureDefinition/implementationguide-page","valueUri":"StructureDefinition-uds-plus-veteran-status-extension.html"}],"reference":{"reference":"StructureDefinition/uds-plus-veteran-status-extension"},"name":"UDS Plus Veteran Status Extension","description":"Indicates the Veteran status of the patient.","groupingId":"-str-extension"},{"extension":[{"url":"http://hl7.org/fhir/tools/StructureDefinition/resource-sort","valueInteger":999999999},{"url":"http://hl7.org/fhir/StructureDefinition/implementationguide-page","valueUri":"ValueSet-udsplus-agriculture-worker-status.html"}],"reference":{"reference":"ValueSet/udsplus-agriculture-worker-status"},"name":"Uds Plus Agriculture Worker Status Codes","description":"The Uds Plus Agriculture Worker Status Codes is a 'starter set' of codes for specifying agriculture worker status for Patients.","groupingId":"-term-valueset"},{"extension":[{"url":"http://hl7.org/fhir/tools/StructureDefinition/resource-sort","valueInteger":999999999},{"url":"http://hl7.org/fhir/StructureDefinition/implementationguide-page","valueUri":"ValueSet-udsplus-housing-status.html"}],"reference":{"reference":"ValueSet/udsplus-housing-status"},"name":"Uds Plus Housing Status Codes","description":"The Uds Plus Housing Status Codes is a 'starter set' of codes for identifying the Patient's housing status.","groupingId":"-term-valueset"},{"extension":[{"url":"http://hl7.org/fhir/tools/StructureDefinition/resource-sort","valueInteger":999999999},{"url":"http://hl7.org/fhir/StructureDefinition/implementationguide-page","valueUri":"ValueSet-uds-plus-insurance-codes.html"}],"reference":{"reference":"ValueSet/uds-plus-insurance-codes"},"name":"Uds Plus Insurance Codes","description":"The Uds Plus Insurance Codes is a 'starter set' of codes for identifying the source of the insurance for Patients.","groupingId":"-term-valueset"},{"extension":[{"url":"http://hl7.org/fhir/tools/StructureDefinition/resource-sort","valueInteger":999999999},{"url":"http://hl7.org/fhir/StructureDefinition/implementationguide-page","valueUri":"ValueSet-uds-plus-service-delivery-codes.html"}],"reference":{"reference":"ValueSet/uds-plus-service-delivery-codes"},"name":"Uds Plus Service Delivery Codes","description":"The UDS Plus CodeSystem is an 'addition set' of one code to the existing Location Service Delivery Codes value set for UDS+ purposes.","groupingId":"-term-valueset"},{"extension":[{"url":"http://hl7.org/fhir/tools/StructureDefinition/resource-sort","valueInteger":999999999},{"url":"http://hl7.org/fhir/StructureDefinition/implementationguide-page","valueUri":"ValueSet-uds-plus-sex-codes.html"}],"reference":{"reference":"ValueSet/uds-plus-sex-codes"},"name":"Uds Plus Sex Codes","description":"The Uds Plus Birth Sex Codes is a set of codes for identifying the birth sex of Patients, This ValueSet will deprecated in the future in favor of the CMS Sex codes value set used as part of the uds-plus-sex-extension.","groupingId":"-term-valueset"},{"extension":[{"url":"http://hl7.org/fhir/tools/StructureDefinition/resource-sort","valueInteger":999999999},{"url":"http://hl7.org/fhir/StructureDefinition/implementationguide-page","valueUri":"CodeSystem-udsplus-agriculture-worker-status-codes.html"}],"reference":{"reference":"CodeSystem/udsplus-agriculture-worker-status-codes"},"name":"UDS Plus Agriculter Worker Status Codes","description":"The UDS Plus CodeSystem is a 'starter set' of codes supported for identifying agriculture worker status for UDS+ program.","groupingId":"-term-codesystem"},{"extension":[{"url":"http://hl7.org/fhir/tools/StructureDefinition/resource-sort","valueInteger":999999999},{"url":"http://hl7.org/fhir/StructureDefinition/implementationguide-page","valueUri":"CodeSystem-udsplus-service-delivery-codes.html"}],"reference":{"reference":"CodeSystem/udsplus-service-delivery-codes"},"name":"UDS Plus Housing Service Delivery Codes","description":"The UDS Plus CodeSystem is an 'addition set' of one code to the existing Location Service Delivery Codes value set for UDS+ purposes.","groupingId":"-term-codesystem"},{"extension":[{"url":"http://hl7.org/fhir/tools/StructureDefinition/resource-sort","valueInteger":999999999},{"url":"http://hl7.org/fhir/StructureDefinition/implementationguide-page","valueUri":"CodeSystem-udsplus-housing-status-codes.html"}],"reference":{"reference":"CodeSystem/udsplus-housing-status-codes"},"name":"UDS Plus Housing Status Codes","description":"The UDS Plus CodeSystem is a 'starter set' of codes supported for identifying Housing status of patients in UDS+ program.","groupingId":"-term-codesystem"},{"extension":[{"url":"http://hl7.org/fhir/tools/StructureDefinition/resource-sort","valueInteger":999999999},{"url":"http://hl7.org/fhir/StructureDefinition/implementationguide-page","valueUri":"CodeSystem-uds-plus-insurance-codes.html"}],"reference":{"reference":"CodeSystem/uds-plus-insurance-codes"},"name":"UDS Plus Insurance Codes","description":"The UDS Plus CodeSystem is a 'starter set' of codes supported for identifying insurance types used by patients in UDS+ program.","groupingId":"-term-codesystem"},{"extension":[{"url":"http://hl7.org/fhir/tools/StructureDefinition/resource-sort","valueInteger":999999999},{"url":"http://hl7.org/fhir/StructureDefinition/implementationguide-page","valueUri":"Parameters-example.html"}],"reference":{"reference":"Parameters/example"},"name":"Example of a Manifest file used for multiple operations in the context of HRSA UDS+ FHIR IG","description":"An Example of a conformant UDS+ Parameters resource representing a manifest file used by the $import and the $de-identify operation.","exampleBoolean":true,"groupingId":"-ex-example"},{"extension":[{"url":"http://hl7.org/fhir/tools/StructureDefinition/resource-sort","valueInteger":999999999},{"url":"http://hl7.org/fhir/StructureDefinition/implementationguide-page","valueUri":"AdverseEvent-de-identified-example.html"}],"reference":{"reference":"AdverseEvent/de-identified-example"},"name":"UDS Plus AdverseEvent Example","description":"An Example of a conformant UDS Plus AdverseEvent resource with de-identified information.","exampleBoolean":true,"groupingId":"-ex-example"},{"extension":[{"url":"http://hl7.org/fhir/tools/StructureDefinition/resource-sort","valueInteger":999999999},{"url":"http://hl7.org/fhir/StructureDefinition/implementationguide-page","valueUri":"AllergyIntolerance-de-identified-example.html"}],"reference":{"reference":"AllergyIntolerance/de-identified-example"},"name":"UDS Plus AllergyIntolerance Example","description":"An Example of a conformant UDS Plus AllergyIntolerance resource with de-identified information.","exampleBoolean":true,"groupingId":"-ex-example"},{"extension":[{"url":"http://hl7.org/fhir/tools/StructureDefinition/resource-sort","valueInteger":999999999},{"url":"http://hl7.org/fhir/StructureDefinition/implementationguide-page","valueUri":"Observation-clinical-result-de-identified-example.html"}],"reference":{"reference":"Observation/clinical-result-de-identified-example"},"name":"UDS Plus ClinicalResult Example","description":"An Example of a conformant UDS Plus ClincialResult resource profile with de-identified information.","exampleBoolean":true,"groupingId":"-ex-example"},{"extension":[{"url":"http://hl7.org/fhir/tools/StructureDefinition/resource-sort","valueInteger":999999999},{"url":"http://hl7.org/fhir/StructureDefinition/implementationguide-page","valueUri":"Observation-generic-observation-de-identified-example.html"}],"reference":{"reference":"Observation/generic-observation-de-identified-example"},"name":"UDS Plus Generic Observation Example","description":"An Example of a conformant UDS Plus Observation resource profile with de-identified information.","exampleBoolean":true,"groupingId":"-ex-example"},{"extension":[{"url":"http://hl7.org/fhir/tools/StructureDefinition/resource-sort","valueInteger":999999999},{"url":"http://hl7.org/fhir/StructureDefinition/implementationguide-page","valueUri":"Parameters-de-identify-data-operation-urls-example.html"}],"reference":{"reference":"Parameters/de-identify-data-operation-urls-example"},"name":"UDS Plus Parameters Example for $deidentify operation","description":"An Example of a conformant UDS Plus Parameters resource for sending input and receiving output from $deidentify operation.","exampleBoolean":true,"groupingId":"-ex-example"},{"extension":[{"url":"http://hl7.org/fhir/tools/StructureDefinition/resource-sort","valueInteger":999999999},{"url":"http://hl7.org/fhir/StructureDefinition/implementationguide-page","valueUri":"RelatedPerson-de-identified-example.html"}],"reference":{"reference":"RelatedPerson/de-identified-example"},"name":"UDS Plus RelatedPerson Example","description":"An Example of a conformant UDS Plus Related Person resource with de-identified information.","exampleBoolean":true,"groupingId":"-ex-example"},{"extension":[{"url":"http://hl7.org/fhir/tools/StructureDefinition/resource-sort","valueInteger":999999999},{"url":"http://hl7.org/fhir/StructureDefinition/implementationguide-page","valueUri":"Parameters-reporting-parameters-example.html"}],"reference":{"reference":"Parameters/reporting-parameters-example"},"name":"UDS Plus Reporting Parameters Example","description":"An Example of a conformant UDS Plus Reporting Parameters resource with de-identifeid information.","exampleBoolean":true,"groupingId":"-ex-example"},{"extension":[{"url":"http://hl7.org/fhir/tools/StructureDefinition/resource-sort","valueInteger":999999999},{"url":"http://hl7.org/fhir/StructureDefinition/implementationguide-page","valueUri":"Condition-example.html"}],"reference":{"reference":"Condition/example"},"name":"US Core Condition Example","description":"An Example of a conformant US Core Condition resource with identifiable information capturing a Problem List Item.","exampleBoolean":true,"groupingId":"-ex-example"},{"extension":[{"url":"http://hl7.org/fhir/tools/StructureDefinition/resource-sort","valueInteger":999999999},{"url":"http://hl7.org/fhir/StructureDefinition/implementationguide-page","valueUri":"Encounter-example.html"}],"reference":{"reference":"Encounter/example"},"name":"US Core Encounter Example","description":"An Example of a conformant US Core Encounter resource with identifiable information capturing a visit.","exampleBoolean":true,"groupingId":"-ex-example"},{"extension":[{"url":"http://hl7.org/fhir/tools/StructureDefinition/resource-sort","valueInteger":999999999},{"url":"http://hl7.org/fhir/StructureDefinition/implementationguide-page","valueUri":"Organization-holy-healthcare.html"}],"reference":{"reference":"Organization/holy-healthcare"},"name":"US Core Healthcare Organization Example","description":"An Example of a conformant US Core Healthcare Organization resource with identifiable information.","exampleBoolean":true,"groupingId":"-ex-example"},{"extension":[{"url":"http://hl7.org/fhir/tools/StructureDefinition/resource-sort","valueInteger":999999999},{"url":"http://hl7.org/fhir/StructureDefinition/implementationguide-page","valueUri":"Location-hospital.html"}],"reference":{"reference":"Location/hospital"},"name":"US Core Location Example","description":"An Example of a conformant US Core Location resource with identifiable information.","exampleBoolean":true,"groupingId":"-ex-example"},{"extension":[{"url":"http://hl7.org/fhir/tools/StructureDefinition/resource-sort","valueInteger":999999999},{"url":"http://hl7.org/fhir/StructureDefinition/implementationguide-page","valueUri":"Organization-acme-payer.html"}],"reference":{"reference":"Organization/acme-payer"},"name":"US Core Organization Example for a Payer","description":"An Example of a conformant US Core Organization resource for a Payor entity.","exampleBoolean":true,"groupingId":"-ex-example"},{"extension":[{"url":"http://hl7.org/fhir/tools/StructureDefinition/resource-sort","valueInteger":999999999},{"url":"http://hl7.org/fhir/StructureDefinition/implementationguide-page","valueUri":"Patient-example.html"}],"reference":{"reference":"Patient/example"},"name":"US Core Patient Example","description":"An Example of a conformant US Core Patient resource with identifiable information.","exampleBoolean":true,"groupingId":"-ex-example"},{"extension":[{"url":"http://hl7.org/fhir/tools/StructureDefinition/resource-sort","valueInteger":999999999},{"url":"http://hl7.org/fhir/StructureDefinition/implementationguide-page","valueUri":"Patient-smallpop-example.html"}],"reference":{"reference":"Patient/smallpop-example"},"name":"US Core Patient Example of a patient residing in a zip code with small population (<20000 people)","description":"An Example of a conformant US Core Patient resource with identifiable information.","exampleBoolean":true,"groupingId":"-ex-example"},{"extension":[{"url":"http://hl7.org/fhir/tools/StructureDefinition/resource-sort","valueInteger":999999999},{"url":"http://hl7.org/fhir/StructureDefinition/implementationguide-page","valueUri":"Practitioner-example.html"}],"reference":{"reference":"Practitioner/example"},"name":"US Core Practitioner Example","description":"An Example of a conformant US Core Practitioner resource with identifiable information.","exampleBoolean":true,"groupingId":"-ex-example"},{"extension":[{"url":"http://hl7.org/fhir/tools/StructureDefinition/resource-sort","valueInteger":999999999},{"url":"http://hl7.org/fhir/StructureDefinition/implementationguide-page","valueUri":"Coverage-de-identified-example.html"}],"reference":{"reference":"Coverage/de-identified-example"},"name":"Uds Plus Coverage Example","description":"An Example of a conformant UDS Plus Coverage resource with de-identified information.","exampleBoolean":true,"groupingId":"-ex-example"},{"extension":[{"url":"http://hl7.org/fhir/tools/StructureDefinition/resource-sort","valueInteger":999999999},{"url":"http://hl7.org/fhir/StructureDefinition/implementationguide-page","valueUri":"Condition-de-identified-example.html"}],"reference":{"reference":"Condition/de-identified-example"},"name":"Uds Plus De-Identified Condition Example","description":"An Example of a conformant UDS+ Condition resource with de-identified information capturing a Problem List Item.","exampleBoolean":true,"groupingId":"-ex-example"},{"extension":[{"url":"http://hl7.org/fhir/tools/StructureDefinition/resource-sort","valueInteger":999999999},{"url":"http://hl7.org/fhir/StructureDefinition/implementationguide-page","valueUri":"Encounter-de-identified-example.html"}],"reference":{"reference":"Encounter/de-identified-example"},"name":"Uds Plus De-Identified Encounter Example","description":"An Example of a conformant UDS+ Encounter resource with de-identified information capturing the visit information.","exampleBoolean":true,"groupingId":"-ex-example"},{"extension":[{"url":"http://hl7.org/fhir/tools/StructureDefinition/resource-sort","valueInteger":999999999},{"url":"http://hl7.org/fhir/StructureDefinition/implementationguide-page","valueUri":"Immunization-de-identified-example.html"}],"reference":{"reference":"Immunization/de-identified-example"},"name":"Uds Plus Immunization Example","description":"An Example of a conformant UDS Plus Immunization resource with de-identified information.","exampleBoolean":true,"groupingId":"-ex-example"},{"extension":[{"url":"http://hl7.org/fhir/tools/StructureDefinition/resource-sort","valueInteger":999999999},{"url":"http://hl7.org/fhir/StructureDefinition/implementationguide-page","valueUri":"Observation-de-identified-income-example.html"}],"reference":{"reference":"Observation/de-identified-income-example"},"name":"Uds Plus Income Observation Example","description":"An Example of a conformant UDS Plus Observation resource with de-identified income information.","exampleBoolean":true,"groupingId":"-ex-example"},{"extension":[{"url":"http://hl7.org/fhir/tools/StructureDefinition/resource-sort","valueInteger":999999999},{"url":"http://hl7.org/fhir/StructureDefinition/implementationguide-page","valueUri":"Observation-de-identified-income-with-quantity-example.html"}],"reference":{"reference":"Observation/de-identified-income-with-quantity-example"},"name":"Uds Plus Income Observation Example using Quantity","description":"An Example of a conformant UDS Plus Observation resource with de-identified income information showing the usage of Quantity to represent income >= 200%.","exampleBoolean":true,"groupingId":"-ex-example"},{"extension":[{"url":"http://hl7.org/fhir/tools/StructureDefinition/resource-sort","valueInteger":999999999},{"url":"http://hl7.org/fhir/StructureDefinition/implementationguide-page","valueUri":"Observation-de-identified-low-income-example.html"}],"reference":{"reference":"Observation/de-identified-low-income-example"},"name":"Uds Plus Low Income Observation Example","description":"An Example of a conformant UDS Plus Observation resource with de-identified income information to represent income <= 100%.","exampleBoolean":true,"groupingId":"-ex-example"},{"extension":[{"url":"http://hl7.org/fhir/tools/StructureDefinition/resource-sort","valueInteger":999999999},{"url":"http://hl7.org/fhir/StructureDefinition/implementationguide-page","valueUri":"MedicationRequest-de-identified-example.html"}],"reference":{"reference":"MedicationRequest/de-identified-example"},"name":"Uds Plus MedicationRequest Example","description":"An Example of a conformant UDS Plus MedicationRequest resource with de-identified information.","exampleBoolean":true,"groupingId":"-ex-example"},{"extension":[{"url":"http://hl7.org/fhir/tools/StructureDefinition/resource-sort","valueInteger":999999999},{"url":"http://hl7.org/fhir/StructureDefinition/implementationguide-page","valueUri":"MedicationStatement-de-identified-example.html"}],"reference":{"reference":"MedicationStatement/de-identified-example"},"name":"Uds Plus MedicationStatement Example","description":"An Example of a conformant UDS Plus MedicationStatement resource with de-identified information.","exampleBoolean":true,"groupingId":"-ex-example"},{"extension":[{"url":"http://hl7.org/fhir/tools/StructureDefinition/resource-sort","valueInteger":999999999},{"url":"http://hl7.org/fhir/StructureDefinition/implementationguide-page","valueUri":"Observation-de-identified-example.html"}],"reference":{"reference":"Observation/de-identified-example"},"name":"Uds Plus Observation Lab Result Example","description":"An Example of a conformant UDS Plus Observation resource with de-identified information for a Lab Result.","exampleBoolean":true,"groupingId":"-ex-example"},{"extension":[{"url":"http://hl7.org/fhir/tools/StructureDefinition/resource-sort","valueInteger":999999999},{"url":"http://hl7.org/fhir/StructureDefinition/implementationguide-page","valueUri":"Patient-de-identified-example.html"}],"reference":{"reference":"Patient/de-identified-example"},"name":"Uds Plus Patient Example","description":"An Example of a conformant UDS+ Patient resource which has been de-identified and is based on the US Core Patient small population example resource.","exampleBoolean":true,"groupingId":"-ex-example"},{"extension":[{"url":"http://hl7.org/fhir/tools/StructureDefinition/resource-sort","valueInteger":999999999},{"url":"http://hl7.org/fhir/StructureDefinition/implementationguide-page","valueUri":"Patient-de-identified-smallpop-example.html"}],"reference":{"reference":"Patient/de-identified-smallpop-example"},"name":"Uds Plus Patient Example for a patient residing in a zip code with small population (<20000 people)","description":"An Example of a conformant UDS+ Patient resource which has been de-identified and is based on the US Core Patient example resource.","exampleBoolean":true,"groupingId":"-ex-example"},{"extension":[{"url":"http://hl7.org/fhir/tools/StructureDefinition/resource-sort","valueInteger":999999999},{"url":"http://hl7.org/fhir/StructureDefinition/implementationguide-page","valueUri":"Patient-de-identified-age89-example.html"}],"reference":{"reference":"Patient/de-identified-age89-example"},"name":"Uds Plus Patient Example for a patient with age (> 89 )","description":"An Example of a conformant UDS+ Patient resource which has been de-identified and is based on the US Core Patient example resource.","exampleBoolean":true,"groupingId":"-ex-example"},{"extension":[{"url":"http://hl7.org/fhir/tools/StructureDefinition/resource-sort","valueInteger":999999999},{"url":"http://hl7.org/fhir/StructureDefinition/implementationguide-page","valueUri":"Procedure-de-identified-example.html"}],"reference":{"reference":"Procedure/de-identified-example"},"name":"Uds Plus Procedure Example","description":"An Example of a conformant UDS Plus Procedure resource with de-identified information.","exampleBoolean":true,"groupingId":"-ex-example"},{"extension":[{"url":"http://hl7.org/fhir/tools/StructureDefinition/resource-sort","valueInteger":999999999},{"url":"http://hl7.org/fhir/StructureDefinition/implementationguide-page","valueUri":"ServiceRequest-de-identified-example.html"}],"reference":{"reference":"ServiceRequest/de-identified-example"},"name":"Uds Plus ServiceRequest Example","description":"An Example of a conformant UDS Plus ServiceRequest resource with de-identified information.","exampleBoolean":true,"groupingId":"-ex-example"}],"page":{"extension":[{"url":"http://hl7.org/fhir/StructureDefinition/structuredefinition-standards-status","valueCode":"trial-use"},{"url":"http://hl7.org/fhir/tools/StructureDefinition/ig-page-name","valueUrl":"toc.html"}],"nameUrl":"toc.html","title":"Table of Contents","generation":"html","page":[{"extension":[{"url":"http://hl7.org/fhir/StructureDefinition/structuredefinition-standards-status","valueCode":"trial-use"},{"url":"http://hl7.org/fhir/tools/StructureDefinition/ig-page-name","valueUrl":"index.html"}],"nameUrl":"index.html","title":"UDS Plus Home Page","generation":"html"},{"extension":[{"url":"http://hl7.org/fhir/StructureDefinition/structuredefinition-standards-status","valueCode":"trial-use"},{"url":"http://hl7.org/fhir/tools/StructureDefinition/ig-page-name","valueUrl":"background.html"}],"nameUrl":"background.html","title":"Background","generation":"markdown"},{"extension":[{"url":"http://hl7.org/fhir/StructureDefinition/structuredefinition-standards-status","valueCode":"trial-use"},{"url":"http://hl7.org/fhir/tools/StructureDefinition/ig-page-name","valueUrl":"spec.html"}],"nameUrl":"spec.html","title":"FHIR API Reporting Specification","generation":"markdown"},{"extension":[{"url":"http://hl7.org/fhir/StructureDefinition/structuredefinition-standards-status","valueCode":"trial-use"},{"url":"http://hl7.org/fhir/tools/StructureDefinition/ig-page-name","valueUrl":"implementation.html"}],"nameUrl":"implementation.html","title":"Implementation Notes","generation":"markdown"},{"extension":[{"url":"http://hl7.org/fhir/StructureDefinition/structuredefinition-standards-status","valueCode":"trial-use"},{"url":"http://hl7.org/fhir/tools/StructureDefinition/ig-page-name","valueUrl":"usecases.html"}],"nameUrl":"usecases.html","title":"Use Cases and Workflows","generation":"markdown"},{"extension":[{"url":"http://hl7.org/fhir/StructureDefinition/structuredefinition-standards-status","valueCode":"trial-use"},{"url":"http://hl7.org/fhir/tools/StructureDefinition/ig-page-name","valueUrl":"changes.html"}],"nameUrl":"changes.html","title":"Change History","generation":"markdown"},{"extension":[{"url":"http://hl7.org/fhir/StructureDefinition/structuredefinition-standards-status","valueCode":"trial-use"},{"url":"http://hl7.org/fhir/tools/StructureDefinition/ig-page-name","valueUrl":"dataelements.html"}],"nameUrl":"dataelements.html","title":"Data Elements and FHIR Mappings","generation":"markdown"},{"extension":[{"url":"http://hl7.org/fhir/StructureDefinition/structuredefinition-standards-status","valueCode":"trial-use"},{"url":"http://hl7.org/fhir/tools/StructureDefinition/ig-page-name","valueUrl":"reportingguidance.html"}],"nameUrl":"reportingguidance.html","title":"Reporting Guidance","generation":"markdown"},{"extension":[{"url":"http://hl7.org/fhir/StructureDefinition/structuredefinition-standards-status","valueCode":"trial-use"},{"url":"http://hl7.org/fhir/tools/StructureDefinition/ig-page-name","valueUrl":"downloads.html"}],"nameUrl":"downloads.html","title":"Useful Downloads","generation":"markdown"},{"extension":[{"url":"http://hl7.org/fhir/StructureDefinition/structuredefinition-standards-status","valueCode":"trial-use"},{"url":"http://hl7.org/fhir/tools/StructureDefinition/ig-page-name","valueUrl":"credits.html"}],"nameUrl":"credits.html","title":"Credits","generation":"markdown"},{"extension":[{"url":"http://hl7.org/fhir/StructureDefinition/structuredefinition-standards-status","valueCode":"trial-use"},{"url":"http://hl7.org/fhir/tools/StructureDefinition/ig-page-name","valueUrl":"license.html"}],"nameUrl":"license.html","title":"License","generation":"markdown"},{"extension":[{"url":"http://hl7.org/fhir/StructureDefinition/structuredefinition-standards-status","valueCode":"trial-use"},{"url":"http://hl7.org/fhir/tools/StructureDefinition/ig-page-name","valueUrl":"requestresponseexamples.html"}],"nameUrl":"requestresponseexamples.html","title":"RequestResponseExamples","generation":"markdown"},{"extension":[{"url":"http://hl7.org/fhir/tools/StructureDefinition/ig-page-name","valueUrl":"artifacts.html"}],"nameUrl":"artifacts.html","title":"Artifacts Summary","generation":"html","page":[{"extension":[{"url":"http://hl7.org/fhir/tools/StructureDefinition/ig-page-name","valueUrl":"CapabilityStatement-uds-plus-data-receiver-server.html"}],"nameUrl":"CapabilityStatement-uds-plus-data-receiver-server.html","title":"Uds Plus Data Receiver CapabilityStatement","generation":"generated"},{"extension":[{"url":"http://hl7.org/fhir/tools/StructureDefinition/ig-page-name","valueUrl":"CapabilityStatement-uds-plus-data-source.html"}],"nameUrl":"CapabilityStatement-uds-plus-data-source.html","title":"Uds Plus Data Source CapabilityStatement","generation":"generated"},{"extension":[{"url":"http://hl7.org/fhir/tools/StructureDefinition/ig-page-name","valueUrl":"CapabilityStatement-uds-plus-data-submitter-client.html"}],"nameUrl":"CapabilityStatement-uds-plus-data-submitter-client.html","title":"Uds Plus Data Submitter CapabilityStatement","generation":"generated"},{"extension":[{"url":"http://hl7.org/fhir/tools/StructureDefinition/ig-page-name","valueUrl":"CapabilityStatement-uds-plus-trust-service-provider.html"}],"nameUrl":"CapabilityStatement-uds-plus-trust-service-provider.html","title":"Uds Plus Trust Service Provider CapabilityStatement","generation":"generated"},{"extension":[{"url":"http://hl7.org/fhir/tools/StructureDefinition/ig-page-name","valueUrl":"OperationDefinition-udsplus-de-identify.html"}],"nameUrl":"OperationDefinition-udsplus-de-identify.html","title":"Generate De-Identified data","generation":"generated"},{"extension":[{"url":"http://hl7.org/fhir/tools/StructureDefinition/ig-page-name","valueUrl":"OperationDefinition-import.html"}],"nameUrl":"OperationDefinition-import.html","title":"UDS Plus Import","generation":"generated"},{"extension":[{"url":"http://hl7.org/fhir/tools/StructureDefinition/ig-page-name","valueUrl":"StructureDefinition-uds-plus-adverseevent.html"}],"nameUrl":"StructureDefinition-uds-plus-adverseevent.html","title":"De-Identified UDS Plus AdverseEvent","generation":"generated"},{"extension":[{"url":"http://hl7.org/fhir/tools/StructureDefinition/ig-page-name","valueUrl":"StructureDefinition-uds-plus-allergyintolerance.html"}],"nameUrl":"StructureDefinition-uds-plus-allergyintolerance.html","title":"De-Identified UDS Plus AllergyIntolerance","generation":"generated"},{"extension":[{"url":"http://hl7.org/fhir/tools/StructureDefinition/ig-page-name","valueUrl":"StructureDefinition-uds-plus-clinical-result-observation.html"}],"nameUrl":"StructureDefinition-uds-plus-clinical-result-observation.html","title":"De-Identified UDS Plus Clinical Result Observation","generation":"generated"},{"extension":[{"url":"http://hl7.org/fhir/tools/StructureDefinition/ig-page-name","valueUrl":"StructureDefinition-uds-plus-coverage.html"}],"nameUrl":"StructureDefinition-uds-plus-coverage.html","title":"De-Identified UDS Plus Coverage","generation":"generated"},{"extension":[{"url":"http://hl7.org/fhir/tools/StructureDefinition/ig-page-name","valueUrl":"StructureDefinition-uds-plus-deidentify-operation-data-urls-parameter.html"}],"nameUrl":"StructureDefinition-uds-plus-deidentify-operation-data-urls-parameter.html","title":"UDS Plus DeIdentify Data Urls Parameter","generation":"generated"},{"extension":[{"url":"http://hl7.org/fhir/tools/StructureDefinition/ig-page-name","valueUrl":"StructureDefinition-uds-plus-diagnosis.html"}],"nameUrl":"StructureDefinition-uds-plus-diagnosis.html","title":"De-Identified UDS Plus Diagnosis","generation":"generated"},{"extension":[{"url":"http://hl7.org/fhir/tools/StructureDefinition/ig-page-name","valueUrl":"StructureDefinition-uds-plus-encounter.html"}],"nameUrl":"StructureDefinition-uds-plus-encounter.html","title":"De-Identified UDS Plus Encounter","generation":"generated"},{"extension":[{"url":"http://hl7.org/fhir/tools/StructureDefinition/ig-page-name","valueUrl":"StructureDefinition-uds-plus-immunization.html"}],"nameUrl":"StructureDefinition-uds-plus-immunization.html","title":"De-Identified UDS Plus Immunization","generation":"generated"},{"extension":[{"url":"http://hl7.org/fhir/tools/StructureDefinition/ig-page-name","valueUrl":"StructureDefinition-de-identified-uds-plus-income-observation.html"}],"nameUrl":"StructureDefinition-de-identified-uds-plus-income-observation.html","title":"De-Identified UDS Plus Income","generation":"generated"},{"extension":[{"url":"http://hl7.org/fhir/tools/StructureDefinition/ig-page-name","valueUrl":"StructureDefinition-uds-plus-lab-observation.html"}],"nameUrl":"StructureDefinition-uds-plus-lab-observation.html","title":"De-Identified UDS Plus Lab Observation","generation":"generated"},{"extension":[{"url":"http://hl7.org/fhir/tools/StructureDefinition/ig-page-name","valueUrl":"StructureDefinition-uds-plus-location.html"}],"nameUrl":"StructureDefinition-uds-plus-location.html","title":"UDS Plus Location","generation":"generated"},{"extension":[{"url":"http://hl7.org/fhir/tools/StructureDefinition/ig-page-name","valueUrl":"StructureDefinition-uds-plus-medicationrequest.html"}],"nameUrl":"StructureDefinition-uds-plus-medicationrequest.html","title":"De-Identified UDS Plus MedicationRequest","generation":"generated"},{"extension":[{"url":"http://hl7.org/fhir/tools/StructureDefinition/ig-page-name","valueUrl":"StructureDefinition-uds-plus-medicationstatement.html"}],"nameUrl":"StructureDefinition-uds-plus-medicationstatement.html","title":"De-Identified UDS Plus MedicationStatement","generation":"generated"},{"extension":[{"url":"http://hl7.org/fhir/tools/StructureDefinition/ig-page-name","valueUrl":"StructureDefinition-uds-plus-observation.html"}],"nameUrl":"StructureDefinition-uds-plus-observation.html","title":"De-Identified UDS Plus Observation","generation":"generated"},{"extension":[{"url":"http://hl7.org/fhir/tools/StructureDefinition/ig-page-name","valueUrl":"StructureDefinition-uds-plus-import-manifest.html"}],"nameUrl":"StructureDefinition-uds-plus-import-manifest.html","title":"UDS Plus Import Manifest","generation":"generated"},{"extension":[{"url":"http://hl7.org/fhir/tools/StructureDefinition/ig-page-name","valueUrl":"StructureDefinition-uds-plus-patient-reporting-parameters.html"}],"nameUrl":"StructureDefinition-uds-plus-patient-reporting-parameters.html","title":"UDS Plus Patient Reporting Parameters","generation":"generated"},{"extension":[{"url":"http://hl7.org/fhir/tools/StructureDefinition/ig-page-name","valueUrl":"StructureDefinition-de-identified-uds-plus-patient.html"}],"nameUrl":"StructureDefinition-de-identified-uds-plus-patient.html","title":"De-Identified UDS Plus Patient","generation":"generated"},{"extension":[{"url":"http://hl7.org/fhir/tools/StructureDefinition/ig-page-name","valueUrl":"StructureDefinition-uds-plus-procedure.html"}],"nameUrl":"StructureDefinition-uds-plus-procedure.html","title":"De-Identified UDS Plus Procedure","generation":"generated"},{"extension":[{"url":"http://hl7.org/fhir/tools/StructureDefinition/ig-page-name","valueUrl":"StructureDefinition-de-identified-uds-plus-relatedperson.html"}],"nameUrl":"StructureDefinition-de-identified-uds-plus-relatedperson.html","title":"De-Identified UDS Plus RelatedPerson","generation":"generated"},{"extension":[{"url":"http://hl7.org/fhir/tools/StructureDefinition/ig-page-name","valueUrl":"StructureDefinition-uds-plus-servicerequest.html"}],"nameUrl":"StructureDefinition-uds-plus-servicerequest.html","title":"De-Identified UDS Plus ServiceRequest","generation":"generated"},{"extension":[{"url":"http://hl7.org/fhir/tools/StructureDefinition/ig-page-name","valueUrl":"StructureDefinition-uds-plus-age-extension.html"}],"nameUrl":"StructureDefinition-uds-plus-age-extension.html","title":"UDS Plus Age Extension","generation":"generated"},{"extension":[{"url":"http://hl7.org/fhir/tools/StructureDefinition/ig-page-name","valueUrl":"StructureDefinition-uds-plus-birthsex-extension.html"}],"nameUrl":"StructureDefinition-uds-plus-birthsex-extension.html","title":"UDS Plus Birth Sex Extension","generation":"generated"},{"extension":[{"url":"http://hl7.org/fhir/tools/StructureDefinition/ig-page-name","valueUrl":"StructureDefinition-uds-plus-capitated-member-months-extension.html"}],"nameUrl":"StructureDefinition-uds-plus-capitated-member-months-extension.html","title":"UDS Plus Capitated Member Months Extension","generation":"generated"},{"extension":[{"url":"http://hl7.org/fhir/tools/StructureDefinition/ig-page-name","valueUrl":"StructureDefinition-uds-plus-deidentified-instant-extension.html"}],"nameUrl":"StructureDefinition-uds-plus-deidentified-instant-extension.html","title":"UDS Plus Deidentified Instant Extension","generation":"generated"},{"extension":[{"url":"http://hl7.org/fhir/tools/StructureDefinition/ig-page-name","valueUrl":"StructureDefinition-uds-plus-ethnicity-extension.html"}],"nameUrl":"StructureDefinition-uds-plus-ethnicity-extension.html","title":"UDS Plus Ethnicity Extension","generation":"generated"},{"extension":[{"url":"http://hl7.org/fhir/tools/StructureDefinition/ig-page-name","valueUrl":"StructureDefinition-uds-plus-feeforservice-member-months-extension.html"}],"nameUrl":"StructureDefinition-uds-plus-feeforservice-member-months-extension.html","title":"UDS Plus FeeForService Member Months Extension","generation":"generated"},{"extension":[{"url":"http://hl7.org/fhir/tools/StructureDefinition/ig-page-name","valueUrl":"StructureDefinition-uds-plus-housing-status-extension.html"}],"nameUrl":"StructureDefinition-uds-plus-housing-status-extension.html","title":"UDS Plus Housing Status Extension","generation":"generated"},{"extension":[{"url":"http://hl7.org/fhir/tools/StructureDefinition/ig-page-name","valueUrl":"StructureDefinition-uds-plus-race-extension.html"}],"nameUrl":"StructureDefinition-uds-plus-race-extension.html","title":"UDS Plus Race Extension","generation":"generated"},{"extension":[{"url":"http://hl7.org/fhir/tools/StructureDefinition/ig-page-name","valueUrl":"StructureDefinition-uds-plus-recordedDate-extension.html"}],"nameUrl":"StructureDefinition-uds-plus-recordedDate-extension.html","title":"UDS Plus RecordedDate Extension","generation":"generated"},{"extension":[{"url":"http://hl7.org/fhir/tools/StructureDefinition/ig-page-name","valueUrl":"StructureDefinition-uds-plus-sex-extension.html"}],"nameUrl":"StructureDefinition-uds-plus-sex-extension.html","title":"UDS Plus Sex Extension","generation":"generated"},{"extension":[{"url":"http://hl7.org/fhir/tools/StructureDefinition/ig-page-name","valueUrl":"StructureDefinition-uds-plus-veteran-status-extension.html"}],"nameUrl":"StructureDefinition-uds-plus-veteran-status-extension.html","title":"UDS Plus Veteran Status Extension","generation":"generated"},{"extension":[{"url":"http://hl7.org/fhir/tools/StructureDefinition/ig-page-name","valueUrl":"StructureDefinition-udsplus-agriculture-worker-status.html"}],"nameUrl":"StructureDefinition-udsplus-agriculture-worker-status.html","title":"UDS Plus Agriculture Worker Status Extension","generation":"generated"},{"extension":[{"url":"http://hl7.org/fhir/tools/StructureDefinition/ig-page-name","valueUrl":"ValueSet-udsplus-agriculture-worker-status.html"}],"nameUrl":"ValueSet-udsplus-agriculture-worker-status.html","title":"Uds Plus Agriculture Worker Status Codes","generation":"generated"},{"extension":[{"url":"http://hl7.org/fhir/tools/StructureDefinition/ig-page-name","valueUrl":"ValueSet-uds-plus-sex-codes.html"}],"nameUrl":"ValueSet-uds-plus-sex-codes.html","title":"Uds Plus Sex Codes","generation":"generated"},{"extension":[{"url":"http://hl7.org/fhir/tools/StructureDefinition/ig-page-name","valueUrl":"ValueSet-udsplus-housing-status.html"}],"nameUrl":"ValueSet-udsplus-housing-status.html","title":"Uds Plus Housing Status Codes","generation":"generated"},{"extension":[{"url":"http://hl7.org/fhir/tools/StructureDefinition/ig-page-name","valueUrl":"ValueSet-uds-plus-insurance-codes.html"}],"nameUrl":"ValueSet-uds-plus-insurance-codes.html","title":"Uds Plus Insurance Codes","generation":"generated"},{"extension":[{"url":"http://hl7.org/fhir/tools/StructureDefinition/ig-page-name","valueUrl":"ValueSet-uds-plus-service-delivery-codes.html"}],"nameUrl":"ValueSet-uds-plus-service-delivery-codes.html","title":"Uds Plus Service Delivery Codes","generation":"generated"},{"extension":[{"url":"http://hl7.org/fhir/tools/StructureDefinition/ig-page-name","valueUrl":"CodeSystem-udsplus-agriculture-worker-status-codes.html"}],"nameUrl":"CodeSystem-udsplus-agriculture-worker-status-codes.html","title":"UDS Plus Agriculter Worker Status Codes","generation":"generated"},{"extension":[{"url":"http://hl7.org/fhir/tools/StructureDefinition/ig-page-name","valueUrl":"CodeSystem-udsplus-housing-status-codes.html"}],"nameUrl":"CodeSystem-udsplus-housing-status-codes.html","title":"UDS Plus Housing Status Codes","generation":"generated"},{"extension":[{"url":"http://hl7.org/fhir/tools/StructureDefinition/ig-page-name","valueUrl":"CodeSystem-uds-plus-insurance-codes.html"}],"nameUrl":"CodeSystem-uds-plus-insurance-codes.html","title":"UDS Plus Insurance Codes","generation":"generated"},{"extension":[{"url":"http://hl7.org/fhir/tools/StructureDefinition/ig-page-name","valueUrl":"CodeSystem-udsplus-service-delivery-codes.html"}],"nameUrl":"CodeSystem-udsplus-service-delivery-codes.html","title":"UDS Plus Housing Service Delivery Codes","generation":"generated"},{"extension":[{"url":"http://hl7.org/fhir/tools/StructureDefinition/ig-page-name","valueUrl":"Patient-example.html"}],"nameUrl":"Patient-example.html","title":"US Core Patient Example","generation":"generated"},{"extension":[{"url":"http://hl7.org/fhir/tools/StructureDefinition/ig-page-name","valueUrl":"Practitioner-example.html"}],"nameUrl":"Practitioner-example.html","title":"US Core Practitioner Example","generation":"generated"},{"extension":[{"url":"http://hl7.org/fhir/tools/StructureDefinition/ig-page-name","valueUrl":"Location-hospital.html"}],"nameUrl":"Location-hospital.html","title":"US Core Location Example","generation":"generated"},{"extension":[{"url":"http://hl7.org/fhir/tools/StructureDefinition/ig-page-name","valueUrl":"Organization-holy-healthcare.html"}],"nameUrl":"Organization-holy-healthcare.html","title":"US Core Healthcare Organization Example","generation":"generated"},{"extension":[{"url":"http://hl7.org/fhir/tools/StructureDefinition/ig-page-name","valueUrl":"Parameters-reporting-parameters-example.html"}],"nameUrl":"Parameters-reporting-parameters-example.html","title":"UDS Plus Reporting Parameters Example","generation":"generated"},{"extension":[{"url":"http://hl7.org/fhir/tools/StructureDefinition/ig-page-name","valueUrl":"Parameters-de-identify-data-operation-urls-example.html"}],"nameUrl":"Parameters-de-identify-data-operation-urls-example.html","title":"UDS Plus Parameters Example for $deidentify operation","generation":"generated"},{"extension":[{"url":"http://hl7.org/fhir/tools/StructureDefinition/ig-page-name","valueUrl":"RelatedPerson-de-identified-example.html"}],"nameUrl":"RelatedPerson-de-identified-example.html","title":"UDS Plus RelatedPerson Example","generation":"generated"},{"extension":[{"url":"http://hl7.org/fhir/tools/StructureDefinition/ig-page-name","valueUrl":"AdverseEvent-de-identified-example.html"}],"nameUrl":"AdverseEvent-de-identified-example.html","title":"UDS Plus AdverseEvent Example","generation":"generated"},{"extension":[{"url":"http://hl7.org/fhir/tools/StructureDefinition/ig-page-name","valueUrl":"Observation-clinical-result-de-identified-example.html"}],"nameUrl":"Observation-clinical-result-de-identified-example.html","title":"UDS Plus ClinicalResult Example","generation":"generated"},{"extension":[{"url":"http://hl7.org/fhir/tools/StructureDefinition/ig-page-name","valueUrl":"AllergyIntolerance-de-identified-example.html"}],"nameUrl":"AllergyIntolerance-de-identified-example.html","title":"UDS Plus AllergyIntolerance Example","generation":"generated"},{"extension":[{"url":"http://hl7.org/fhir/tools/StructureDefinition/ig-page-name","valueUrl":"Coverage-de-identified-example.html"}],"nameUrl":"Coverage-de-identified-example.html","title":"Uds Plus Coverage Example","generation":"generated"},{"extension":[{"url":"http://hl7.org/fhir/tools/StructureDefinition/ig-page-name","valueUrl":"Procedure-de-identified-example.html"}],"nameUrl":"Procedure-de-identified-example.html","title":"Uds Plus Procedure Example","generation":"generated"},{"extension":[{"url":"http://hl7.org/fhir/tools/StructureDefinition/ig-page-name","valueUrl":"MedicationRequest-de-identified-example.html"}],"nameUrl":"MedicationRequest-de-identified-example.html","title":"Uds Plus MedicationRequest Example","generation":"generated"},{"extension":[{"url":"http://hl7.org/fhir/tools/StructureDefinition/ig-page-name","valueUrl":"MedicationStatement-de-identified-example.html"}],"nameUrl":"MedicationStatement-de-identified-example.html","title":"Uds Plus MedicationStatement Example","generation":"generated"},{"extension":[{"url":"http://hl7.org/fhir/tools/StructureDefinition/ig-page-name","valueUrl":"Observation-de-identified-income-example.html"}],"nameUrl":"Observation-de-identified-income-example.html","title":"Uds Plus Income Observation Example","generation":"generated"},{"extension":[{"url":"http://hl7.org/fhir/tools/StructureDefinition/ig-page-name","valueUrl":"Observation-de-identified-low-income-example.html"}],"nameUrl":"Observation-de-identified-low-income-example.html","title":"Uds Plus Low Income Observation Example","generation":"generated"},{"extension":[{"url":"http://hl7.org/fhir/tools/StructureDefinition/ig-page-name","valueUrl":"Observation-de-identified-income-with-quantity-example.html"}],"nameUrl":"Observation-de-identified-income-with-quantity-example.html","title":"Uds Plus Income Observation Example using Quantity","generation":"generated"},{"extension":[{"url":"http://hl7.org/fhir/tools/StructureDefinition/ig-page-name","valueUrl":"ServiceRequest-de-identified-example.html"}],"nameUrl":"ServiceRequest-de-identified-example.html","title":"Uds Plus ServiceRequest Example","generation":"generated"},{"extension":[{"url":"http://hl7.org/fhir/tools/StructureDefinition/ig-page-name","valueUrl":"Immunization-de-identified-example.html"}],"nameUrl":"Immunization-de-identified-example.html","title":"Uds Plus Immunization Example","generation":"generated"},{"extension":[{"url":"http://hl7.org/fhir/tools/StructureDefinition/ig-page-name","valueUrl":"Observation-de-identified-example.html"}],"nameUrl":"Observation-de-identified-example.html","title":"Uds Plus Observation Lab Result Example","generation":"generated"},{"extension":[{"url":"http://hl7.org/fhir/tools/StructureDefinition/ig-page-name","valueUrl":"Organization-acme-payer.html"}],"nameUrl":"Organization-acme-payer.html","title":"US Core Organization Example for a Payer","generation":"generated"},{"extension":[{"url":"http://hl7.org/fhir/tools/StructureDefinition/ig-page-name","valueUrl":"Patient-smallpop-example.html"}],"nameUrl":"Patient-smallpop-example.html","title":"US Core Patient Example of a patient residing in a zip code with small population (<20000 people)","generation":"generated"},{"extension":[{"url":"http://hl7.org/fhir/tools/StructureDefinition/ig-page-name","valueUrl":"Condition-example.html"}],"nameUrl":"Condition-example.html","title":"US Core Condition Example","generation":"generated"},{"extension":[{"url":"http://hl7.org/fhir/tools/StructureDefinition/ig-page-name","valueUrl":"Encounter-example.html"}],"nameUrl":"Encounter-example.html","title":"US Core Encounter Example","generation":"generated"},{"extension":[{"url":"http://hl7.org/fhir/tools/StructureDefinition/ig-page-name","valueUrl":"Parameters-example.html"}],"nameUrl":"Parameters-example.html","title":"Example of a Manifest file used for multiple operations in the context of HRSA UDS+ FHIR IG","generation":"generated"},{"extension":[{"url":"http://hl7.org/fhir/tools/StructureDefinition/ig-page-name","valueUrl":"Patient-de-identified-example.html"}],"nameUrl":"Patient-de-identified-example.html","title":"Uds Plus Patient Example","generation":"generated"},{"extension":[{"url":"http://hl7.org/fhir/tools/StructureDefinition/ig-page-name","valueUrl":"Patient-de-identified-smallpop-example.html"}],"nameUrl":"Patient-de-identified-smallpop-example.html","title":"Uds Plus Patient Example for a patient residing in a zip code with small population (<20000 people)","generation":"generated"},{"extension":[{"url":"http://hl7.org/fhir/tools/StructureDefinition/ig-page-name","valueUrl":"Patient-de-identified-age89-example.html"}],"nameUrl":"Patient-de-identified-age89-example.html","title":"Uds Plus Patient Example for a patient with age (> 89 )","generation":"generated"},{"extension":[{"url":"http://hl7.org/fhir/tools/StructureDefinition/ig-page-name","valueUrl":"Condition-de-identified-example.html"}],"nameUrl":"Condition-de-identified-example.html","title":"Uds Plus De-Identified Condition Example","generation":"generated"},{"extension":[{"url":"http://hl7.org/fhir/tools/StructureDefinition/ig-page-name","valueUrl":"Encounter-de-identified-example.html"}],"nameUrl":"Encounter-de-identified-example.html","title":"Uds Plus De-Identified Encounter Example","generation":"generated"},{"extension":[{"url":"http://hl7.org/fhir/tools/StructureDefinition/ig-page-name","valueUrl":"Observation-generic-observation-de-identified-example.html"}],"nameUrl":"Observation-generic-observation-de-identified-example.html","title":"UDS Plus Generic Observation Example","generation":"generated"}]}]},"parameter":[{"code":"path-resource","value":"input/capabilities"},{"code":"path-resource","value":"input/examples"},{"code":"path-resource","value":"input/extensions"},{"code":"path-resource","value":"input/models"},{"code":"path-resource","value":"input/operations"},{"code":"path-resource","value":"input/profiles"},{"code":"path-resource","value":"input/resources"},{"code":"path-resource","value":"input/vocabulary"},{"code":"path-resource","value":"input/maps"},{"code":"path-resource","value":"input/testing"},{"code":"path-resource","value":"input/history"},{"code":"path-resource","value":"fsh-generated/resources"},{"code":"path-pages","value":"template/config"},{"code":"path-pages","value":"input/images"},{"code":"path-tx-cache","value":"input-cache/txcache"}]}}