{
  "resourceType" : "AllergyIntolerance",
  "id" : "de-identified-example",
  "meta" : {
    "lastUpdated" : "2017-05-26T11:56:57.250-04:00",
    "profile" : ["http://fhir.org/guides/hrsa/uds-plus/StructureDefinition/uds-plus-allergyintolerance"]
  },
  "clinicalStatus" : {
    "coding" : [{
      "system" : "http://terminology.hl7.org/CodeSystem/allergyintolerance-clinical",
      "code" : "active"
    }]
  },
  "verificationStatus" : {
    "coding" : [{
      "system" : "http://terminology.hl7.org/CodeSystem/allergyintolerance-verification",
      "code" : "confirmed"
    }]
  },
  "category" : ["medication"],
  "criticality" : "high",
  "code" : {
    "coding" : [{
      "system" : "http://snomed.info/sct",
      "code" : "387406002",
      "display" : "Sulfonamide (substance)"
    }],
    "text" : "sulfonamide antibacterial"
  },
  "patient" : {
    "reference" : "Patient/de-identified-example"
  },
  "onsetDateTime" : "2015",
  "recordedDate" : "2017",
  "reaction" : [{
    "manifestation" : [{
      "coding" : [{
        "system" : "http://snomed.info/sct",
        "code" : "271807003",
        "display" : "skin rash"
      }],
      "text" : "skin rash"
    }],
    "severity" : "mild"
  }]
}