{
  "resourceType" : "Goal",
  "id" : "food-insecurity-example-1",
  "meta" : {
    "profile" : ["http://hl7.org/fhir/us/sdoh-clinicalcare/StructureDefinition/SDOHCC-Goal"]
  },
  "text" : {
    "status" : "generated",
    "div" : "<div xmlns=\"http://www.w3.org/1999/xhtml\"><p class=\"res-header-id\"><b>Generated Narrative: Goal food-insecurity-example-1</b></p><a name=\"food-insecurity-example-1\"> </a><a name=\"hcfood-insecurity-example-1\"> </a><div style=\"display: inline-block; background-color: #d9e0e7; padding: 6px; margin: 4px; border: 1px solid #8da1b4; border-radius: 5px; line-height: 60%\"><p style=\"margin-bottom: 0px\"/><p style=\"margin-bottom: 0px\">Profile: <a href=\"http://hl7.org/fhir/us/sdoh-clinicalcare/STU2.3/StructureDefinition-SDOHCC-Goal.html\">SDOHCC Goal</a></p></div><p><b>lifecycleStatus</b>: Active</p><p><b>achievementStatus</b>: <span title=\"Codes:{http://terminology.hl7.org/CodeSystem/goal-achievement improving}\">Improving</span></p><p><b>category</b>: <span title=\"Codes:{http://hl7.org/fhir/us/sdoh-clinicalcare/CodeSystem/SDOHCC-CodeSystemTemporaryCodes food-insecurity}\">Food Insecurity</span></p><p><b>description</b>: <span title=\"Codes:{http://snomed.info/sct 1078229009}\">Food security</span></p><p><b>subject</b>: <a href=\"Patient-bh-patient-example.html\">James Wolff</a></p><h3>Targets</h3><table class=\"grid\"><tr><td style=\"display: none\">-</td><td><b>Measure</b></td><td><b>Detail[x]</b></td><td><b>Due[x]</b></td></tr><tr><td style=\"display: none\">*</td><td><span title=\"Codes:{http://loinc.org 88124-3}\">Food insecurity risk [HVS]</span></td><td><span title=\"Codes:{http://loinc.org LA19983-8}\">No risk</span></td><td>2025-12-10</td></tr></table><p><b>statusDate</b>: 2024-02-01</p></div>"
  },
  "lifecycleStatus" : "active",
  "achievementStatus" : {
    "coding" : [{
      "system" : "http://terminology.hl7.org/CodeSystem/goal-achievement",
      "code" : "improving",
      "display" : "Improving"
    }]
  },
  "category" : [{
    "coding" : [{
      "system" : "http://hl7.org/fhir/us/sdoh-clinicalcare/CodeSystem/SDOHCC-CodeSystemTemporaryCodes",
      "code" : "food-insecurity",
      "display" : "Food Insecurity"
    }]
  }],
  "description" : {
    "coding" : [{
      "system" : "http://snomed.info/sct",
      "code" : "1078229009",
      "display" : "Food security"
    }]
  },
  "subject" : {
    "reference" : "Patient/bh-patient-example",
    "display" : "James Wolff"
  },
  "target" : [{
    "measure" : {
      "coding" : [{
        "system" : "http://loinc.org",
        "code" : "88124-3",
        "display" : "Food insecurity risk [HVS]"
      }]
    },
    "detailCodeableConcept" : {
      "coding" : [{
        "system" : "http://loinc.org",
        "code" : "LA19983-8",
        "display" : "No risk"
      }]
    },
    "dueDate" : "2025-12-10"
  }],
  "statusDate" : "2024-02-01"
}