{
  "resourceType" : "Location",
  "id" : "ed-location-example-1",
  "meta" : {
    "profile" : ["http://hl7.org/fhir/us/core/StructureDefinition/us-core-location|6.1.0"]
  },
  "text" : {
    "status" : "generated",
    "div" : "<div xmlns=\"http://www.w3.org/1999/xhtml\"><p class=\"res-header-id\"><b>Generated Narrative: Location ed-location-example-1</b></p><a name=\"ed-location-example-1\"> </a><a name=\"hced-location-example-1\"> </a><div style=\"display: inline-block; background-color: #d9e0e7; padding: 6px; margin: 4px; border: 1px solid #8da1b4; border-radius: 5px; line-height: 60%\"><p style=\"margin-bottom: 0px\"/><p style=\"margin-bottom: 0px\">Profile: <a href=\"http://hl7.org/fhir/us/core/STU6.1/StructureDefinition-us-core-location.html\">US Core Location Profileversion: null6.1.0)</a></p></div><p><b>identifier</b>: <code>http://www.acme.org/location</code>/29</p><p><b>status</b>: Active</p><p><b>name</b>: Florida General Hospital - Emergency Department</p><p><b>description</b>: Florida General Hospital - Emergency Department</p><p><b>type</b>: <span title=\"Codes:{http://terminology.hl7.org/CodeSystem/v3-RoleCode ER}\">Emergency room</span></p><p><b>telecom</b>: ph: (+1) 734-677-7777</p><p><b>address</b>: 1234 Beach Street Miami FL 33101 USA </p></div>"
  },
  "identifier" : [{
    "system" : "http://www.acme.org/location",
    "value" : "29"
  }],
  "status" : "active",
  "name" : "Florida General Hospital - Emergency Department",
  "description" : "Florida General Hospital - Emergency Department",
  "type" : [{
    "coding" : [{
      "system" : "http://terminology.hl7.org/CodeSystem/v3-RoleCode",
      "code" : "ER",
      "display" : "Emergency room"
    }],
    "text" : "Emergency room"
  }],
  "telecom" : [{
    "system" : "phone",
    "value" : "(+1) 734-677-7777"
  }],
  "address" : {
    "line" : ["1234 Beach Street"],
    "city" : "Miami",
    "state" : "FL",
    "postalCode" : "33101",
    "country" : "USA"
  }
}