{
  "resourceType" : "Observation",
  "id" : "non-smoker-example-1",
  "meta" : {
    "profile" : ["http://hl7.org/fhir/us/core/StructureDefinition/us-core-smokingstatus|6.1.0"]
  },
  "text" : {
    "status" : "generated",
    "div" : "<div xmlns=\"http://www.w3.org/1999/xhtml\"><p class=\"res-header-id\"><b>Generated Narrative: Observation non-smoker-example-1</b></p><a name=\"non-smoker-example-1\"> </a><a name=\"hcnon-smoker-example-1\"> </a><div style=\"display: inline-block; background-color: #d9e0e7; padding: 6px; margin: 4px; border: 1px solid #8da1b4; border-radius: 5px; line-height: 60%\"><p style=\"margin-bottom: 0px\"/><p style=\"margin-bottom: 0px\">Profile: <a href=\"http://hl7.org/fhir/us/core/STU6.1/StructureDefinition-us-core-smokingstatus.html\">US Core Smoking Status Observation Profileversion: null6.1.0)</a></p></div><p><b>status</b>: Final</p><p><b>category</b>: <span title=\"Codes:{http://terminology.hl7.org/CodeSystem/observation-category social-history}\">Social History</span></p><p><b>code</b>: <span title=\"Codes:{http://loinc.org 72166-2}\">Tobacco smoking status</span></p><p><b>subject</b>: <a href=\"Patient-bh-patient-example.html\">James Wolff</a></p><p><b>effective</b>: 2024-02-01 16:27:04+0000</p><p><b>performer</b>: <a href=\"Practitioner-pcp-provider-example-1.html\">Dr. Doc Family</a></p><p><b>value</b>: <span title=\"Codes:{http://snomed.info/sct 8392000}\">Non-smoker (finding)</span></p></div>"
  },
  "status" : "final",
  "category" : [{
    "coding" : [{
      "system" : "http://terminology.hl7.org/CodeSystem/observation-category",
      "code" : "social-history",
      "display" : "Social History"
    }],
    "text" : "Social History"
  }],
  "code" : {
    "coding" : [{
      "system" : "http://loinc.org",
      "code" : "72166-2",
      "display" : "Tobacco smoking status"
    }],
    "text" : "Tobacco smoking status"
  },
  "subject" : {
    "reference" : "Patient/bh-patient-example",
    "display" : "James Wolff"
  },
  "effectiveDateTime" : "2024-02-01T16:27:04Z",
  "performer" : [{
    "reference" : "Practitioner/pcp-provider-example-1",
    "display" : "Dr. Doc Family"
  }],
  "valueCodeableConcept" : {
    "coding" : [{
      "system" : "http://snomed.info/sct",
      "code" : "8392000",
      "display" : "Non-smoker (finding)"
    }]
  }
}