{
  "resourceType" : "Procedure",
  "id" : "alcohol-prevetion-education-example-1",
  "meta" : {
    "profile" : ["http://hl7.org/fhir/us/core/StructureDefinition/us-core-procedure|6.1.0"]
  },
  "text" : {
    "status" : "generated",
    "div" : "<div xmlns=\"http://www.w3.org/1999/xhtml\"><p class=\"res-header-id\"><b>Generated Narrative: Procedure alcohol-prevetion-education-example-1</b></p><a name=\"alcohol-prevetion-education-example-1\"> </a><a name=\"hcalcohol-prevetion-education-example-1\"> </a><div style=\"display: inline-block; background-color: #d9e0e7; padding: 6px; margin: 4px; border: 1px solid #8da1b4; border-radius: 5px; line-height: 60%\"><p style=\"margin-bottom: 0px\"/><p style=\"margin-bottom: 0px\">Profile: <a href=\"http://hl7.org/fhir/us/core/STU6.1/StructureDefinition-us-core-procedure.html\">US Core Procedure Profileversion: null6.1.0)</a></p></div><p><b>status</b>: Completed</p><p><b>code</b>: <span title=\"Codes:{http://snomed.info/sct 424407005}\">Substance use cessation education, guidance, and counseling (procedure)</span></p><p><b>subject</b>: <a href=\"Patient-bh-patient-example.html\">James Wolff</a></p><p><b>performed</b>: 2024-03-23</p></div>"
  },
  "status" : "completed",
  "code" : {
    "coding" : [{
      "system" : "http://snomed.info/sct",
      "code" : "424407005",
      "display" : "Substance use cessation education, guidance, and counseling (procedure)"
    }],
    "text" : "Substance use cessation education, guidance, and counseling (procedure)"
  },
  "subject" : {
    "reference" : "Patient/bh-patient-example",
    "display" : "James Wolff"
  },
  "performedDateTime" : "2024-03-23"
}