{
  "resourceType" : "RelatedPerson",
  "id" : "adult-child-relatedperson-example-1",
  "meta" : {
    "profile" : ["http://hl7.org/fhir/us/core/StructureDefinition/us-core-relatedperson|6.1.0"]
  },
  "text" : {
    "status" : "generated",
    "div" : "<div xmlns=\"http://www.w3.org/1999/xhtml\"><p class=\"res-header-id\"><b>Generated Narrative: RelatedPerson adult-child-relatedperson-example-1</b></p><a name=\"adult-child-relatedperson-example-1\"> </a><a name=\"hcadult-child-relatedperson-example-1\"> </a><div style=\"display: inline-block; background-color: #d9e0e7; padding: 6px; margin: 4px; border: 1px solid #8da1b4; border-radius: 5px; line-height: 60%\"><p style=\"margin-bottom: 0px\"/><p style=\"margin-bottom: 0px\">Profile: <a href=\"http://hl7.org/fhir/us/core/STU6.1/StructureDefinition-us-core-relatedperson.html\">US Core RelatedPerson Profileversion: null6.1.0)</a></p></div><p><b>active</b>: true</p><p><b>patient</b>: <a href=\"Patient-bh-patient-example.html\">James Wolff</a></p><p><b>relationship</b>: <span title=\"Codes:{http://terminology.hl7.org/CodeSystem/v3-RoleCode CHILD}\">child</span></p><p><b>name</b>: Sarah Wolff (Official)</p><p><b>telecom</b>: ph: 555-555-5555(Home), <a href=\"mailto:sarah.wolff@example.com\">sarah.wolff@example.com</a></p><p><b>birthDate</b>: 1996-01-28</p><p><b>address</b>: 80A VILLAGE ST NEW HOLLAND PA 17557 (home)</p></div>"
  },
  "active" : true,
  "patient" : {
    "reference" : "Patient/bh-patient-example",
    "display" : "James Wolff"
  },
  "relationship" : [{
    "coding" : [{
      "system" : "http://terminology.hl7.org/CodeSystem/v3-RoleCode",
      "code" : "CHILD",
      "display" : "child"
    }]
  }],
  "name" : [{
    "use" : "official",
    "family" : "Wolff",
    "given" : ["Sarah"]
  }],
  "telecom" : [{
    "system" : "phone",
    "value" : "555-555-5555",
    "use" : "home"
  },
  {
    "system" : "email",
    "value" : "sarah.wolff@example.com",
    "use" : "home"
  }],
  "birthDate" : "1996-01-28",
  "address" : [{
    "use" : "home",
    "line" : ["80A VILLAGE ST"],
    "city" : "NEW HOLLAND",
    "state" : "PA",
    "postalCode" : "17557"
  }]
}