Source File	Size	loadResources	load	generateSnapshots	load-configure	scan	loadDepInfo	loadInfo	checkR4R4B	generateNarratives	validate	loadLists	checkConformanceResources	checkConformanceResources2	checkConformanceResources3	generateLogicalMaps	validateExpressions	scanForUsageStats	checkURLsUnique	processProvenanceDetails	generate1	generate2	generateLogicals	makeDependencies	generateExampleZip	generateValidationPack	scanProfilesForR5	scanExamplesForR5
/input/opioid-cds.xml	29355	-	0	0	0	0	0	0	10	11	0	0	0	0	0	0	0	1	0	0	188	200	0	0	0	6	0	4
input/examples/careplan-example-opioidcds.json	288	1	0	0	2	0	0	0	0	3	0	0	0	0	0	0	0	0	0	0	5	6	0	0	0	0	0	0
input/examples/condition-cancer-diagnosis.json	671	1	0	0	0	0	0	0	0	1	0	0	0	0	0	0	0	0	0	0	4	4	0	0	0	0	0	0
input/examples/condition-end-of-life.json	639	0	0	0	0	0	0	0	1	1	0	0	0	0	0	0	0	0	0	0	5	4	0	0	0	0	0	0
input/examples/condition-terminal.json	655	1	0	0	0	0	0	0	0	4	0	0	0	0	0	0	0	0	0	0	4	5	0	0	0	0	0	0
input/examples/encounter-cancer-diagnosis.json	1277	1	0	0	0	0	0	0	0	151	0	0	0	0	0	0	0	0	0	0	7	5	0	0	0	0	0	0
input/examples/encounter-oncologist-participant.json	1484	0	0	0	0	0	0	0	0	3	0	0	0	0	0	0	0	0	0	0	7	6	0	0	0	0	0	0
input/examples/medicationdispense-ambulatory-opioid.json	1279	1	0	0	0	0	0	0	0	3	0	0	0	0	0	0	0	0	0	0	7	5	0	0	0	0	0	0
input/examples/medicationrequest-ambulatory-opioid.json	1614	1	0	0	0	0	0	0	1	5	0	0	0	0	0	0	0	0	0	0	8	7	0	0	0	0	0	0
input/examples/medicationrequest-example-opioidcds.json	2136	1	0	0	0	0	0	0	0	3	0	0	0	0	0	0	0	0	0	0	7	6	0	0	0	0	0	0
input/examples/observation-example-opioidcds.json	1213	1	0	0	0	0	0	0	0	8	0	0	0	0	0	0	0	0	0	0	5	6	0	0	0	0	0	0
input/examples/patient-example-opioidcds.json	1054	0	0	0	0	0	0	0	0	1	0	0	0	0	0	0	0	0	0	0	5	3	0	0	0	0	0	0
input/examples/practitionerrole-oncology-specialist.json	338	1	0	0	0	0	0	0	1	1	0	0	0	0	0	0	0	0	0	0	4	2	0	0	0	0	0	0
input/examples/requestgroup-example-opioidcds.json	756	0	0	0	0	0	0	0	0	7	0	0	0	0	0	0	0	0	0	0	5	17	0	0	0	0	0	0
input/examples/servicerequest-palliative-care.json	742	1	0	0	0	0	0	0	0	2	0	0	0	0	0	0	0	0	0	0	5	5	0	0	0	0	0	0
input/extensions/structuredefinition-data-date-roller-extension.json	3747	1	0	17	0	0	0	0	0	12	0	0	0	0	0	0	0	1	0	0	72	500	0	0	0	3	0	1
input/profiles/structuredefinition-cdc-valueset-clinical-focus.xml	7644	21	0	8	0	0	0	0	0	7	0	0	0	0	0	0	0	0	0	0	28	90	0	0	0	1	0	0
input/profiles/structuredefinition-cdc-valueset-dataelement-scope.xml	7649	13	0	7	0	0	0	0	0	5	0	0	0	0	0	0	0	0	0	0	22	85	0	0	0	1	1	0
input/profiles/structuredefinition-cdc-valueset-exclusion-criteria-focus.xml	7652	12	0	8	0	0	0	0	0	4	0	0	0	0	0	0	0	0	0	0	21	79	0	0	0	1	0	1
input/profiles/structuredefinition-cdc-valueset-inclusion-criteria-focus.xml	7652	12	0	7	1	0	0	0	0	5	0	0	0	0	0	0	0	0	0	0	22	77	0	0	0	1	0	0
input/resources/activitydefinition/opioidcds-risk-assessment-request.json	2410	1	0	0	0	0	0	0	0	14	0	0	0	0	0	0	0	0	0	0	10	5	0	0	0	0	0	0
input/resources/activitydefinition/opioidcds-urine-screening-request-1.json	666	0	0	0	0	0	0	0	1	12	0	0	0	0	0	0	0	0	0	0	8	6	0	0	0	1	0	0
input/resources/activitydefinition/opioidcds-urine-screening-request-2.json	666	1	0	0	0	0	0	0	0	12	0	0	0	0	0	0	0	1	0	0	7	5	0	0	0	0	0	0
input/resources/activitydefinition/opioidcds-urine-screening-request.json	2252	1	0	0	0	0	0	0	0	10	0	0	0	0	0	0	0	0	0	0	10	4	0	0	0	0	0	0
input/resources/device/cqf-tooling.json	480	1	0	0	0	0	0	0	0	3	0	0	0	0	0	0	0	0	0	0	3	2	0	0	0	0	0	0
input/resources/library/CDCMMEClinicalConversionFactors.json	301575	3	0	0	0	0	0	0	1	13	0	0	0	0	0	0	0	0	0	0	277	29	0	0	0	17	0	0
input/resources/library/ConversionFactors.json	535929	12	0	0	0	0	0	0	1	25	0	0	0	0	0	0	0	0	0	0	476	58	0	0	0	35	0	0
input/resources/library/FHIR-ModelInfo.json	1319	1	0	0	0	0	0	0	0	9	0	0	0	0	0	0	0	0	0	0	8	4	0	0	0	0	0	0
input/resources/library/FHIRHelpers.json	1468181	11	0	0	0	0	0	0	1	11	0	0	0	0	0	0	0	0	0	0	1288	115	0	0	0	62	0	1
input/resources/library/HelloWorld.json	24424	1	0	0	0	0	0	0	1	17	0	0	0	0	0	0	0	0	0	0	31	8	0	0	0	2	0	0
input/resources/library/HelloWorldPatientView.json	24493	1	0	0	0	0	0	0	1	14	0	0	0	0	0	0	0	0	0	0	32	8	0	0	0	1	0	0
input/resources/library/MMECalculator.json	423800	8	0	0	0	0	0	0	1	22	0	0	0	0	0	0	0	0	0	0	375	41	0	0	0	27	0	0
input/resources/library/OMTKData.json	14205176	229	0	0	0	0	0	0	1	20	0	0	0	0	0	0	0	0	0	0	12512	1226	0	0	0	488	0	0
input/resources/library/OMTKData2020.json	17916301	134	0	0	1	0	0	0	1	12	0	0	0	0	0	0	0	1	0	0	15597	1564	0	0	0	628	0	0
input/resources/library/OMTKLogic.json	1279271	88	0	0	0	0	0	0	1	17	0	0	0	0	0	0	0	0	0	0	1156	113	0	0	0	72	0	1
input/resources/library/OMTKLogicMK2020.json	924720	7	0	0	0	0	0	0	0	11	0	0	0	0	0	0	0	0	0	0	817	74	0	0	0	52	0	0
input/resources/library/OpioidCDSCommon.json	1374831	14	0	0	0	0	0	0	4	0	0	0	0	0	0	0	0	0	0	0	1208	121	0	0	0	76	0	0
input/resources/library/OpioidCDSCommonConfig.json	52585	1	0	0	0	0	0	0	1	15	0	0	0	0	0	0	0	0	0	0	50	10	0	0	0	3	0	0
input/resources/library/OpioidCDSREC01.json	57195	2	0	0	0	0	0	0	1	14	0	0	0	0	0	0	0	1	0	0	53	9	0	0	0	3	0	0
input/resources/library/OpioidCDSREC02.json	184132	2	0	0	0	0	0	0	1	19	0	0	0	0	0	0	0	0	0	0	164	20	0	0	0	11	0	1
input/resources/library/OpioidCDSREC03.json	65066	1	0	0	0	0	0	0	0	13	0	0	0	0	0	0	0	0	0	0	60	11	0	0	0	4	0	0
input/resources/library/OpioidCDSREC04And05.json	90733	2	0	0	0	0	0	0	1	13	0	0	0	0	0	0	0	0	1	1	84	12	0	0	0	5	0	0
input/resources/library/OpioidCDSREC06.json	84035	1	0	0	1	0	0	0	1	12	0	0	0	0	0	0	0	0	0	0	77	12	0	0	0	5	0	0
input/resources/library/OpioidCDSREC07.json	139766	2	0	0	0	0	0	0	2	14	0	0	0	0	0	0	0	0	0	0	125	17	0	0	0	9	0	0
input/resources/library/OpioidCDSREC08.json	50622	1	0	0	0	0	0	0	1	12	0	0	0	0	0	0	0	0	0	0	48	10	0	0	0	3	0	0
input/resources/library/OpioidCDSREC09.json	175145	3	0	0	0	0	0	0	1	13	0	0	0	0	0	0	0	1	0	0	158	20	0	0	0	12	0	1
input/resources/library/OpioidCDSREC10Common.json	1724427	13	0	0	0	0	0	0	3	36	0	0	0	0	0	0	0	0	0	0	1513	139	0	0	0	100	0	0
input/resources/library/OpioidCDSREC10OrderSign.json	89962	1	0	0	0	0	0	0	2	12	0	0	0	0	0	0	0	0	0	0	82	13	0	0	0	5	0	0
input/resources/library/OpioidCDSREC10PatientView.json	138347	2	0	0	0	0	0	0	0	12	0	0	0	0	0	0	0	0	0	0	138	18	0	0	0	9	0	0
input/resources/library/OpioidCDSREC11OrderSelect.json	68630	2	0	0	0	0	0	0	1	10	0	0	0	0	0	0	0	0	0	0	63	10	0	0	0	4	0	1
input/resources/library/OpioidCDSREC11PatientView.json	40163	1	0	0	0	0	0	0	1	9	0	0	0	0	0	0	0	1	0	0	48	10	0	0	0	3	0	0
input/resources/library/OpioidCDSREC12PatientView.json	129345	2	0	0	0	0	0	0	1	10	0	0	0	0	0	0	0	0	0	0	116	15	0	0	0	7	0	0
input/resources/library/OpioidCDSRoutines.json	417067	3	0	0	1	0	0	0	2	11	0	0	0	0	0	0	0	0	0	0	369	36	0	0	0	28	0	0
input/resources/parameters/Parameters-manifest.json	511	1	0	0	0	0	0	0	2	0	0	0	0	0	0	0	0	0	0	0	17	13	0	0	0	0	0	0
input/resources/plandefinition/opioidcds-01.json	51158	3	0	0	0	0	0	0	5	20	0	0	0	0	0	0	0	0	0	0	118	48	0	0	0	3	0	2
input/resources/plandefinition/opioidcds-02.json	60005	4	0	0	0	0	0	0	5	20	0	0	0	0	0	0	0	1	0	0	136	42	0	0	0	2	0	2
input/resources/plandefinition/opioidcds-03.json	55104	4	0	0	0	0	0	0	4	20	0	0	0	0	0	0	0	0	0	0	125	38	0	0	0	3	0	1
input/resources/plandefinition/opioidcds-04-05.json	348036	6	0	0	1	0	0	0	5	54	0	0	0	0	0	0	0	0	0	0	663	101	0	0	0	12	0	3
input/resources/plandefinition/opioidcds-06.json	38304	3	0	0	0	0	0	0	3	13	0	0	0	0	0	0	0	1	0	0	88	25	0	0	0	1	0	1
input/resources/plandefinition/opioidcds-07.json	52428	3	0	0	0	0	0	0	4	15	0	0	0	0	0	0	0	0	0	0	120	32	0	0	0	3	0	1
input/resources/plandefinition/opioidcds-08.json	39978	2	0	0	0	0	0	0	2	12	0	0	0	0	0	0	0	0	0	0	91	25	0	0	0	2	0	1
input/resources/plandefinition/opioidcds-09.json	44297	4	0	0	1	0	0	0	4	14	0	0	0	0	0	0	0	0	0	0	101	29	0	0	0	2	0	2
input/resources/plandefinition/opioidcds-10-order-sign.json	109651	6	0	0	0	0	0	0	8	30	0	0	0	0	0	0	0	1	0	0	257	61	0	0	0	4	0	3
input/resources/plandefinition/opioidcds-10-patient-view.json	114714	7	0	0	1	0	0	0	8	31	0	0	0	0	0	0	0	0	0	0	269	67	0	0	0	6	0	3
input/resources/plandefinition/opioidcds-11-order-select.json	45212	3	0	0	0	0	0	0	3	14	0	0	0	0	0	0	0	1	0	0	104	29	0	0	0	2	0	2
input/resources/plandefinition/opioidcds-11-patient-view.json	41125	2	0	0	0	0	0	0	3	12	0	0	0	0	0	0	0	0	0	0	93	26	0	0	0	2	0	1
input/resources/plandefinition/opioidcds-12-patient-view.json	22612	2	0	0	0	0	0	0	2	9	0	0	0	0	0	0	0	0	0	0	52	16	0	0	0	1	0	0
input/vocabulary/codesystem/codesystem-opioidcds-indicator.xml	1041	6	0	0	0	0	0	0	0	2	0	0	0	0	0	0	0	0	0	0	5	36	0	0	0	1	0	0
input/vocabulary/codesystem/opioidcds-overrideReasons.json	5763	1	0	0	0	0	0	0	0	4	0	0	0	0	0	0	0	0	0	0	14	35	0	0	0	1	0	0
input/vocabulary/valueset/all-urine-drug-screening-tests.json	275270	23	0	0	0	0	0	0	26	178	0	0	0	0	0	0	0	6	0	0	662	642	0	3	0	29	0	6
input/vocabulary/valueset/amphetamine-urine-drug-screening-tests.json	35398	4	0	0	1	0	0	0	2	16	0	0	0	0	0	0	0	1	0	0	81	83	0	0	0	3	0	0
input/vocabulary/valueset/amphetamines-class-medications.json	38110	3	0	0	0	0	0	0	3	17	0	0	0	0	0	0	0	0	0	0	82	72	0	0	0	4	0	0
input/vocabulary/valueset/barbiturate-medications.json	27255	2	0	0	0	0	0	0	1	10	0	0	0	0	0	0	0	1	0	0	57	54	0	0	0	2	0	0
input/vocabulary/valueset/barbiturate-urine-drug-screening-tests.json	22068	2	0	0	0	0	0	0	2	9	0	0	0	0	0	0	0	0	0	0	47	50	0	0	0	2	0	1
input/vocabulary/valueset/benzodiazepine-medications.json	39618	3	0	0	0	0	0	0	2	14	0	0	0	0	0	0	0	1	0	0	87	73	0	0	0	4	0	0
input/vocabulary/valueset/benzodiazepine-urine-drug-screening-tests.json	28290	3	0	0	0	0	0	0	2	10	0	0	0	0	0	0	0	1	0	0	62	59	0	1	0	3	0	0
input/vocabulary/valueset/buprenorphine-and-methadone-medications.json	18896	2	0	0	0	0	0	0	1	7	0	0	0	0	0	0	0	0	0	0	43	41	0	0	0	1	0	0
input/vocabulary/valueset/buprenorphine-medications.json	19877	1	0	0	0	0	0	0	1	7	0	0	0	0	0	0	0	0	0	0	41	39	0	0	0	2	0	1
input/vocabulary/valueset/buprenorphine-urine-drug-screening-tests.json	9188	2	0	0	0	0	0	0	0	4	0	0	0	0	0	0	0	0	0	0	16	29	0	0	0	1	0	0
input/vocabulary/valueset/cannabinoid-urine-drug-screening-tests.json	36368	2	0	0	0	0	0	0	3	12	0	0	0	0	0	0	0	1	0	0	76	62	0	0	0	3	0	0
input/vocabulary/valueset/cdc-malignant-cancer-conditions.json	317862	24	0	0	0	0	0	0	20	101	0	0	0	0	0	0	0	6	0	0	698	490	0	2	0	30	0	2
input/vocabulary/valueset/cns-depressant-medications.json	25961	2	0	0	0	0	0	0	1	9	0	0	0	0	0	0	0	1	0	0	56	46	0	0	0	2	0	0
input/vocabulary/valueset/cocaine-urine-drug-screening-tests.json	14371	2	0	0	0	0	0	0	0	5	0	0	0	0	0	0	0	0	0	0	27	34	0	0	0	2	0	0
input/vocabulary/valueset/conditions-documenting-sleep-disordered-breathing.json	17253	1	0	0	0	0	0	0	1	7	0	0	0	0	0	0	0	0	0	0	38	36	0	0	0	1	0	0
input/vocabulary/valueset/conditions-documenting-substance-misuse.json	195745	15	0	0	1	0	0	0	13	74	0	0	0	0	0	0	0	4	0	0	457	298	0	2	0	18	0	1
input/vocabulary/valueset/conditions-likely-terminal-for-opioid-prescribing.json	198728	16	0	0	0	0	0	0	11	78	0	0	0	0	0	0	0	4	0	0	504	318	0	1	0	21	0	1
input/vocabulary/valueset/extended-release-opioid-with-ambulatory-misuse-potential.json	40604	3	0	0	0	0	0	0	1	14	0	0	0	0	0	0	0	1	0	0	91	59	0	1	0	4	0	1
input/vocabulary/valueset/fentanyl-type-medications.json	20362	2	0	0	0	0	0	0	1	7	0	0	0	0	0	0	0	0	0	0	44	40	0	0	0	1	0	0
input/vocabulary/valueset/fentanyl-type-urine-drug-screening-tests.json	23788	2	0	0	0	0	0	0	2	6	0	0	0	0	0	0	0	1	0	0	35	54	0	0	0	2	0	0
input/vocabulary/valueset/general-opiate-urine-drug-screening-tests.json	9795	1	0	0	0	0	0	0	0	3	0	0	0	0	0	0	0	0	0	0	17	26	0	0	0	1	0	0
input/vocabulary/valueset/heroin-urine-drug-screening-tests.json	12562	1	0	0	0	0	0	0	0	3	0	0	0	0	0	0	0	0	0	0	19	26	0	0	0	0	0	0
input/vocabulary/valueset/hospice-finding.json	5798	1	0	0	0	0	0	0	1	3	0	0	0	0	0	0	0	0	0	0	10	24	0	0	0	1	0	0
input/vocabulary/valueset/hospice-procedure.json	5949	1	0	0	0	0	0	0	0	2	0	0	0	0	0	0	0	0	0	0	10	22	0	0	0	0	0	0
input/vocabulary/valueset/limited-life-expectancy-conditions.json	5791	1	0	0	0	0	0	0	0	2	0	0	0	0	0	0	0	1	0	0	10	22	0	0	0	1	0	0
input/vocabulary/valueset/methadone-medications.json	6542	1	0	0	0	0	0	0	1	3	0	0	0	0	0	0	0	0	0	0	13	22	0	0	0	0	0	0
input/vocabulary/valueset/methadone-urine-drug-screening-tests.json	9442	1	0	0	0	0	0	0	0	4	0	0	0	0	0	0	0	0	0	0	18	25	0	0	0	1	0	0
input/vocabulary/valueset/naloxone-medications.json	13424	1	0	0	0	0	0	0	1	4	0	0	0	0	0	0	0	0	0	0	27	28	0	0	0	1	0	0
input/vocabulary/valueset/non-opioid-urine-drug-screening.json	246154	18	0	0	0	0	0	0	12	79	0	0	0	0	0	0	0	5	0	0	535	378	0	3	0	21	0	2
input/vocabulary/valueset/non-synthetic-opioid-medications.json	57165	5	0	0	0	0	0	0	2	18	0	0	0	0	0	0	0	1	0	0	125	80	0	0	0	6	0	0
input/vocabulary/valueset/oncology-specialty-designations.json	6077	1	0	0	1	0	0	0	1	4	0	0	0	0	0	0	0	0	0	0	12	39	0	0	0	0	0	1
input/vocabulary/valueset/opiate-specific-urine-drug-screening-tests.json	12420	1	0	0	0	0	0	0	0	4	0	0	0	0	0	0	0	0	0	0	23	29	0	0	0	1	0	0
input/vocabulary/valueset/opioid-analgesics-with-ambulatory-misuse-potential.json	110070	8	0	0	0	0	0	0	5	30	0	0	0	0	0	0	0	2	0	0	249	139	0	1	0	11	0	0
input/vocabulary/valueset/opioid-counseling-procedure.json	3746	0	0	0	0	0	0	0	0	3	0	0	0	0	0	0	0	0	0	0	7	18	0	0	0	0	0	0
input/vocabulary/valueset/opioid-misuse-assessment-procedure.json	3804	1	0	0	0	0	0	0	0	1	0	0	0	0	0	0	0	0	0	0	7	15	0	0	0	0	0	0
input/vocabulary/valueset/opioid-misuse-disorders.json	36430	4	0	0	0	0	0	0	2	14	0	0	0	0	0	0	0	1	0	0	88	70	0	1	0	4	0	0
input/vocabulary/valueset/opioid-treatment-assessment-procedure.json	5698	1	0	0	0	0	0	0	0	2	0	0	0	0	0	0	0	0	0	0	10	22	0	0	0	1	0	1
input/vocabulary/valueset/opioid-urine-drug-screening.json	92637	7	0	0	0	0	0	0	4	25	0	0	0	0	0	0	0	2	0	0	186	137	0	1	0	7	0	0
input/vocabulary/valueset/oxycodone-medications.json	23788	2	0	0	0	0	0	0	1	7	0	0	0	0	0	0	0	0	0	0	48	38	0	0	0	2	0	0
input/vocabulary/valueset/oxycodone-urine-drug-screening-tests.json	10343	1	0	0	0	0	0	0	1	4	0	0	0	0	0	0	0	1	0	0	19	25	0	0	0	1	0	0
input/vocabulary/valueset/pain-management-procedure.json	3740	1	0	0	0	0	0	0	0	1	0	0	0	0	0	0	0	0	0	0	7	15	0	0	0	0	0	0
input/vocabulary/valueset/pain-treatment-plan.json	3313	0	0	0	0	0	0	0	0	2	0	0	0	0	0	0	0	0	0	0	6	14	0	0	0	0	0	0
input/vocabulary/valueset/pdmp-data-reviewed-finding.json	3850	1	0	0	0	0	0	0	0	2	0	0	0	0	0	0	0	0	0	0	7	15	0	0	0	1	0	0
input/vocabulary/valueset/pdmp-review-procedure.json	3778	1	0	0	0	0	0	0	0	2	0	0	0	0	0	0	0	0	0	0	7	15	0	0	0	0	0	0
input/vocabulary/valueset/phencyclidine-urine-drug-screening-tests.json	6745	1	0	0	0	0	0	0	1	2	0	0	0	0	0	0	0	0	0	0	14	18	0	0	0	1	0	0
input/vocabulary/valueset/sickle-cell-diseases.json	19036	2	0	0	0	0	0	0	0	7	0	0	0	0	0	0	0	0	0	0	40	37	0	0	0	1	0	1
input/vocabulary/valueset/substance-misuse-behavioral-counseling.json	6271	1	0	0	1	0	0	0	1	2	0	0	0	0	0	0	0	0	0	0	11	19	0	0	0	1	0	0
input/vocabulary/valueset/synthetic-opioid-medications.json	80924	6	0	0	0	0	0	0	3	26	0	0	0	0	0	0	0	2	0	0	187	114	0	2	0	8	0	0
input/vocabulary/valueset/synthetic-opioid-urine-drug-screening-tests.json	12636	1	0	0	0	0	0	0	0	5	0	0	0	0	0	0	0	0	0	0	25	29	0	0	0	1	0	0
input/vocabulary/valueset/therapies-indicating-end-of-life-care.json	6691	1	0	0	0	0	0	0	1	3	0	0	0	0	0	0	0	0	0	0	11	19	0	0	0	1	0	0
input/vocabulary/valueset/valueset-condition-clinical-status-active.json	2420	1	0	0	0	0	0	0	0	3	0	0	0	0	0	0	0	0	0	0	6	13	0	0	0	0	0	0
input/vocabulary/valueset/valueset-condition-encounter-diagnosis-category.json	2355	0	0	0	0	0	0	0	0	2	0	0	0	0	0	0	0	0	0	0	6	13	0	0	0	0	0	0
input/vocabulary/valueset/valueset-condition-problem-list-category.json	2316	1	0	0	0	0	0	0	0	2	0	0	0	0	0	0	0	0	0	0	6	14	0	0	0	0	0	0
input/vocabulary/valueset/valueset-condition-us-core-health-concern-category.json	2649	0	0	0	0	0	0	0	0	3	0	0	0	0	0	0	0	0	0	0	6	19	0	0	0	1	0	0
input/vocabulary/valueset/valueset-hospice-disposition.json	2707	1	0	0	0	0	0	0	0	2	0	0	0	0	0	0	0	0	0	0	7	14	0	0	0	0	0	0
input/vocabulary/valueset/valueset-medicationrequest-category-community.json	2489	1	0	0	0	0	0	0	0	2	0	0	0	0	0	0	0	0	0	0	6	17	0	0	0	0	0	0
input/vocabulary/valueset/valueset-medicationrequest-status-active.json	2681	1	0	0	0	0	0	0	0	2	0	0	0	0	0	0	0	1	0	0	7	16	0	0	0	1	0	0
input/vocabulary/valueset/valueset-observation-category-laboratory.json	2307	0	0	0	0	0	0	0	1	3	0	0	0	0	0	0	0	0	0	0	7	14	0	0	0	0	0	0
input/vocabulary/valueset/valueset-observation-category-procedure.json	2300	1	0	0	1	0	0	0	0	2	0	0	0	0	0	0	0	0	0	0	7	15	0	0	0	0	0	0
input/vocabulary/valueset/valueset-office-visit.json	6276	1	0	0	0	0	0	0	0	4	0	0	0	0	0	0	0	0	0	0	14	19	0	0	0	1	0	0
input/vocabulary/valueset/xylazine-urine-drug-screening-tests.json	5477	1	0	0	0	0	0	0	0	2	0	0	0	0	0	0	0	0	0	0	9	17	0	0	0	0	0	1
/input/profiles/valueset-profile-spreadsheet.xml	314237	-	0	100	0	0	0	0	0	18	0	0	0	0	0	0	0	2	0	0	135	269	0	0	0	8	0	0
/input/includes/recommendation03-test-data.html	2065	-	-	-	0	0	0	0	0	0	0	0	0	0	0	0	0	0	0	0	0	0	0	0	0	0	0	0
/input/includes/recommendation07-content-table.html	1017	-	-	-	0	0	0	0	0	0	0	0	0	0	0	0	0	0	0	0	0	0	0	0	0	0	0	0
/input/includes/recommendation08-functional-description.html	815	-	-	-	0	0	0	0	0	0	0	0	0	0	0	0	0	0	0	0	0	1	0	0	0	0	0	0
/input/includes/acute-pain-data-elements.html	1224	-	-	-	0	0	0	0	0	0	0	0	0	0	0	0	0	0	0	0	0	0	0	0	0	0	0	0
/input/includes/recommendation07-data-elements.html	781	-	-	-	0	0	0	0	0	0	0	0	0	0	0	0	0	0	0	0	0	0	0	0	0	0	0	0
/input/includes/recommendation12-data-elements.html	3008	-	-	-	0	0	0	0	0	0	0	0	0	0	0	0	0	0	0	0	0	0	0	0	0	0	0	0
/input/includes/for-subacute-and-chronic-pain-definitions.html	297	-	-	-	0	0	0	0	0	0	0	0	0	0	0	0	0	0	0	0	0	0	0	0	0	0	0	0
/input/includes/data-elements-headers.html	157	-	-	-	0	0	0	0	0	0	0	0	0	0	0	0	0	0	0	0	0	0	0	0	0	0	0	0
/input/includes/multiple-variation-note.html	254	-	-	-	0	0	0	0	0	0	0	0	0	0	0	0	0	0	0	0	0	0	0	0	0	0	0	0
/input/includes/recommendation09-data-elements.html	806	-	-	-	0	0	0	0	0	0	0	0	0	0	0	0	0	0	0	0	0	0	0	0	0	0	0	0
/input/includes/recommendation10-order-sign-content-table.html	1065	-	-	-	0	0	0	0	0	0	0	0	0	0	0	0	0	0	0	0	0	0	0	0	0	0	0	0
/input/includes/recommendation11-order-select-functional-description.html	791	-	-	-	0	0	0	0	0	0	0	0	0	0	0	0	0	0	0	0	0	0	0	0	0	0	0	0
/input/includes/recommendation04-05-functional-description.html	921	-	-	-	0	0	0	0	0	0	0	0	0	0	0	0	0	0	0	0	0	0	0	0	0	0	0	0
/input/includes/opioid-related-harms-functional-description.html	278	-	-	-	0	0	0	0	0	0	0	0	0	0	0	0	0	0	0	0	0	0	0	0	0	0	0	0
/input/includes/recommendation10-order-sign-data-elements.html	943	-	-	-	0	0	0	0	0	0	0	0	0	0	0	0	0	0	0	0	0	1	0	0	0	0	0	0
/input/includes/opioid-related-harms-data-elements.html	2579	-	-	-	0	0	0	0	0	0	0	0	0	0	0	0	0	0	0	0	0	0	0	0	0	0	0	0
/input/includes/urine-toxicology-past-year-definitions.html	182	-	-	-	0	0	0	0	0	0	0	0	0	0	0	0	0	0	0	0	0	0	0	0	0	0	0	0
/input/includes/recommendation02-functional-description.html	1144	-	-	-	0	0	0	0	0	0	0	0	0	0	0	0	0	0	0	0	0	0	0	0	0	0	0	0
/input/includes/opioid-naive-definitions.html	203	-	-	-	0	0	0	0	0	0	0	0	0	0	0	0	0	0	0	0	0	0	0	0	0	0	0	0
/input/includes/data-elements-subacute-or-chronic-pain.html	231	-	-	-	0	0	0	0	0	0	0	0	0	0	0	0	0	0	0	0	0	0	0	0	0	0	0	0
/input/includes/recommendation11-patient-view-functional-description.html	723	-	-	-	0	0	0	0	0	0	0	0	0	0	0	0	0	0	0	0	0	0	0	0	0	0	0	0
/input/includes/recommendation08-test-data.html	3684	-	-	-	0	0	0	0	0	0	0	0	0	0	0	0	0	0	0	0	0	0	0	0	0	0	0	0
/input/includes/data-elements-opioid-analgesic-benzodiazepine-cns-order.html	354	-	-	-	0	0	0	0	0	0	0	0	0	0	0	0	0	0	0	0	0	0	0	0	0	0	0	0
/input/includes/recommendation04-05-data-elements.html	1591	-	-	-	0	0	0	0	0	0	0	0	0	0	0	0	0	0	0	0	0	0	0	0	0	0	0	0
/input/includes/data-elements-possible-unexpected-results.html	287	-	-	-	0	0	0	0	0	0	0	0	0	0	0	0	0	0	0	0	0	1	0	0	0	0	0	0
/input/includes/active-cancer-treatment-definitions.html	187	-	-	-	0	0	0	0	0	0	0	0	0	0	0	0	0	0	0	0	0	0	0	0	0	0	0	0
/input/includes/data-elements-intro.html	113	-	-	-	0	0	0	0	0	0	0	0	0	0	0	0	0	0	0	0	0	0	0	0	0	0	0	0
/input/includes/possible-unexpected-results-functional-description.html	414	-	-	-	0	0	0	0	0	0	0	0	0	0	0	0	0	0	0	0	0	0	0	0	0	0	0	0
/input/includes/recommendation07-test-data.html	4802	-	-	-	0	0	0	0	0	0	0	0	0	0	0	0	0	0	0	0	0	0	0	0	0	0	0	0
/input/includes/recommendation07-functional-description.html	798	-	-	-	0	0	0	0	0	0	0	0	0	0	0	0	0	0	0	0	0	0	0	0	0	0	0	0
/input/includes/pdmp-review-past-90-days-functional-description.html	144	-	-	-	0	0	0	0	0	0	0	0	0	0	0	0	0	0	0	0	0	0	0	0	0	0	0	0
/input/includes/opioid-naive-data-elements.html	2880	-	-	-	0	0	0	0	0	0	0	0	0	0	0	0	0	0	0	0	0	0	0	0	0	0	0	0
/input/includes/opioid-analgesic-benzodiazepine-cns-order-definitions.html	199	-	-	-	0	0	0	0	0	0	0	0	0	0	0	0	0	0	0	0	0	0	0	0	0	0	0	0
/input/includes/active-cancer-treatment-data-elements.html	1678	-	-	-	0	0	0	0	0	0	0	0	0	0	0	0	0	0	0	0	0	0	0	0	0	0	0	0
/input/includes/img.html	255	-	-	-	0	0	0	0	0	0	0	0	0	0	0	0	0	0	0	0	0	1	0	0	0	0	0	0
/input/includes/pdmp-review-past-90-days-data-elements.html	1264	-	-	-	0	0	0	0	0	0	0	0	0	0	0	0	0	0	0	0	0	0	0	0	0	0	0	0
/input/includes/recommendation03-functional-description.html	778	-	-	-	0	0	0	0	0	0	0	0	0	0	0	0	0	0	0	0	0	0	0	0	0	0	0	0
/input/includes/recommendation08-content-table.html	995	-	-	-	0	0	0	0	0	0	0	0	0	0	0	0	0	0	0	0	0	0	0	0	0	0	0	0
/input/includes/recommendation10-patient-view-data-elements.html	990	-	-	-	0	0	0	0	0	0	0	0	0	0	0	0	0	0	0	0	0	0	0	0	0	0	0	0
/input/includes/subacute-and-chronic-pain-data-elements.html	2784	-	-	-	0	0	0	0	0	0	0	0	0	0	0	0	0	0	0	0	0	0	0	0	0	0	0	0
/input/includes/recommendation10-patient-view-functional-description.html	2026	-	-	-	0	0	0	0	0	0	0	0	0	0	0	0	0	0	0	0	0	0	0	0	0	0	0	0
/input/includes/data-elements-opioid-naive.html	172	-	-	-	0	0	0	0	0	0	0	0	0	0	0	0	0	0	0	0	0	0	0	0	0	0	0	0
/input/includes/recommendation08-data-elements.html	790	-	-	-	0	0	0	0	0	0	0	0	0	0	0	0	0	0	0	0	0	0	0	0	0	0	0	0
/input/includes/acute-pain-functional-description.html	182	-	-	-	0	0	0	0	0	0	0	0	0	0	0	0	0	0	0	0	0	0	0	0	0	0	0	0
/input/includes/recommendation11-patient-view-content-table.html	1115	-	-	-	0	0	0	0	0	0	0	0	0	0	0	0	0	0	0	0	0	1	0	0	0	0	0	0
/input/includes/recommendation12-functional-description.html	906	-	-	-	0	0	0	0	0	0	0	0	0	0	0	0	0	0	0	0	0	0	0	0	0	0	0	0
/input/includes/recommendation09-functional-description.html	782	-	-	-	0	0	0	0	0	0	0	0	0	0	0	0	0	0	0	0	0	0	0	0	0	0	0	0
/input/includes/general-inclusion-criteria-definitions.html	190	-	-	-	0	0	0	0	0	0	0	0	0	0	0	0	0	0	0	0	0	0	0	0	0	0	0	0
/input/includes/opioid-analgesic-benzodiazepine-cns-order-de.html	1817	-	-	-	0	0	0	0	0	0	0	0	0	0	0	0	0	0	0	0	0	0	0	0	0	0	0	0
/input/includes/recommendation11-order-select-data-elements.html	1147	-	-	-	0	0	0	0	0	0	0	0	0	0	0	0	0	0	0	0	0	0	0	0	0	0	0	0
/input/includes/subacute-and-chronic-pain-functional-description.html	345	-	-	-	0	0	0	0	0	0	0	0	0	0	0	0	0	0	0	0	0	0	0	0	0	0	0	0
/input/includes/opioid-naive-functional-description.html	182	-	-	-	0	0	0	0	0	0	0	0	0	0	0	0	0	0	0	0	0	0	0	0	0	0	0	0
/input/includes/data-elements-acute-pain.html	189	-	-	-	0	0	0	0	0	0	0	0	0	0	0	0	0	0	0	0	0	0	0	0	0	0	0	0
/input/includes/recommendation03-content-table.html	1017	-	-	-	0	0	0	0	0	0	0	0	0	0	0	0	0	0	0	0	0	0	0	0	0	0	0	0
/input/includes/recommendation01-test-data.html	1594	-	-	-	0	0	0	0	0	0	0	0	0	0	0	0	0	0	0	0	0	0	0	0	0	0	0	0
/input/includes/recommendation12-content-table.html	1045	-	-	-	0	0	0	0	0	0	0	0	0	0	0	0	0	0	0	0	0	0	0	0	0	0	0	0
/input/includes/possible-unexpected-results-data-elements.html	3456	-	-	-	0	0	0	0	0	0	0	0	0	0	0	0	0	0	0	0	0	1	0	0	0	0	0	0
/input/includes/recommendation06-content-table.html	969	-	-	-	0	0	0	0	0	0	0	0	0	0	0	0	0	0	0	0	0	0	0	0	0	0	0	0
/input/includes/recommendation11-order-select-content-table.html	1115	-	-	-	0	0	0	0	0	0	0	0	0	0	0	0	0	0	0	0	0	0	0	0	0	0	0	0
/input/includes/recommendation09-content-table.html	989	-	-	-	0	0	0	0	0	0	0	0	0	0	0	0	0	0	0	0	0	0	0	0	0	0	0	0
/input/includes/recommendation09-test-data.html	1351	-	-	-	0	0	0	0	0	0	0	0	0	0	0	0	0	0	0	0	0	0	0	0	0	0	0	0
/input/includes/data-elements-opioid-related-harms.html	316	-	-	-	0	0	0	0	0	0	0	0	0	0	0	0	0	0	0	0	0	0	0	0	0	0	0	0
/input/includes/recommendation-page-template.html	3463	-	-	-	0	0	0	0	0	0	0	0	0	0	0	0	0	0	0	0	0	0	0	0	0	0	0	0
/input/includes/recommendation01-data-elements.html	380	-	-	-	0	0	0	0	0	0	0	0	0	0	0	0	0	0	0	0	0	0	0	0	0	0	0	0
/input/includes/general-inclusion-criteria-data-elements.html	2425	-	-	-	0	0	0	0	0	0	0	0	0	0	0	0	0	0	0	0	0	0	0	0	0	0	0	0
/input/includes/recommendation01-content-table.html	991	-	-	-	0	0	0	0	0	0	0	0	0	0	0	0	0	0	0	0	0	1	0	0	0	0	0	0
/input/includes/recommendation02-content-table.html	960	-	-	-	0	0	0	0	0	0	0	0	0	0	0	0	0	0	0	0	0	0	0	0	0	0	0	0
/input/includes/possible-unexpected-results-definitions.html	189	-	-	-	0	0	0	0	0	0	0	0	0	0	0	0	0	0	0	0	0	0	0	0	0	0	0	0
/input/includes/urine-toxicology-past-year-data-elements.html	1006	-	-	-	0	0	0	0	0	0	0	0	0	0	0	0	0	0	0	0	0	0	0	0	0	0	0	0
/input/includes/acute-pain-definition.html	82	-	-	-	0	0	0	0	0	0	0	0	0	0	0	0	0	0	0	0	0	0	0	0	0	0	0	0
/input/includes/pdmp-review-past-90-days-definitions.html	189	-	-	-	0	0	0	0	0	0	0	0	0	0	0	0	0	0	0	0	0	0	0	0	0	0	0	0
/input/includes/data-elements-pdmp-review-past-90-days.html	231	-	-	-	0	0	0	0	0	0	0	0	0	0	0	0	0	0	0	0	0	0	0	0	0	0	0	0
/input/includes/recommendation11-patient-view-data-elements.html	1665	-	-	-	0	0	0	0	0	0	0	0	0	0	0	0	0	0	0	0	0	0	0	0	0	0	0	0
/input/includes/recommendation04-05-content-table.html	985	-	-	-	0	0	0	0	0	0	0	0	0	0	0	0	0	0	0	0	0	0	0	0	0	0	0	0
/input/includes/recommendation06-test-data.html	1400	-	-	-	0	0	0	0	0	0	0	0	0	0	0	0	0	0	0	0	0	0	0	0	0	0	0	0
/input/includes/data-elements-opioid-review-useful.html	243	-	-	-	0	0	0	0	0	0	0	0	0	0	0	0	0	0	0	0	0	0	0	0	0	0	0	0
/input/includes/recommendation11-order-select-test-data.html	3280	-	-	-	0	0	0	0	0	0	0	0	0	0	0	0	0	0	0	0	0	1	0	0	0	0	0	0
/input/includes/recommendation11-patient-view-test-data.html	3486	-	-	-	0	0	0	0	0	0	0	0	0	0	0	0	0	0	0	0	0	0	0	0	0	0	0	0
/input/includes/fragment-header.html	782	-	-	-	0	0	0	0	0	0	0	0	0	0	0	0	0	0	0	0	0	0	0	0	0	0	0	0
/input/includes/recommendation04-05-test-data.html	1524	-	-	-	0	0	0	0	0	0	0	0	0	0	0	0	0	0	0	0	0	0	0	0	0	0	0	0
/input/includes/recommendation10-order-sign-functional-description.html	2057	-	-	-	0	0	0	0	0	0	0	0	0	0	0	0	0	0	0	0	0	0	0	0	0	0	0	0
/input/includes/subacute-and-chronic-pain-definition.html	104	-	-	-	0	0	0	0	0	0	0	0	0	0	0	0	0	0	0	0	0	0	0	0	0	0	0	0
/input/includes/recommendation03-data-elements.html	870	-	-	-	0	0	0	0	0	0	0	0	0	0	0	0	0	0	0	0	0	0	0	0	0	0	0	0
/input/includes/urine-toxicology-past-year-functional-description.html	136	-	-	-	0	0	0	0	0	0	0	0	0	0	0	0	0	0	0	0	0	0	0	0	0	0	0	0
/input/includes/recommendation02-data-elements.html	1845	-	-	-	0	0	0	0	0	0	0	0	0	0	0	0	0	0	0	0	0	0	0	0	0	0	0	0
/input/includes/data-elements-urine-toxicology-past-year.html	256	-	-	-	0	0	0	0	0	0	0	0	0	0	0	0	0	0	0	0	0	0	0	0	0	0	0	0
/input/includes/recommendation01-functional-description.html	928	-	-	-	0	0	0	0	0	0	0	0	0	0	0	0	0	0	0	0	0	1	0	0	0	0	0	0
/input/includes/recommendation06-data-elements.html	1435	-	-	-	0	0	0	0	0	0	0	0	0	0	0	0	0	0	0	0	0	0	0	0	0	0	0	0
/input/includes/menu.xml	757	-	-	-	0	0	0	0	0	0	0	0	0	0	0	0	0	0	0	0	0	0	0	0	0	0	0	0
/input/includes/recommendation10-patient-view-test-data.html	1723	-	-	-	0	0	0	0	0	0	0	0	0	0	0	0	0	0	0	0	0	0	0	0	0	0	0	0
/input/includes/active-cancer-treatment-functional-description.html	213	-	-	-	0	0	0	0	0	0	0	0	0	0	0	0	0	0	0	0	0	0	0	0	0	0	0	0
/input/includes/chronic-pain-definition.html	86	-	-	-	0	0	0	0	0	0	0	0	0	0	0	0	0	0	0	0	0	0	0	0	0	0	0	0
/input/includes/recommendation06-functional-description.html	769	-	-	-	0	0	0	0	0	0	0	0	0	0	0	0	0	0	0	0	0	0	0	0	0	0	0	0
/input/includes/recommendation12-test-data.html	1349	-	-	-	0	0	0	0	0	0	0	0	0	0	0	0	0	0	0	0	0	0	0	0	0	0	0	0
/input/includes/recommendation10-order-sign-test-data.html	1675	-	-	-	0	0	0	0	0	0	0	0	0	0	0	0	0	0	0	0	0	0	0	0	0	0	0	0
/input/includes/common-libraries.html	1706	-	-	-	0	0	0	0	0	0	0	0	0	0	0	0	0	0	0	0	0	0	0	0	0	0	0	0
/input/includes/recommendation10-patient-view-content-table.html	1077	-	-	-	0	0	0	0	0	0	0	0	0	0	0	0	0	0	0	0	0	0	0	0	0	0	0	0
/input/includes/opioid-analgesic-benzodiazepine-cns-order-fd.html	264	-	-	-	0	0	0	0	0	0	0	0	0	0	0	0	0	0	0	0	0	1	0	0	0	0	0	0
/input/includes/opioid-related-harms-definitions.html	177	-	-	-	0	0	0	0	0	0	0	0	0	0	0	0	0	0	0	0	0	0	0	0	0	0	0	0
/input/includes/recommendation02-test-data.html	1780	-	-	-	0	0	0	0	0	0	0	0	0	0	0	0	0	0	0	0	0	0	0	0	0	0	0	0
/input/includes/general-inclusion-criteria-functional-description.html	490	-	-	-	0	0	0	0	0	0	0	0	0	0	0	0	0	0	0	0	0	0	0	0	0	0	0	0
/input/includes/for-acute-pain-definitions.html	232	-	-	-	0	0	0	0	0	0	0	0	0	0	0	0	0	0	0	0	0	0	0	0	0	0	0	0
/input/data/features.yml	254	-	-	-	0	0	0	0	0	0	0	0	0	0	0	0	0	0	0	0	0	0	0	0	0	0	0	0
/input/pagecontent/recommendation-01.xml	1172	-	-	-	0	0	0	0	0	0	0	0	0	0	0	0	0	0	0	0	0	26	0	0	0	0	0	0
/input/pagecontent/recommendation-04-05.xml	3080	-	-	-	0	0	0	0	0	0	0	0	0	0	0	0	0	0	0	0	0	19	0	0	0	0	0	0
/input/pagecontent/documentation.md	11071	-	-	-	0	0	0	0	0	0	0	0	0	0	0	0	0	0	0	0	0	1	0	0	0	0	0	0
/input/pagecontent/recommendation-02.xml	1354	-	-	-	0	0	0	0	0	0	0	0	0	0	0	0	0	0	0	0	0	17	0	0	0	0	0	0
/input/pagecontent/recommendation-06.xml	839	-	-	-	0	0	0	0	0	0	0	0	0	0	0	0	0	0	0	0	0	17	0	0	0	0	0	0
/input/pagecontent/changes.md	817	-	-	-	0	0	0	0	0	0	0	0	0	0	0	0	0	0	0	0	0	0	0	0	0	0	0	0
/input/pagecontent/recommendation-10.xml	2337	-	-	-	0	0	0	0	0	0	0	0	0	0	0	0	0	0	0	0	0	18	0	0	0	0	0	0
/input/pagecontent/extensions.xml	367	-	-	-	0	0	0	0	0	0	0	0	0	0	0	0	0	0	0	0	0	17	0	0	0	0	0	0
/input/pagecontent/common.xml	1373	-	-	-	0	0	0	0	0	0	0	0	0	0	0	0	0	0	0	0	0	16	0	0	0	0	0	0
/input/pagecontent/index.md	8837	-	-	-	0	0	0	0	0	0	0	0	0	0	0	0	0	0	0	0	0	0	0	0	0	0	0	0
/input/pagecontent/examples.xml	648	-	-	-	0	0	0	0	0	0	0	0	0	0	0	0	0	0	0	0	0	15	0	0	0	0	0	0
/input/pagecontent/terminology.xml	899	-	-	-	0	0	0	0	0	0	0	0	0	0	0	0	0	0	0	0	0	14	0	0	0	0	0	0
/input/pagecontent/subroutines.md	1066	-	-	-	0	0	0	0	0	0	0	0	0	0	0	0	0	0	0	0	0	0	0	0	0	0	0	0
/input/pagecontent/recommendation-07.xml	954	-	-	-	0	0	0	0	0	0	0	0	0	0	0	0	0	0	0	0	0	14	0	0	0	0	0	0
/input/pagecontent/recommendation-09.xml	1071	-	-	-	0	0	0	0	0	0	0	0	0	0	0	0	0	0	0	0	0	15	0	0	0	0	0	0
/input/pagecontent/license.xml	1358	-	-	-	0	0	0	0	0	0	0	0	0	0	0	0	0	0	0	0	0	12	0	0	0	0	0	0
/input/pagecontent/recommendation-08.xml	977	-	-	-	0	0	0	0	0	0	0	0	0	0	0	0	0	0	0	0	0	12	0	0	0	0	0	0
/input/pagecontent/recommendation-12.xml	989	-	-	-	0	0	0	0	0	0	0	0	0	0	0	0	0	0	0	0	0	12	0	0	0	0	0	0
/input/pagecontent/profiles.xml	387	-	-	-	0	0	0	0	0	0	0	0	0	0	0	0	0	0	0	0	0	12	0	0	0	0	0	0
/input/pagecontent/acute-pain.md	425	-	-	-	0	0	0	0	0	0	0	0	0	0	0	0	0	0	0	0	0	0	0	0	0	0	0	0
/input/pagecontent/recommendation-11.xml	2381	-	-	-	0	0	0	0	0	0	0	0	0	0	0	0	0	0	0	0	0	12	0	0	0	0	0	0
/input/pagecontent/recommendation-03.xml	852	-	-	-	0	0	0	0	0	0	0	0	0	0	0	0	0	0	0	0	0	12	0	0	0	0	0	0
/input/pagecontent/downloads.xml	1458	-	-	-	0	0	0	0	0	0	0	0	0	0	0	0	0	0	0	0	0	16	0	0	0	0	0	0
/input/pagecontent/process-documentation.xml	21458	-	-	-	0	0	0	0	0	0	0	0	0	0	0	0	0	0	0	0	0	15	0	0	0	0	0	0
/input/pagecontent/toc.xml	349	-	-	-	0	0	0	0	0	0	0	0	0	0	0	0	0	0	0	0	0	12	0	0	0	0	0	0
/input/pagecontent/user-interaction-alerts.md	1666	-	-	-	0	0	0	0	0	0	0	0	0	0	0	0	0	0	0	0	0	0	0	0	0	0	0	0
/input/pagecontent/chronic-pain.md	477	-	-	-	0	0	0	0	0	0	0	0	0	0	0	0	0	0	0	0	0	0	0	0	0	0	0	0
/input/pagecontent	0	-	-	-	0	0	0	0	0	0	0	0	0	0	0	0	0	0	0	0	0	0	0	0	0	0	0	0
/input/pagecontent/recommendation-01.xml	1172	-	-	-	0	0	0	0	0	0	0	0	0	0	0	0	0	0	0	0	0	0	0	0	0	0	0	0
/input/pagecontent/recommendation-04-05.xml	3080	-	-	-	0	0	0	0	0	0	0	0	0	0	0	0	0	0	0	0	0	0	0	0	0	0	0	0
/input/pagecontent/documentation.md	11071	-	-	-	0	0	0	0	0	0	0	0	0	0	0	0	0	0	0	0	0	1	0	0	0	0	0	0
/input/pagecontent/recommendation-02.xml	1354	-	-	-	0	0	0	0	0	0	0	0	0	0	0	0	0	0	0	0	0	0	0	0	0	0	0	0
/input/pagecontent/recommendation-06.xml	839	-	-	-	0	0	0	0	0	0	0	0	0	0	0	0	0	0	0	0	0	0	0	0	0	0	0	0
/input/pagecontent/changes.md	817	-	-	-	0	0	0	0	0	0	0	0	0	0	0	0	0	0	0	0	0	0	0	0	0	0	0	0
/input/pagecontent/recommendation-10.xml	2337	-	-	-	0	0	0	0	0	0	0	0	0	0	0	0	0	0	0	0	0	0	0	0	0	0	0	0
/input/pagecontent/extensions.xml	367	-	-	-	0	0	0	0	0	0	0	0	0	0	0	0	0	0	0	0	0	0	0	0	0	0	0	0
/input/pagecontent/common.xml	1373	-	-	-	0	0	0	0	0	0	0	0	0	0	0	0	0	0	0	0	0	0	0	0	0	0	0	0
/input/pagecontent/index.md	8837	-	-	-	0	0	0	0	0	0	0	0	0	0	0	0	0	0	0	0	0	0	0	0	0	0	0	0
/input/pagecontent/examples.xml	648	-	-	-	0	0	0	0	0	0	0	0	0	0	0	0	0	0	0	0	0	0	0	0	0	0	0	0
/input/pagecontent/terminology.xml	899	-	-	-	0	0	0	0	0	0	0	0	0	0	0	0	0	0	0	0	0	0	0	0	0	0	0	0
/input/pagecontent/subroutines.md	1066	-	-	-	0	0	0	0	0	0	0	0	0	0	0	0	0	0	0	0	0	0	0	0	0	0	0	0
/input/pagecontent/recommendation-07.xml	954	-	-	-	0	0	0	0	0	0	0	0	0	0	0	0	0	0	0	0	0	0	0	0	0	0	0	0
/input/pagecontent/recommendation-09.xml	1071	-	-	-	0	0	0	0	0	0	0	0	0	0	0	0	0	0	0	0	0	0	0	0	0	0	0	0
/input/pagecontent/license.xml	1358	-	-	-	0	0	0	0	0	0	0	0	0	0	0	0	0	0	0	0	0	1	0	0	0	0	0	0
/input/pagecontent/recommendation-08.xml	977	-	-	-	0	0	0	0	0	0	0	0	0	0	0	0	0	0	0	0	0	0	0	0	0	0	0	0
/input/pagecontent/recommendation-12.xml	989	-	-	-	0	0	0	0	0	0	0	0	0	0	0	0	0	0	0	0	0	0	0	0	0	0	0	0
/input/pagecontent/profiles.xml	387	-	-	-	0	0	0	0	0	0	0	0	0	0	0	0	0	0	0	0	0	0	0	0	0	0	0	0
/input/pagecontent/acute-pain.md	425	-	-	-	0	0	0	0	0	0	0	0	0	0	0	0	0	0	0	0	0	0	0	0	0	0	0	0
/input/pagecontent/recommendation-11.xml	2381	-	-	-	0	0	0	0	0	0	0	0	0	0	0	0	0	0	0	0	0	0	0	0	0	0	0	0
/input/pagecontent/recommendation-03.xml	852	-	-	-	0	0	0	0	0	0	0	0	0	0	0	0	0	0	0	0	0	0	0	0	0	0	0	0
/input/pagecontent/downloads.xml	1458	-	-	-	0	0	0	0	0	0	0	0	0	0	0	0	0	0	0	0	0	0	0	0	0	0	0	0
/input/pagecontent/process-documentation.xml	21458	-	-	-	0	0	0	0	0	0	0	0	0	0	0	0	0	0	0	0	0	0	0	0	0	0	0	0
/input/pagecontent/toc.xml	349	-	-	-	0	0	0	0	0	0	0	0	0	0	0	0	0	0	0	0	0	0	0	0	0	0	0	0
/input/pagecontent/user-interaction-alerts.md	1666	-	-	-	0	0	0	0	0	0	0	0	0	0	0	0	0	0	0	0	0	0	0	0	0	0	0	0
/input/pagecontent/chronic-pain.md	477	-	-	-	0	0	0	0	0	0	0	0	0	0	0	0	0	0	0	0	0	0	0	0	0	0	0	0
/template/config	0	-	-	-	0	0	0	0	0	0	0	0	0	0	0	0	0	0	0	0	0	0	0	0	0	0	0	0
/template/config/_config.yml	31	-	-	-	0	0	0	0	0	0	0	0	0	0	0	0	0	0	0	0	0	0	0	0	0	0	0	0
/input/images	0	-	-	-	0	0	0	0	0	0	0	0	0	0	0	0	0	0	0	0	0	0	0	0	0	0	0	0
/input/images/Recommendation02-flow.png	85263	-	-	-	0	0	0	0	0	0	0	0	0	0	0	0	0	0	0	0	0	1	0	0	0	0	0	0
/input/images/OpioidGuidanceFlowchart.png	52073	-	-	-	0	0	0	0	0	0	0	0	0	0	0	0	0	0	0	0	0	0	0	0	0	0	0	0
/input/images/CDC_Opioid_Guidelines_$apply_flowchart.png	70232	-	-	-	0	0	0	0	0	0	0	0	0	0	0	0	0	0	0	0	0	0	0	0	0	0	0	0
/input/images/Recommendation12-flow.png	74620	-	-	-	0	0	0	0	0	0	0	0	0	0	0	0	0	0	0	0	0	0	0	0	0	0	0	0
/input/images/omtk-db.png	235897	-	-	-	0	0	0	0	0	0	0	0	0	0	0	0	0	0	0	0	0	0	0	0	0	0	0	0
/input/images/ForAcutePain-subroutine.png	45966	-	-	-	0	0	0	0	0	0	0	0	0	0	0	0	0	0	0	0	0	0	0	0	0	0	0	0
/input/images/ActiveCancerTreatment-subroutine.png	274150	-	-	-	0	0	0	0	0	0	0	0	0	0	0	0	0	0	0	0	0	0	0	0	0	0	0	0
/input/images/Recommendation01-flow.png	77245	-	-	-	0	0	0	0	0	0	0	0	0	0	0	0	0	0	0	0	0	0	0	0	0	0	0	0
/input/images/OpioidReviewUseful-subroutine.png	175506	-	-	-	0	0	0	0	0	0	0	0	0	0	0	0	0	0	0	0	0	0	0	0	0	0	0	0
/input/images/end-output.png	519977	-	-	-	0	0	0	0	0	0	0	0	0	0	0	0	0	0	0	0	0	1	0	0	0	0	0	0
/input/images/requests	0	-	-	-	0	0	0	0	0	0	0	0	0	0	0	0	0	0	0	0	0	0	0	0	0	0	0	0
/input/images/requests/OpioidCDSREC03	0	-	-	-	0	0	0	0	0	0	0	0	0	0	0	0	0	0	0	0	0	0	0	0	0	0	0	0
/input/images/requests/OpioidCDSREC03/request-example-rec-03-not-long-acting-opioid.json	4382	-	-	-	0	0	0	0	0	0	0	0	0	0	0	0	0	0	0	0	0	0	0	0	0	0	0	0
/input/images/requests/OpioidCDSREC03/request-example-rec-03-long-acting-opioid.json	4375	-	-	-	0	0	0	0	0	0	0	0	0	0	0	0	0	0	0	0	0	0	0	0	0	0	0	0
/input/images/requests/OpioidCDSREC03/request-example-rec-03-preexisting-long-acting-opioid.json	6864	-	-	-	0	0	0	0	0	0	0	0	0	0	0	0	0	0	0	0	0	0	0	0	0	0	0	0
/input/images/requests/OpioidCDSREC04_05	0	-	-	-	0	0	0	0	0	0	0	0	0	0	0	0	0	0	0	0	0	0	0	0	0	0	0	0
/input/images/requests/OpioidCDSREC04_05/request-example-rec-04-05-mme-greater-than-fifty.json	4381	-	-	-	0	0	0	0	0	0	0	0	0	0	0	0	0	0	0	0	0	0	0	0	0	0	0	0
/input/images/requests/OpioidCDSREC04_05/request-example-rec-04-05-mme-less-than-fifty.json	4376	-	-	-	0	0	0	0	0	0	0	0	0	0	0	0	0	0	0	0	0	0	0	0	0	0	0	0
/input/images/requests/HelloWorld	0	-	-	-	0	0	0	0	0	0	0	0	0	0	0	0	0	0	0	0	0	0	0	0	0	0	0	0
/input/images/requests/HelloWorld/HelloWorld.json	246	-	-	-	0	0	0	0	0	0	0	0	0	0	0	0	0	0	0	0	0	0	0	0	0	0	0	0
/input/images/requests/OpioidCDSREC12PatientView	0	-	-	-	0	0	0	0	0	0	0	0	0	0	0	0	0	0	0	0	0	0	0	0	0	0	0	0
/input/images/requests/OpioidCDSREC12PatientView/request-example-rec-12-patient-view-in-criteria-met.json	2719	-	-	-	0	0	0	0	0	0	0	0	0	0	0	0	0	0	0	0	0	0	0	0	0	0	0	0
/input/images/requests/OpioidCDSREC12PatientView/request-example-rec-12-patient-view-out-opioid-misuse.json	5188	-	-	-	0	0	0	0	0	0	0	0	0	0	0	0	0	0	0	0	0	0	0	0	0	0	0	0
/input/images/requests/OpioidCDSREC10PatientView	0	-	-	-	0	0	0	0	0	0	0	0	0	0	0	0	0	0	0	0	0	0	0	0	0	0	0	0
/input/images/requests/OpioidCDSREC10PatientView/request-example-rec-10-patient-view-2-illicit-drugs.json	15963	-	-	-	0	0	0	0	0	0	0	0	0	0	0	0	0	0	0	0	0	0	0	0	0	0	0	0
/input/images/requests/OpioidCDSREC10PatientView/request-example-rec-10-patient-view-illicit-drugs.json	8847	-	-	-	0	0	0	0	0	0	0	0	0	0	0	0	0	0	0	0	0	0	0	0	0	0	0	0
/input/images/requests/OpioidCDSREC10PatientView/request-example-rec-10-patient-view-end-of-life-med-exclusion.json	5384	-	-	-	0	0	0	0	0	0	0	0	0	0	0	0	0	0	0	0	0	0	0	0	0	0	0	0
/input/images/requests/OpioidCDSREC10PatientView/request-example-rec-10-patient-view-no-screenings-by-reference.json	7146	-	-	-	0	0	0	0	0	0	0	0	0	0	0	0	0	0	0	0	0	0	0	0	0	0	0	0
/input/images/requests/OpioidCDSREC10PatientView/request-example-rec-10-patient-view-illicit-drugs-POS-Opiate.json	13222	-	-	-	0	0	0	0	0	0	0	0	0	0	0	0	0	0	0	0	0	0	0	0	0	0	0	0
/input/images/requests/OpioidCDSREC10PatientView/request-example-rec-10-patient-view-POS-Cocaine.json	15938	-	-	-	0	0	0	0	0	0	0	0	0	0	0	0	0	0	0	0	0	0	0	0	0	0	0	0
/input/images/requests/OpioidCDSREC10PatientView/request-example-rec-10-patient-view-no-screenings.json	7526	-	-	-	0	0	0	0	0	0	0	0	0	0	0	0	0	0	0	0	0	1	0	0	0	0	0	0
/input/images/requests/OpioidCDSREC10PatientView/request-example-rec-10-patient-view-POS-PCP.json	15846	-	-	-	0	0	0	0	0	0	0	0	0	0	0	0	0	0	0	0	0	0	0	0	0	0	0	0
/input/images/requests/OpioidCDSREC10	0	-	-	-	0	0	0	0	0	0	0	0	0	0	0	0	0	0	0	0	0	0	0	0	0	0	0	0
/input/images/requests/OpioidCDSREC10/request-example-rec-10-illicit-drugs.json	15223	-	-	-	0	0	0	0	0	0	0	0	0	0	0	0	0	0	0	0	0	0	0	0	0	0	0	0
/input/images/requests/OpioidCDSREC10/request-example-rec-10-illicit-drugs-POS-Cocaine.json	16124	-	-	-	0	0	0	0	0	0	0	0	0	0	0	0	0	0	0	0	0	0	0	0	0	0	0	0
/input/images/requests/OpioidCDSREC10/request-example-rec-10-end-of-life-med-exclusion.json	6153	-	-	-	0	0	0	0	0	0	0	0	0	0	0	0	0	0	0	0	0	0	0	0	0	0	0	0
/input/images/requests/OpioidCDSREC10/request-example-rec-10-pos-sickle-cell-exclusion.json	5423	-	-	-	0	0	0	0	0	0	0	0	0	0	0	0	0	0	0	0	0	0	0	0	0	0	0	0
/input/images/requests/OpioidCDSREC10/request-example-rec-10-illicit-drugs-POS-Opiate-non-synthetic.json	15399	-	-	-	0	0	0	0	0	0	0	0	0	0	0	0	0	0	0	0	0	0	0	0	0	0	0	0
/input/images/requests/OpioidCDSREC10/request-example-rec-10-illicit-drugs-POS-Opiate.json	16149	-	-	-	0	0	0	0	0	0	0	0	0	0	0	0	0	0	0	0	0	0	0	0	0	0	0	0
/input/images/requests/OpioidCDSREC10/request-example-rec-10-no-screenings.json	7788	-	-	-	0	0	0	0	0	0	0	0	0	0	0	0	0	0	0	0	0	0	0	0	0	0	0	0
/input/images/requests/OpioidCDSREC10/request-example-rec-10-illicit-drugs-POS-PCP.json	16069	-	-	-	0	0	0	0	0	0	0	0	0	0	0	0	0	0	0	0	0	0	0	0	0	0	0	0
/input/images/requests/OpioidCDSREC02	0	-	-	-	0	0	0	0	0	0	0	0	0	0	0	0	0	0	0	0	0	0	0	0	0	0	0	0
/input/images/requests/OpioidCDSREC02/request-example-rec-02-out-careplan-not-revisited.json	5226	-	-	-	0	0	0	0	0	0	0	0	0	0	0	0	0	0	0	0	0	0	0	0	0	0	0	0
/input/images/requests/OpioidCDSREC02/request-example-rec-02-in-careplan-revisited.json	5269	-	-	-	0	0	0	0	0	0	0	0	0	0	0	0	0	0	0	0	0	0	0	0	0	0	0	0
/input/images/requests/OpioidCDSREC08OrderSign	0	-	-	-	0	0	0	0	0	0	0	0	0	0	0	0	0	0	0	0	0	0	0	0	0	0	0	0
/input/images/requests/OpioidCDSREC08OrderSign/request-example-rec-08-order-sign-on-naloxone.json	6894	-	-	-	0	0	0	0	0	0	0	0	0	0	0	0	0	0	0	0	0	0	0	0	0	0	0	0
/input/images/requests/OpioidCDSREC08OrderSign/request-example-rec-08-order-sign-mme-doseRange.json	7624	-	-	-	0	0	0	0	0	0	0	0	0	0	0	0	0	0	0	0	0	0	0	0	0	0	0	0
/input/images/requests/OpioidCDSREC08OrderSign/request-example-rec-08-order-sign-mme-less-than-fifty.json	4449	-	-	-	0	0	0	0	0	0	0	0	0	0	0	0	0	0	0	0	0	0	0	0	0	0	0	0
/input/images/requests/OpioidCDSREC08OrderSign/request-example-rec-08-order-sign-multiple-doseRate.json	6402	-	-	-	0	0	0	0	0	0	0	0	0	0	0	0	0	0	0	0	0	0	0	0	0	0	0	0
/input/images/requests/OpioidCDSREC08OrderSign/noPrefetch.json	5373	-	-	-	0	0	0	0	0	0	0	0	0	0	0	0	0	0	0	0	0	0	0	0	0	0	0	0
/input/images/requests/OpioidCDSREC08OrderSign/request-example-rec-08-order-sign-mme-greater-than-fifty.json	4693	-	-	-	0	0	0	0	0	0	0	0	0	0	0	0	0	0	0	0	0	0	0	0	0	0	0	0
/input/images/requests/OpioidCDSREC08OrderSign/request-example-rec-08-order-sign-substance-abuse.json	6926	-	-	-	0	0	0	0	0	0	0	0	0	0	0	0	0	0	0	0	0	1	0	0	0	0	0	0
/input/images/requests/OpioidCDSREC08OrderSign/request-example-rec-08-order-sign-on-benzodiazepine.json	6926	-	-	-	0	0	0	0	0	0	0	0	0	0	0	0	0	0	0	0	0	0	0	0	0	0	0	0
/input/images/requests/OpioidCDSREC11	0	-	-	-	0	0	0	0	0	0	0	0	0	0	0	0	0	0	0	0	0	0	0	0	0	0	0	0
/input/images/requests/OpioidCDSREC11/request-example-rec-11-benzo-trigger-without-opioid.json	4449	-	-	-	0	0	0	0	0	0	0	0	0	0	0	0	0	0	0	0	0	0	0	0	0	0	0	0
/input/images/requests/OpioidCDSREC11/request-example-rec-11-benzo-trigger-with-opioid.json	6987	-	-	-	0	0	0	0	0	0	0	0	0	0	0	0	0	0	0	0	0	0	0	0	0	0	0	0
/input/images/requests/OpioidCDSREC11/request-example-rec-11-opioid-trigger-without-benzo.json	4468	-	-	-	0	0	0	0	0	0	0	0	0	0	0	0	0	0	0	0	0	0	0	0	0	0	0	0
/input/images/requests/OpioidCDSREC11/request-example-rec-11-opioid-trigger-with-benzo.json	6983	-	-	-	0	0	0	0	0	0	0	0	0	0	0	0	0	0	0	0	0	0	0	0	0	0	0	0
/input/images/requests/OpioidCDSREC11PatientView	0	-	-	-	0	0	0	0	0	0	0	0	0	0	0	0	0	0	0	0	0	0	0	0	0	0	0	0
/input/images/requests/OpioidCDSREC11PatientView/request-example-rec-11-patient-view-opioid-trigger-with-benzo.json	6258	-	-	-	0	0	0	0	0	0	0	0	0	0	0	0	0	0	0	0	0	0	0	0	1	0	0	0
/input/images/requests/OpioidCDSREC11PatientView/request-example-rec-11-patient-view-opioid-trigger-without-benzo.json	3744	-	-	-	0	0	0	0	0	0	0	0	0	0	0	0	0	0	0	0	0	0	0	0	0	0	0	0
/input/images/requests/OpioidCDSREC11PatientView/request-example-rec-11-patient-view-benzo-trigger-with-opioid.json	6339	-	-	-	0	0	0	0	0	0	0	0	0	0	0	0	0	0	0	0	0	0	0	0	0	0	0	0
/input/images/requests/OpioidCDSREC11PatientView/request-example-rec-11-patient-view-benzo-trigger-without-opioid.json	3725	-	-	-	0	0	0	0	0	0	0	0	0	0	0	0	0	0	0	0	0	0	0	0	0	0	0	0
/input/images/requests/OpioidCDSREC01	0	-	-	-	0	0	0	0	0	0	0	0	0	0	0	0	0	0	0	0	0	0	0	0	0	0	0	0
/input/images/requests/OpioidCDSREC01/request-example-rec-01-in-outpatient-opioid.json	4148	-	-	-	0	0	0	0	0	0	0	0	0	0	0	0	0	0	0	0	0	0	0	0	0	0	0	0
/input/images/requests/OpioidCDSREC01/request-example-rec-01-out-inpatient-opioid.json	3935	-	-	-	0	0	0	0	0	0	0	0	0	0	0	0	0	0	0	0	0	0	0	0	0	0	0	0
/input/images/requests/OpioidCDSREC09	0	-	-	-	0	0	0	0	0	0	0	0	0	0	0	0	0	0	0	0	0	0	0	0	0	0	0	0
/input/images/requests/OpioidCDSREC09/request-example-rec-09-out-PDMP-review-90-days.json	4919	-	-	-	0	0	0	0	0	0	0	0	0	0	0	0	0	0	0	0	0	0	0	0	0	0	0	0
/input/images/requests/OpioidCDSREC09/request-example-rec-09-in-criteria-met.json	4861	-	-	-	0	0	0	0	0	0	0	0	0	0	0	0	0	0	0	0	0	0	0	0	0	0	0	0
/input/images/requests/OpioidCDSREC10OrderSign	0	-	-	-	0	0	0	0	0	0	0	0	0	0	0	0	0	0	0	0	0	0	0	0	0	0	0	0
/input/images/requests/OpioidCDSREC10OrderSign/request-example-rec-10-order-sign-no-screenings.json	7810	-	-	-	0	0	0	0	0	0	0	0	0	0	0	0	0	0	0	0	0	0	0	0	0	0	0	0
/input/images/requests/OpioidCDSREC10OrderSign/request-example-rec-10-order-sign-illicit-drugs-POS-Opiate.json	16251	-	-	-	0	0	0	0	0	0	0	0	0	0	0	0	0	0	0	0	0	0	0	0	0	0	0	0
/input/images/requests/OpioidCDSREC10OrderSign/request-example-rec-10-order-sign-illicit-drugs.json	15808	-	-	-	0	0	0	0	0	0	0	0	0	0	0	0	0	0	0	0	0	0	0	0	0	0	0	0
/input/images/requests/OpioidCDSREC10OrderSign/request-example-rec-10-order-sign-illicit-drugs-POS-Cocaine.json	16031	-	-	-	0	0	0	0	0	0	0	0	0	0	0	0	0	0	0	0	0	0	0	0	0	0	0	0
/input/images/requests/OpioidCDSREC10OrderSign/request-example-rec-10-order-sign-illicit-drugs-POS-PCP.json	16013	-	-	-	0	0	0	0	0	0	0	0	0	0	0	0	0	0	0	0	0	1	0	0	0	0	0	0
/input/images/requests/OpioidCDSREC08	0	-	-	-	0	0	0	0	0	0	0	0	0	0	0	0	0	0	0	0	0	0	0	0	0	0	0	0
/input/images/requests/OpioidCDSREC08/request-example-rec-08-multiple-doseRate.json	6437	-	-	-	0	0	0	0	0	0	0	0	0	0	0	0	0	0	0	0	0	0	0	0	0	0	0	0
/input/images/requests/OpioidCDSREC08/request-example-rec-08-mme-less-than-fifty.json	4382	-	-	-	0	0	0	0	0	0	0	0	0	0	0	0	0	0	0	0	0	0	0	0	0	0	0	0
/input/images/requests/OpioidCDSREC08/request-example-rec-08-mme-greater-than-fifty.json	7283	-	-	-	0	0	0	0	0	0	0	0	0	0	0	0	0	0	0	0	0	0	0	0	0	0	0	0
/input/images/requests/OpioidCDSREC08/request-example-rec-08-on-benzodiazepine.json	6824	-	-	-	0	0	0	0	0	0	0	0	0	0	0	0	0	0	0	0	0	0	0	0	0	0	0	0
/input/images/requests/OpioidCDSREC08/request-example-rec-08-substance-abuse.json	5684	-	-	-	0	0	0	0	0	0	0	0	0	0	0	0	0	0	0	0	0	0	0	0	0	0	0	0
/input/images/requests/OpioidCDSREC08/request-example-rec-08-on-naloxone.json	6796	-	-	-	0	0	0	0	0	0	0	0	0	0	0	0	0	0	0	0	0	0	0	0	0	0	0	0
/input/images/requests/OpioidCDSREC06	0	-	-	-	0	0	0	0	0	0	0	0	0	0	0	0	0	0	0	0	0	0	0	0	0	0	0	0
/input/images/requests/OpioidCDSREC06/request-example-rec-06-out-extended-release-27-days.json	3800	-	-	-	0	0	0	0	0	0	0	0	0	0	0	0	0	0	0	0	0	0	0	0	0	0	0	0
/input/images/requests/OpioidCDSREC06/request-example-rec-06-in-criteria-met.json	3729	-	-	-	0	0	0	0	0	0	0	0	0	0	0	0	0	0	0	0	0	0	0	0	0	0	0	0
/input/images/requests/OpioidCDSREC03PatientView	0	-	-	-	0	0	0	0	0	0	0	0	0	0	0	0	0	0	0	0	0	0	0	0	0	0	0	0
/input/images/requests/OpioidCDSREC03PatientView/request-example-rec-03-patient-view-long-acting-opioid.json	3691	-	-	-	0	0	0	0	0	0	0	0	0	0	0	0	0	0	0	0	0	0	0	0	0	0	0	0
/input/images/requests/OpioidCDSREC03PatientView/request-example-rec-03-patient-view-not-long-acting-opioid.json	3809	-	-	-	0	0	0	0	0	0	0	0	0	0	0	0	0	0	0	0	0	0	0	0	0	0	0	0
/input/images/requests/OpioidCDSREC07	0	-	-	-	0	0	0	0	0	0	0	0	0	0	0	0	0	0	0	0	0	0	0	0	0	0	0	1
/input/images/requests/OpioidCDSREC07/request-example-rec-07-six-of-past-ten-days.json	7404	-	-	-	0	0	0	0	0	0	0	0	0	0	0	0	0	0	0	0	0	0	0	0	0	0	0	0
/input/images/requests/OpioidCDSREC07/request-example-rec-07-risk-assessment.json	5211	-	-	-	0	0	0	0	0	0	0	0	0	0	0	0	0	0	0	0	0	0	0	0	0	0	0	0
/input/images/requests/OpioidCDSREC07/request-example-rec-07-seven-of-past-ten-days.json	7422	-	-	-	0	0	0	0	0	0	0	0	0	0	0	0	0	0	0	0	0	0	0	0	0	0	0	0
/input/images/requests/OpioidCDSREC07/request-example-rec-07-sixtythree-of-past-ninety-days.json	7503	-	-	-	0	0	0	0	0	0	0	0	0	0	0	0	0	0	0	0	0	0	0	0	0	0	0	0
/input/images/requests/OpioidCDSREC07/request-example-rec-07-sixtytwo-of-past-ninety-days.json	7485	-	-	-	0	0	0	0	0	0	0	0	0	0	0	0	0	0	0	0	0	0	0	0	0	0	0	0
/input/images/requests/OpioidCDSREC07/request-example-rec-07-end-of-life-exclusion.json	6275	-	-	-	0	0	0	0	0	0	0	0	0	0	0	0	0	0	0	0	0	0	0	0	0	0	0	0
/input/images/OpioidNaive-subroutine.png	421066	-	-	-	0	0	0	0	0	0	0	0	0	0	0	0	0	0	0	0	0	1	0	0	0	0	0	0
/input/images/Recommendation10-patient-view-flow.png	188413	-	-	-	0	0	0	0	0	0	0	0	0	0	0	0	0	0	0	0	0	0	0	0	0	0	0	0
/input/images/Recommendation08-flow.png	158239	-	-	-	0	0	0	0	0	0	0	0	0	0	0	0	0	0	0	0	0	0	0	0	0	0	0	0
/input/images/ForSubacuteOrChronicPain-subroutine.png	50550	-	-	-	0	0	0	0	0	0	0	0	0	0	0	0	0	0	0	0	0	0	0	0	0	0	0	0
/input/images/trigger-overview.png	70933	-	-	-	0	0	0	0	0	0	0	0	0	0	0	0	0	0	0	0	0	0	0	0	0	0	0	0
/input/images/Recommendation10-order-sign-flow.png	328911	-	-	-	0	0	0	0	0	0	0	0	0	0	0	0	0	0	0	0	0	0	0	0	0	0	0	0
/input/images/Recommendation06-flow.png	50680	-	-	-	0	0	0	0	0	0	0	0	0	0	0	0	0	0	0	0	0	0	0	0	0	0	0	0
/input/images/Recommendation07-flow.png	1711554	-	-	-	0	0	0	0	0	0	0	0	0	0	0	0	0	0	0	0	0	1	0	0	0	0	0	0
/input/images/Recommendation09-flow.png	70394	-	-	-	0	0	0	0	0	0	0	0	0	0	0	0	0	0	0	0	0	0	0	0	0	0	0	0
/input/images/Recommendation04-05-flow.png	112994	-	-	-	0	0	0	0	0	0	0	0	0	0	0	0	0	0	0	0	0	0	0	0	0	0	0	0
/input/images/Recommendation11-patient-view-flow.png	70120	-	-	-	0	0	0	0	0	0	0	0	0	0	0	0	0	0	0	0	0	0	0	0	0	0	0	0
/input/images/ClinicalReasoningApproach.png	86311	-	-	-	0	0	0	0	0	0	0	0	0	0	0	0	0	0	0	0	0	0	0	0	0	0	0	0
/input/images/Recommendation03-flow.png	49133	-	-	-	0	0	0	0	0	0	0	0	0	0	0	0	0	0	0	0	0	0	0	0	0	0	0	0
/input/images/responses	0	-	-	-	0	0	0	0	0	0	0	0	0	0	0	0	0	0	0	0	0	1	0	0	0	0	0	0
/input/images/responses/OpioidCDSREC03	0	-	-	-	0	0	0	0	0	0	0	0	0	0	0	0	0	0	0	0	0	0	0	0	0	0	0	0
/input/images/responses/OpioidCDSREC03/response-example-rec-03-preexisting-long-acting-opioid.json	18	-	-	-	0	0	0	0	0	0	0	0	0	0	0	0	0	0	0	0	0	0	0	0	0	0	0	0
/input/images/responses/OpioidCDSREC03/response-example-rec-03-not-long-acting-opioid.json	18	-	-	-	0	0	0	0	0	0	0	0	0	0	0	0	0	0	0	0	0	0	0	0	0	0	0	0
/input/images/responses/OpioidCDSREC03/response-example-rec-03-long-acting-opioid.json	626	-	-	-	0	0	0	0	0	0	0	0	0	0	0	0	0	0	0	0	0	0	0	0	0	0	0	0
/input/images/responses/OpioidCDSREC04_05	0	-	-	-	0	0	0	0	0	0	0	0	0	0	0	0	0	0	0	0	0	0	0	0	0	0	0	0
/input/images/responses/OpioidCDSREC04_05/response-example-rec-04-05-mme-greater-than-fifty.json	493	-	-	-	0	0	0	0	0	0	0	0	0	0	0	0	0	0	0	0	0	0	0	0	0	0	0	0
/input/images/responses/OpioidCDSREC04_05/response-example-rec-04-05-mme-less-than-fifty.json	18	-	-	-	0	0	0	0	0	0	0	0	0	0	0	0	0	0	0	0	0	0	0	0	0	0	0	0
/input/images/responses/OpioidCDSREC12PatientView	0	-	-	-	0	0	0	0	0	0	0	0	0	0	0	0	0	0	0	0	0	0	0	0	0	0	0	0
/input/images/responses/OpioidCDSREC12PatientView/response-example-rec-12-patient-view-in-criteria-met.json	443	-	-	-	0	0	0	0	0	0	0	0	0	0	0	0	0	0	0	0	0	0	0	0	0	0	0	0
/input/images/responses/OpioidCDSREC12PatientView/response-example-rec-12-patient-view-out-opioid-misuse.json	18	-	-	-	0	0	0	0	0	0	0	0	0	0	0	0	0	0	0	0	0	0	0	0	0	0	0	0
/input/images/responses/OpioidCDSREC10PatientView	0	-	-	-	0	0	0	0	0	0	0	0	0	0	0	0	0	0	0	0	0	0	0	0	0	0	0	0
/input/images/responses/OpioidCDSREC10PatientView/response-example-rec-10-patient-view-no-screenings.json	451	-	-	-	0	0	0	0	0	0	0	0	0	0	0	0	0	0	0	0	0	0	0	0	0	0	0	0
/input/images/responses/OpioidCDSREC10PatientView/response-example-rec-10-patient-view-illicit-drugs.json	480	-	-	-	0	0	0	0	0	0	0	0	0	0	0	0	0	0	0	0	0	0	0	0	0	0	0	0
/input/images/responses/OpioidCDSREC10PatientView/response-example-rec-10-patient-view-unprescribed-opioids.json	914	-	-	-	0	0	0	0	0	0	0	0	0	0	0	0	0	0	0	0	0	0	0	0	0	0	0	0
/input/images/responses/OpioidCDSREC10PatientView/response-example-rec-10-patient-view-2-illicit-drugs.json	1659	-	-	-	0	0	0	0	0	0	0	0	0	0	0	0	0	0	0	0	0	0	0	0	0	0	0	0
/input/images/responses/OpioidCDSREC10PatientView/response-example-rec-10-patient-view-end-of-life-med-exclusion.json	18	-	-	-	0	0	0	0	0	0	0	0	0	0	0	0	0	0	0	0	0	0	0	0	0	0	0	0
/input/images/responses/OpioidCDSREC10PatientView/response-example-rec-10-patient-view-POS-PCP.json	1385	-	-	-	0	0	0	0	0	0	0	0	0	0	0	0	0	0	0	0	0	0	0	0	0	0	0	0
/input/images/responses/OpioidCDSREC10PatientView/response-example-rec-10-patient-view-not-missing-prescribed-opioids.json	18	-	-	-	0	0	0	0	0	0	0	0	0	0	0	0	0	0	0	0	0	0	0	0	0	0	0	0
/input/images/responses/OpioidCDSREC10PatientView/response-example-rec-10-patient-view-POS-Cocaine.json	1393	-	-	-	0	0	0	0	0	0	0	0	0	0	0	0	0	0	0	0	0	0	0	0	0	0	0	0
/input/images/responses/OpioidCDSREC10PatientView/response-example-rec-10-patient-view-missing-prescribed-opioids.json	473	-	-	-	0	0	0	0	0	0	0	0	0	0	0	0	0	0	0	0	0	0	0	0	0	0	0	0
/input/images/responses/OpioidCDSREC10	0	-	-	-	0	0	0	0	0	0	0	0	0	0	0	0	0	0	0	0	0	0	0	0	0	0	0	0
/input/images/responses/OpioidCDSREC10/response-example-rec-10-no-screenings.json	451	-	-	-	0	0	0	0	0	0	0	0	0	0	0	0	0	0	0	0	0	0	0	0	0	0	0	0
/input/images/responses/OpioidCDSREC10/response-example-rec-10-illicit-drugs.json	480	-	-	-	0	0	0	0	0	0	0	0	0	0	0	0	0	0	0	0	0	0	0	0	0	0	0	0
/input/images/responses/OpioidCDSREC10/response-example-rec-10-missing-prescribed-opioids.json	473	-	-	-	0	0	0	0	0	0	0	0	0	0	0	0	0	0	0	0	0	0	0	0	0	0	0	0
/input/images/responses/OpioidCDSREC10/response-example-rec-10-end-of-life-med-exclusion.json	18	-	-	-	0	0	0	0	0	0	0	0	0	0	0	0	0	0	0	0	0	0	0	0	0	0	0	0
/input/images/responses/OpioidCDSREC10/response-example-rec-10-not-missing-prescribed-opioids.json	18	-	-	-	0	0	0	1	0	0	0	0	0	0	0	0	0	0	0	0	0	0	0	0	0	0	0	0
/input/images/responses/OpioidCDSREC10/response-example-rec-10-unprescribed-opioids.json	914	-	-	-	0	0	0	0	0	0	0	0	0	0	0	0	0	0	0	0	0	1	0	0	0	0	0	0
/input/images/responses/OpioidCDSREC02	0	-	-	-	0	0	0	0	0	0	0	0	0	0	0	0	0	0	0	0	0	0	0	0	0	0	0	0
/input/images/responses/OpioidCDSREC02/response-example-rec-02-out-careplan-not-revisited.json	488	-	-	-	0	0	0	0	0	0	0	0	0	0	0	0	0	0	0	0	0	0	0	0	0	0	0	0
/input/images/responses/OpioidCDSREC02/response-example-rec-02-in-careplan-revisited.json	17	-	-	-	0	0	0	0	0	0	0	0	0	0	0	0	0	0	0	0	0	0	0	0	0	0	0	0
/input/images/responses/OpioidCDSREC11	0	-	-	-	0	0	0	0	0	0	0	0	0	0	0	0	0	0	0	0	0	0	0	0	0	0	0	0
/input/images/responses/OpioidCDSREC11/response-example-rec-11-opioid-trigger-without-benzo.json	18	-	-	-	0	0	0	0	0	0	0	0	0	0	0	0	0	0	0	0	0	0	0	0	0	0	0	0
/input/images/responses/OpioidCDSREC11/response-example-rec-11-opioid-trigger-with-benzo.json	543	-	-	-	0	0	0	0	0	0	0	0	0	0	0	0	0	0	0	0	0	0	0	0	0	0	0	0
/input/images/responses/OpioidCDSREC11/response-example-rec-11-benzo-trigger-without-opioid.json	18	-	-	-	0	0	0	0	0	0	0	0	0	0	0	0	0	0	0	0	0	0	0	0	0	0	0	0
/input/images/responses/OpioidCDSREC11/response-example-rec-11-benzo-trigger-with-opioid.json	543	-	-	-	0	0	0	0	0	0	0	0	0	0	0	0	0	0	0	0	0	0	0	0	0	0	0	0
/input/images/responses/OpioidCDSREC11PatientView	0	-	-	-	0	0	0	0	0	0	0	0	0	0	0	0	0	0	0	0	0	0	0	0	0	0	0	0
/input/images/responses/OpioidCDSREC11PatientView/response-example-rec-11-patient-view-opioid-trigger-without-benzo.json	18	-	-	-	0	0	0	0	0	0	0	0	0	0	0	0	0	0	0	0	0	0	0	0	0	0	0	0
/input/images/responses/OpioidCDSREC11PatientView/response-example-rec-11-patient-view-benzo-trigger-with-opioid.json	543	-	-	-	0	0	0	0	0	0	0	0	0	0	0	0	0	0	0	0	0	0	0	0	0	0	0	0
/input/images/responses/OpioidCDSREC11PatientView/response-example-rec-11-patient-view-opioid-trigger-with-benzo.json	543	-	-	-	0	0	0	0	0	0	0	0	0	0	0	0	0	0	0	0	0	0	0	0	0	0	0	0
/input/images/responses/OpioidCDSREC11PatientView/response-example-rec-11-patient-view-benzo-trigger-without-opioid.json	18	-	-	-	0	0	0	0	0	0	0	0	0	0	0	0	0	0	0	0	0	0	0	0	0	0	0	0
/input/images/responses/OpioidCDSREC01	0	-	-	-	0	0	0	0	0	0	0	0	0	0	0	0	0	0	0	0	0	0	0	0	0	0	0	0
/input/images/responses/OpioidCDSREC01/response-example-rec-01-in-outpatient-opioid.json	551	-	-	-	0	0	0	0	0	0	0	0	0	0	0	0	0	0	0	0	0	0	0	0	0	0	0	0
/input/images/responses/OpioidCDSREC01/response-example-rec-01-out-inpatient-opioid.json	18	-	-	-	0	0	0	0	0	0	0	0	0	0	0	0	0	0	0	0	0	0	0	0	0	0	0	0
/input/images/responses/OpioidCDSREC09	0	-	-	-	0	0	0	0	0	0	0	0	0	0	0	0	0	0	0	0	0	0	0	0	0	0	0	0
/input/images/responses/OpioidCDSREC09/response-example-rec-09-in-criteria-met.json	0	-	-	-	0	0	0	0	0	0	0	0	0	0	0	0	0	0	0	0	0	0	0	0	0	0	0	0
/input/images/responses/OpioidCDSREC09/response-example-rec-09-out-PDMP-review-90-days.json	18	-	-	-	0	0	0	0	0	0	0	0	0	0	0	0	0	0	0	0	0	0	0	0	0	0	0	0
/input/images/responses/OpioidCDSREC10OrderSign	0	-	-	-	0	0	0	0	0	0	0	0	0	0	0	0	0	0	0	0	0	0	0	0	0	0	0	0
/input/images/responses/OpioidCDSREC10OrderSign/response-example-rec-10-order-sign-no-screenings.json	1316	-	-	-	0	0	0	0	0	0	0	0	0	0	0	0	0	0	0	0	0	0	0	0	0	0	0	0
/input/images/responses/OpioidCDSREC10OrderSign/response-example-rec-10-order-sign-illicit-drugs.json	1646	-	-	-	0	0	0	0	0	0	0	0	0	0	0	0	0	0	0	0	0	0	0	0	0	0	0	0
/input/images/responses/OpioidCDSREC10OrderSign/response-example-rec-10-order-sign-POS-PCP.json	1385	-	-	-	0	0	0	0	0	0	0	0	0	0	0	0	0	0	0	0	0	0	0	0	0	0	0	0
/input/images/responses/OpioidCDSREC10OrderSign/response-example-rec-10-order-sign-POS-Cocaine.json	1393	-	-	-	0	0	0	0	0	0	0	0	0	0	0	0	0	0	0	0	0	0	0	0	0	0	0	0
/input/images/responses/OpioidCDSREC08	0	-	-	-	0	0	0	0	0	0	0	0	0	0	0	0	0	0	0	0	0	0	0	0	0	0	0	0
/input/images/responses/OpioidCDSREC08/response-example-rec-08-mme-greater-than-fifty.json	657	-	-	-	0	0	0	0	0	0	0	0	0	0	0	0	0	0	0	0	0	0	0	0	0	0	0	0
/input/images/responses/OpioidCDSREC08/response-example-rec-08-substance-abuse.json	645	-	-	-	0	0	0	0	0	0	0	0	0	0	0	0	0	0	0	0	0	1	0	0	0	0	0	0
/input/images/responses/OpioidCDSREC08/response-example-rec-08-on-benzodiazepine.json	646	-	-	-	0	0	0	0	0	0	0	0	0	0	0	0	0	0	0	0	0	0	0	0	0	0	0	0
/input/images/responses/OpioidCDSREC08/response-example-rec-08-mme-less-than-fifty.json	18	-	-	-	0	0	0	0	0	0	0	0	0	0	0	0	0	0	0	0	0	0	0	0	0	0	0	0
/input/images/responses/OpioidCDSREC08/response-example-rec-08-on-naloxone.json	18	-	-	-	0	0	0	0	0	0	0	0	0	0	0	0	0	0	0	0	0	0	0	0	0	0	0	0
/input/images/responses/OpioidCDSREC06	0	-	-	-	0	0	0	0	0	0	0	0	0	0	0	0	0	0	0	0	0	0	0	0	0	0	0	0
/input/images/responses/OpioidCDSREC06/response-example-rec-06-out-extended-release-27-days.json	18	-	-	-	0	0	0	0	0	0	0	0	0	0	0	0	0	0	0	0	0	0	0	0	0	0	0	0
/input/images/responses/OpioidCDSREC06/response-example-rec-06-in-criteria-met.json	0	-	-	-	0	0	0	0	0	0	0	0	0	0	0	0	0	0	0	0	0	0	0	0	0	0	0	0
/input/images/responses/OpioidCDSREC03PatientView	0	-	-	-	0	0	0	0	0	0	0	0	0	0	0	0	0	0	0	0	0	0	0	0	0	0	0	0
/input/images/responses/OpioidCDSREC03PatientView/response-example-rec-03-patient-view-long-acting-opioid.json	626	-	-	-	0	0	0	0	0	0	0	0	0	0	0	0	0	0	0	0	0	0	0	0	0	0	0	0
/input/images/responses/OpioidCDSREC03PatientView/response-example-rec-03-patient-view-not-long-acting-opioid.json	18	-	-	-	0	0	0	0	0	0	0	0	0	0	0	0	0	0	0	0	0	0	0	0	0	0	0	0
/input/images/responses/OpioidCDSREC07	0	-	-	-	0	0	0	0	0	0	0	0	0	0	0	0	0	0	0	0	0	0	0	0	0	0	0	0
/input/images/responses/OpioidCDSREC07/response-example-rec-07-seven-of-past-ten-days.json	1578	-	-	-	0	0	0	0	0	0	0	0	0	0	0	0	0	0	0	0	0	0	0	0	0	0	0	0
/input/images/responses/OpioidCDSREC07/response-example-rec-07-sixtythree-of-past-ninety-days.json	1642	-	-	-	0	0	0	0	0	0	0	0	0	0	0	0	0	0	0	0	0	0	0	0	0	0	0	0
/input/images/responses/OpioidCDSREC07/response-example-rec-07-six-of-past-ten-days.json	18	-	-	-	0	0	0	0	0	0	0	0	0	0	0	0	0	0	0	0	0	0	0	0	0	0	0	0
/input/images/responses/OpioidCDSREC07/response-example-rec-07-risk-assessment.json	18	-	-	-	0	0	0	0	0	0	0	0	0	0	0	0	0	0	0	0	0	0	0	0	0	0	0	0
/input/images/responses/OpioidCDSREC07/response-example-rec-07-end-of-life-exclusion.json	18	-	-	-	0	0	0	0	0	0	0	0	0	0	0	0	0	0	0	0	0	0	0	0	0	0	0	0
/input/images/responses/OpioidCDSREC07/response-example-rec-07-sixtytwo-of-past-ninety-days.json	18	-	-	-	0	0	0	0	0	0	0	0	0	0	0	0	0	0	0	0	0	0	0	0	0	0	0	0
/input/images/Recommendation11-order-select-flow.png	76155	-	-	-	0	0	0	0	0	0	0	0	0	0	0	0	0	0	0	0	0	0	0	0	0	0	0	0
/input/images/assets	0	-	-	-	0	0	0	0	0	0	0	0	0	0	0	0	0	0	0	0	0	0	0	0	0	0	0	0
/input/images/assets/js	0	-	-	-	0	0	0	0	0	0	0	0	0	0	0	0	0	0	0	0	0	0	0	0	0	0	0	0
/input/images/assets/js/prism.js	19184	-	-	-	0	0	0	0	0	0	0	0	0	0	0	0	0	0	0	0	0	1	0	0	0	0	0	0
/input/images/assets/images	0	-	-	-	0	0	0	0	0	0	0	0	0	0	0	0	0	0	0	0	0	0	0	0	0	0	0	0
/input/images/assets/images/HL7-FHIR-Community-Process-Logo_Specification.png	67245	-	-	-	0	0	0	0	0	0	0	0	0	0	0	0	0	0	0	0	0	0	0	0	0	0	0	0
/input/images/assets/images/cpg-ig-diagram.svg	261564	-	-	-	0	0	0	0	0	0	0	0	0	0	0	0	0	0	0	0	0	0	0	0	0	0	0	0
/input/images/assets/css	0	-	-	-	0	0	0	0	0	0	0	0	0	0	0	0	0	0	0	0	0	0	0	0	0	0	0	0
/input/images/assets/css/opioid.css	4299	-	-	-	0	0	0	0	0	0	0	0	0	0	0	0	0	0	0	0	0	0	0	0	0	0	0	0
/input/images/pilotdeliverables	0	-	-	-	0	0	0	0	0	0	0	0	0	0	0	0	0	0	0	0	0	0	0	0	0	0	0	0
/input/images/pilotdeliverables/_refreshPilot_04_10_11_12_Bundle.sh	1893	-	-	-	0	0	0	0	0	0	0	0	0	0	0	0	0	0	0	0	0	0	0	0	0	0	0	0
/input/images/pilotdeliverables/opioidcds-comprehensive-terminology-bundle.json	1655212	-	-	-	0	0	0	0	0	0	0	0	0	0	0	0	0	0	0	0	0	1	0	0	0	0	0	0
/input/images/pilotdeliverables/recs-04pv-10pv-11pv-12-content-bundle.json	3827278	-	-	-	0	0	0	0	0	0	0	0	0	0	0	0	0	0	0	0	0	2	0	0	0	0	0	0
/temp/pages/_includes/alert_rec01_ordersign.svg	14662	-	-	-	-	-	-	-	-	-	-	-	-	-	-	-	-	-	-	-	-	0	0	0	0	0	0	0
/temp/pages/_includes/alert_rec02_ordersign.svg	14258	-	-	-	-	-	-	-	-	-	-	-	-	-	-	-	-	-	-	-	-	0	0	0	0	0	0	0
/temp/pages/_includes/alert_rec03_ordersign.svg	7023	-	-	-	-	-	-	-	-	-	-	-	-	-	-	-	-	-	-	-	-	0	0	0	0	0	0	0
/temp/pages/_includes/alert_rec04-05_ordersign.svg	14679	-	-	-	-	-	-	-	-	-	-	-	-	-	-	-	-	-	-	-	-	0	0	0	0	0	0	0
/temp/pages/_includes/alert_rec06_ordersign.svg	7086	-	-	-	-	-	-	-	-	-	-	-	-	-	-	-	-	-	-	-	-	0	0	0	0	0	0	0
/temp/pages/_includes/alert_rec07_ordersign.svg	7554	-	-	-	-	-	-	-	-	-	-	-	-	-	-	-	-	-	-	-	-	0	0	0	0	0	0	0
/temp/pages/_includes/alert_rec08_ordersign.svg	9358	-	-	-	-	-	-	-	-	-	-	-	-	-	-	-	-	-	-	-	-	0	0	0	0	0	0	0
/temp/pages/_includes/alert_rec09_ordersign.svg	6670	-	-	-	-	-	-	-	-	-	-	-	-	-	-	-	-	-	-	-	-	0	0	0	0	0	0	0
/temp/pages/_includes/alert_rec10_ordersign_uds.svg	7152	-	-	-	-	-	-	-	-	-	-	-	-	-	-	-	-	-	-	-	-	0	0	0	0	0	0	0
/temp/pages/_includes/alert_rec10_ordersign_unexpected_results.svg	14498	-	-	-	-	-	-	-	-	-	-	-	-	-	-	-	-	-	-	-	-	0	0	0	0	0	0	0
/temp/pages/_includes/alert_rec11_orderselect.svg	13355	-	-	-	-	-	-	-	-	-	-	-	-	-	-	-	-	-	-	-	-	0	0	0	0	0	0	0
/temp/pages/_includes/alert_rec12_patientview.svg	18259	-	-	-	-	-	-	-	-	-	-	-	-	-	-	-	-	-	-	-	-	0	0	0	0	0	0	0
/temp/pages/_includes/artifacts.xml	61832	-	-	-	-	-	-	-	-	-	-	-	-	-	-	-	-	-	-	-	-	1	0	0	0	0	0	0
/temp/pages/_includes/flow_rec01_ordersign.svg	9288	-	-	-	-	-	-	-	-	-	-	-	-	-	-	-	-	-	-	-	-	0	0	0	0	0	0	0
/temp/pages/_includes/flow_rec02_ordersign.svg	12833	-	-	-	-	-	-	-	-	-	-	-	-	-	-	-	-	-	-	-	-	0	0	0	0	0	0	0
/temp/pages/_includes/flow_rec03_ordersign.svg	8825	-	-	-	-	-	-	-	-	-	-	-	-	-	-	-	-	-	-	-	-	0	0	0	0	0	0	0
/temp/pages/_includes/flow_rec04-05_ordersign.svg	8007	-	-	-	-	-	-	-	-	-	-	-	-	-	-	-	-	-	-	-	-	0	0	0	0	0	0	0
/temp/pages/_includes/flow_rec06_ordersign.svg	8363	-	-	-	-	-	-	-	-	-	-	-	-	-	-	-	-	-	-	-	-	0	0	0	0	0	0	0
/temp/pages/_includes/flow_rec07_ordersign.svg	9251	-	-	-	-	-	-	-	-	-	-	-	-	-	-	-	-	-	-	-	-	0	0	0	0	0	0	0
/temp/pages/_includes/flow_rec08_ordersign.svg	6808	-	-	-	-	-	-	-	-	-	-	-	-	-	-	-	-	-	-	-	-	0	0	0	0	0	0	0
/temp/pages/_includes/flow_rec09_ordersign.svg	8413	-	-	-	-	-	-	-	-	-	-	-	-	-	-	-	-	-	-	-	-	0	0	0	0	0	0	0
/temp/pages/_includes/flow_rec10_ordersign.svg	14749	-	-	-	-	-	-	-	-	-	-	-	-	-	-	-	-	-	-	-	-	0	0	0	0	0	0	0
/temp/pages/_includes/flow_rec10_patientview.svg	14277	-	-	-	-	-	-	-	-	-	-	-	-	-	-	-	-	-	-	-	-	0	0	0	0	0	0	0
/temp/pages/_includes/flow_rec11_orderselect.svg	10830	-	-	-	-	-	-	-	-	-	-	-	-	-	-	-	-	-	-	-	-	0	0	0	0	0	0	0
/temp/pages/_includes/flow_rec11_patientview.svg	7036	-	-	-	-	-	-	-	-	-	-	-	-	-	-	-	-	-	-	-	-	0	0	0	0	0	0	0
/temp/pages/_includes/flow_rec12_patientview.svg	8259	-	-	-	-	-	-	-	-	-	-	-	-	-	-	-	-	-	-	-	-	0	0	0	0	0	0	0
/temp/pages/_includes/legend_flow.svg	2848	-	-	-	-	-	-	-	-	-	-	-	-	-	-	-	-	-	-	-	-	0	0	0	0	0	0	0
/temp/pages/_includes/legend_user_interaction.svg	1828	-	-	-	-	-	-	-	-	-	-	-	-	-	-	-	-	-	-	-	-	0	0	0	0	0	0	0
/temp/pages/_includes/subroutine_active_cancer_treatment.svg	6829	-	-	-	-	-	-	-	-	-	-	-	-	-	-	-	-	-	-	-	-	0	0	0	0	0	0	0
/temp/pages/_includes/subroutine_acute_pain.svg	5978	-	-	-	-	-	-	-	-	-	-	-	-	-	-	-	-	-	-	-	-	0	0	0	0	0	0	0
/temp/pages/_includes/subroutine_opioid_benzodiazepine_cns_order.svg	6867	-	-	-	-	-	-	-	-	-	-	-	-	-	-	-	-	-	-	-	-	1	0	0	0	0	0	0
/temp/pages/_includes/subroutine_opioid_naive.svg	8216	-	-	-	-	-	-	-	-	-	-	-	-	-	-	-	-	-	-	-	-	0	0	0	0	0	0	0
/temp/pages/_includes/subroutine_opioid_related_harms.svg	8212	-	-	-	-	-	-	-	-	-	-	-	-	-	-	-	-	-	-	-	-	0	0	0	0	0	0	0
/temp/pages/_includes/subroutine_opioid_review_useful.svg	11432	-	-	-	-	-	-	-	-	-	-	-	-	-	-	-	-	-	-	-	-	0	0	0	0	0	0	0
/temp/pages/_includes/subroutine_pdmp_review_past_90_days.svg	5391	-	-	-	-	-	-	-	-	-	-	-	-	-	-	-	-	-	-	-	-	0	0	0	0	0	0	0
/temp/pages/_includes/subroutine_subacute_or_chronic_pain.svg	8123	-	-	-	-	-	-	-	-	-	-	-	-	-	-	-	-	-	-	-	-	0	0	0	0	0	0	0
/temp/pages/_includes/subroutine_uds_past_year.svg	5728	-	-	-	-	-	-	-	-	-	-	-	-	-	-	-	-	-	-	-	-	0	0	0	0	0	0	0
/temp/pages/_includes/subroutine_unexpected_results.svg	9765	-	-	-	-	-	-	-	-	-	-	-	-	-	-	-	-	-	-	-	-	0	0	0	0	0	0	0
/temp/pages/_includes/trigger_overview.svg	23615	-	-	-	-	-	-	-	-	-	-	-	-	-	-	-	-	-	-	-	-	0	0	0	0	0	0	0
