URL,Version,Status,OIDs,Name,Title,Description,Used
http://fhir.org/guides/hrsa/uds-plus/CodeSystem/uds-plus-insurance-codes,2.0.0,active,,UDSPlusInsuranceCodes,UDS Plus Insurance Codes,"The UDS Plus CodeSystem is a 'starter set' of codes supported for identifying insurance types used by patients in UDS+ program.",
http://fhir.org/guides/hrsa/uds-plus/CodeSystem/udsplus-agriculture-worker-status-codes,2.0.0,active,,UDSPlusAgricultureWorkerStatusCodes,UDS Plus Agriculter Worker Status Codes,"The UDS Plus CodeSystem is a 'starter set' of codes supported for identifying agriculture worker status for UDS+ program.",
http://fhir.org/guides/hrsa/uds-plus/CodeSystem/udsplus-housing-status-codes,2.0.0,active,,UDSPlusHousingStatusCodes,UDS Plus Housing Status Codes,"The UDS Plus CodeSystem is a 'starter set' of codes supported for identifying Housing status of patients in UDS+ program.",
http://fhir.org/guides/hrsa/uds-plus/CodeSystem/udsplus-service-delivery-codes,2.0.0,active,,UDSPlusServiceDeliveryCodes,UDS Plus Housing Service Delivery Codes,"The UDS Plus CodeSystem is an 'addition set' of one code to the existing Location Service Delivery Codes value set for UDS+ purposes.",
