URL,Version,Status,OIDs,Name,Title,Descriptino,Uses,Used,Sources
http://fhir.org/guides/hrsa/uds-plus/ValueSet/uds-plus-insurance-codes,2.0.0,active,,UdsPlusInsuranceCodes,Uds Plus Insurance Codes,"The Uds Plus Insurance Codes is a 'starter set' of codes for identifying the source of the insurance for Patients.",,"THO (V3),Internal"
http://fhir.org/guides/hrsa/uds-plus/ValueSet/uds-plus-service-delivery-codes,2.0.0,active,,UdsPlusServiceDeliveryCodes,Uds Plus Service Delivery Codes,"The UDS Plus CodeSystem is an 'addition set' of one code to the existing Location Service Delivery Codes value set for UDS+ purposes.",,"Internal"
http://fhir.org/guides/hrsa/uds-plus/ValueSet/uds-plus-sex-codes,2.0.0,active,,UdsPlusSexCodes,Uds Plus Sex Codes,"The Uds Plus Birth Sex Codes is a set of codes for identifying the birth sex of Patients, This ValueSet will deprecated in the future in favor of the CMS Sex codes value set used as part of the uds-plus-sex-extension.",,"THO (V3),SCT"
http://fhir.org/guides/hrsa/uds-plus/ValueSet/udsplus-agriculture-worker-status,2.0.0,active,,UdsPlusAgricultureWorkerStatusCodes,Uds Plus Agriculture Worker Status Codes,"The Uds Plus Agriculture Worker Status Codes is a 'starter set' of codes for specifying agriculture worker status for Patients.",,"Internal"
http://fhir.org/guides/hrsa/uds-plus/ValueSet/udsplus-housing-status,2.0.0,active,,UdsPlusHousingStatusCodes,Uds Plus Housing Status Codes,"The Uds Plus Housing Status Codes is a 'starter set' of codes for identifying the Patient's housing status.",,"Internal"
