<?xml version="1.0" encoding="UTF-8"?><CodeSystem xmlns="http://hl7.org/fhir"><id value="udsplus-agriculture-worker-status-codes"/><text><status value="generated"/><div xmlns="http://www.w3.org/1999/xhtml"><p class="res-header-id"><b>Generated Narrative: CodeSystem udsplus-agriculture-worker-status-codes</b></p><a name="udsplus-agriculture-worker-status-codes"> </a><a name="hcudsplus-agriculture-worker-status-codes"> </a><a name="udsplus-agriculture-worker-status-codes-en-US"> </a><p>This case-sensitive code system <code>http://fhir.org/guides/hrsa/uds-plus/CodeSystem/udsplus-agriculture-worker-status-codes</code> defines the following codes:</p><table class="codes"><tr><td style="white-space:nowrap"><b>Code</b></td><td><b>Display</b></td><td><b>Definition</b></td></tr><tr><td style="white-space:nowrap">migratory<a name="udsplus-agriculture-worker-status-codes-migratory"> </a></td><td>Migratory Agriculture Worker</td><td>Patients whose principal employment is in agriculture and who establish a temporary home for the purposes of such employment as a migratory agricultural worker,</td></tr><tr><td style="white-space:nowrap">seasonal<a name="udsplus-agriculture-worker-status-codes-seasonal"> </a></td><td>Seasonal Agriculture Worker</td><td>Patients whose principal employment is in agriculture on a seasonal basis (e.g., picking fruit during the limited months of a picking season), but who DO NOT establish a temporary home for purposes of such employment</td></tr></table></div></text><extension url="http://hl7.org/fhir/StructureDefinition/structuredefinition-fmm"><valueInteger value="2"><extension url="http://hl7.org/fhir/StructureDefinition/structuredefinition-conformance-derivedFrom"><valueCanonical value="http://fhir.org/guides/hrsa/uds-plus/ImplementationGuide/fhir.hrsa.uds-plus"/></extension></valueInteger></extension><extension url="http://hl7.org/fhir/StructureDefinition/structuredefinition-standards-status"><valueCode value="trial-use"><extension url="http://hl7.org/fhir/StructureDefinition/structuredefinition-conformance-derivedFrom"><valueCanonical value="http://fhir.org/guides/hrsa/uds-plus/ImplementationGuide/fhir.hrsa.uds-plus"/></extension></valueCode></extension><url value="http://fhir.org/guides/hrsa/uds-plus/CodeSystem/udsplus-agriculture-worker-status-codes"/><version value="1.1.0"/><name value="UDSPlusAgricultureWorkerStatusCodes"/><title value="UDS Plus Agriculter Worker Status Codes"/><status value="active"/><experimental value="false"/><date value="2022-09-06"/><publisher value="HRSA BPHC"/><contact><telecom><system value="url"/><value value="https://bphc.hrsa.gov/"/></telecom></contact><description value="The UDS Plus CodeSystem is a 'starter set' of codes supported for identifying agriculture worker status for UDS+ program."/><jurisdiction><coding><system value="http://unstats.un.org/unsd/methods/m49/m49.htm"/><code value="001"/></coding></jurisdiction><caseSensitive value="true"/><valueSet value="http://fhir.org/guides/hrsa/uds-plus/ValueSet/udsplus-agriculture-worker-status"/><content value="complete"/><count value="2"/><concept><code value="migratory"/><display value="Migratory Agriculture Worker"/><definition value="Patients whose principal employment is in agriculture and who establish a temporary home for the purposes of such employment as a migratory agricultural worker,"/></concept><concept><code value="seasonal"/><display value="Seasonal Agriculture Worker"/><definition value="Patients whose principal employment is in agriculture on a seasonal basis (e.g., picking fruit during the limited months of a picking season), but who DO NOT establish a temporary home for purposes of such employment"/></concept></CodeSystem>