<?xml version="1.0" encoding="UTF-8"?><ValueSet xmlns="http://hl7.org/fhir"><id value="uds-plus-service-delivery-codes"/><meta><versionId value="1"/><lastUpdated value="2022-08-04T15:52:33.158+00:00"/><source value="#3Te0anOrvocKgcow"/><profile value="http://hl7.org/fhir/StructureDefinition/shareablevalueset"/></meta><text><status value="extensions"/><div xmlns="http://www.w3.org/1999/xhtml"><p class="res-header-id"><b>Generated Narrative: ValueSet uds-plus-service-delivery-codes</b></p><a name="uds-plus-service-delivery-codes"> </a><a name="hcuds-plus-service-delivery-codes"> </a><a name="uds-plus-service-delivery-codes-en-US"> </a><div style="display: inline-block; background-color: #d9e0e7; padding: 6px; margin: 4px; border: 1px solid #8da1b4; border-radius: 5px; line-height: 60%"><p style="margin-bottom: 0px">version: 1; Last updated: 2022-08-04 15:52:33+0000; </p><p style="margin-bottom: 0px">Information Source: #3Te0anOrvocKgcow</p><p style="margin-bottom: 0px">Profile: <a href="http://hl7.org/fhir/R4/shareablevalueset.html">Shareable ValueSet</a></p></div><p>This value set includes codes based on the following rules:</p><ul><li>Import all the codes that are contained in <a href="http://terminology.hl7.org/6.2.0/ValueSet-v3-ServiceDeliveryLocationRoleType.html">ServiceDeliveryLocationRoleType</a></li><li>Include these codes as defined in <a href="CodeSystem-udsplus-service-delivery-codes.html"><code>http://fhir.org/guides/hrsa/uds-plus/CodeSystem/udsplus-service-delivery-codes</code></a><table class="none"><tr><td style="white-space:nowrap"><b>Code</b></td><td><b>Display</b></td><td><b>Definition</b></td></tr><tr><td><a href="CodeSystem-udsplus-service-delivery-codes.html#udsplus-service-delivery-codes-public-housing">public-housing</a></td><td>Care was delivered in a Location that is considered public housing</td><td>Care was delivered in a Location that is considered public housing</td></tr><tr><td><a href="CodeSystem-udsplus-service-delivery-codes.html#udsplus-service-delivery-codes-school">school</a></td><td>Care was delivered in a Location that is considered a school</td><td>Care was delivered in a Location that is considered a school</td></tr></table></li></ul></div></text><extension url="http://hl7.org/fhir/StructureDefinition/structuredefinition-fmm"><valueInteger value="2"><extension url="http://hl7.org/fhir/StructureDefinition/structuredefinition-conformance-derivedFrom"><valueCanonical value="http://fhir.org/guides/hrsa/uds-plus/ImplementationGuide/fhir.hrsa.uds-plus"/></extension></valueInteger></extension><extension url="http://hl7.org/fhir/StructureDefinition/structuredefinition-standards-status"><valueCode value="trial-use"><extension url="http://hl7.org/fhir/StructureDefinition/structuredefinition-conformance-derivedFrom"><valueCanonical value="http://fhir.org/guides/hrsa/uds-plus/ImplementationGuide/fhir.hrsa.uds-plus"/></extension></valueCode></extension><url value="http://fhir.org/guides/hrsa/uds-plus/ValueSet/uds-plus-service-delivery-codes"/><version value="2.0.0"/><name value="UdsPlusServiceDeliveryCodes"/><title value="Uds Plus Service Delivery Codes"/><status value="active"/><experimental value="false"/><date value="2023-08-25"/><publisher value="HRSA BPHC"/><contact><telecom><system value="url"/><value value="https://bphc.hrsa.gov/"/></telecom></contact><description value="The UDS Plus CodeSystem is an 'addition set' of one code to the existing Location Service Delivery Codes value set for UDS+ purposes."/><jurisdiction><coding><system value="http://unstats.un.org/unsd/methods/m49/m49.htm"/><code value="001"/></coding></jurisdiction><compose><include><valueSet value="http://terminology.hl7.org/ValueSet/v3-ServiceDeliveryLocationRoleType"/></include><include><system value="http://fhir.org/guides/hrsa/uds-plus/CodeSystem/udsplus-service-delivery-codes"/><concept><code value="public-housing"/><display value="Care was delivered in a Location that is considered public housing"/></concept><concept><code value="school"/><display value="Care was delivered in a Location that is considered a school"/></concept></include></compose></ValueSet>