[
  {
    "id" : "bh-funding-type-codes",
    "type" : "CodeSystem",
    "url" : "http://fhir.org/guides/astp/bhp/CodeSystem/bh-funding-type-codes",
    "version" : "0.1.0",
    "name" : "BehavioralHealthProgramFundingTypeCodes"
  },
  {
    "id" : "fhir.astp.bhp",
    "type" : "ImplementationGuide",
    "url" : "http://fhir.org/guides/astp/bhp/ImplementationGuide/fhir.astp.bhp",
    "version" : "0.1.0",
    "name" : "USBehavioralHealthProfiles"
  },
  {
    "id" : "bh-grant-info",
    "type" : "StructureDefinition",
    "url" : "http://fhir.org/guides/astp/bhp/StructureDefinition/bh-grant-info",
    "version" : "0.1.0",
    "name" : "BehavioralHealthGrantInfo"
  },
  {
    "id" : "mental-health-clinical-notes",
    "type" : "StructureDefinition",
    "url" : "http://fhir.org/guides/astp/bhp/StructureDefinition/mental-health-clinical-notes",
    "version" : "0.1.0",
    "name" : "MentalHealthClinicalNotes"
  },
  {
    "id" : "program-info",
    "type" : "StructureDefinition",
    "url" : "http://fhir.org/guides/astp/bhp/StructureDefinition/program-info",
    "version" : "0.1.0",
    "name" : "GrantProgramIdAndNumber"
  },
  {
    "id" : "bh-funding-types",
    "type" : "ValueSet",
    "url" : "http://fhir.org/guides/astp/bhp/ValueSet/bh-funding-types",
    "version" : "0.1.0",
    "name" : "BehavioralHealthProgramFundingTypes"
  },
  {
    "id" : "mental-health-clinical-note-types",
    "type" : "ValueSet",
    "url" : "http://fhir.org/guides/astp/bhp/ValueSet/mental-health-clinical-note-types",
    "version" : "0.1.0",
    "name" : "MentalHealthClinicalNoteTypes"
  }
]
