{
  "resourceType" : "Condition",
  "id" : "grief-condition-example-1",
  "meta" : {
    "profile" : ["http://hl7.org/fhir/us/core/StructureDefinition/us-core-condition-problems-health-concerns|6.1.0"]
  },
  "text" : {
    "status" : "generated",
    "div" : "<div xmlns=\"http://www.w3.org/1999/xhtml\"><p class=\"res-header-id\"><b>Generated Narrative: Condition grief-condition-example-1</b></p><a name=\"grief-condition-example-1\"> </a><a name=\"hcgrief-condition-example-1\"> </a><div style=\"display: inline-block; background-color: #d9e0e7; padding: 6px; margin: 4px; border: 1px solid #8da1b4; border-radius: 5px; line-height: 60%\"><p style=\"margin-bottom: 0px\"/><p style=\"margin-bottom: 0px\">Profile: <a href=\"http://hl7.org/fhir/us/core/STU6.1/StructureDefinition-us-core-condition-problems-health-concerns.html\">US Core Condition Problems and Health Concerns Profileversion: null6.1.0)</a></p></div><p><b>clinicalStatus</b>: <span title=\"Codes:{http://terminology.hl7.org/CodeSystem/condition-clinical active}\">Active</span></p><p><b>verificationStatus</b>: <span title=\"Codes:{http://terminology.hl7.org/CodeSystem/condition-ver-status confirmed}\">Confirmed</span></p><p><b>category</b>: <span title=\"Codes:{http://hl7.org/fhir/us/core/CodeSystem/condition-category health-concern}\">Health Concern</span>, <span title=\"Codes:{http://hl7.org/fhir/us/core/CodeSystem/us-core-category sdoh}\">Social Determinants Of Health</span></p><p><b>code</b>: <span title=\"Codes:{http://snomed.info/sct 723914003}, {http://hl7.org/fhir/sid/icd-10-cm F43.81}\">Prolonged grief disorder</span></p><p><b>subject</b>: <a href=\"Patient-bh-patient-example.html\">James Wolff</a></p><p><b>onset</b>: 2007-12-14</p><p><b>recordedDate</b>: 2007-12-14 07:15:07-0800</p></div>"
  },
  "clinicalStatus" : {
    "coding" : [{
      "system" : "http://terminology.hl7.org/CodeSystem/condition-clinical",
      "code" : "active",
      "display" : "Active"
    }]
  },
  "verificationStatus" : {
    "coding" : [{
      "system" : "http://terminology.hl7.org/CodeSystem/condition-ver-status",
      "version" : "4.0.0",
      "code" : "confirmed",
      "display" : "Confirmed"
    }],
    "text" : "Confirmed"
  },
  "category" : [{
    "coding" : [{
      "system" : "http://hl7.org/fhir/us/core/CodeSystem/condition-category",
      "code" : "health-concern",
      "display" : "Health Concern"
    }],
    "text" : "Health Concern"
  },
  {
    "coding" : [{
      "system" : "http://hl7.org/fhir/us/core/CodeSystem/us-core-category",
      "code" : "sdoh",
      "display" : "SDOH"
    }],
    "text" : "Social Determinants Of Health"
  }],
  "code" : {
    "coding" : [{
      "system" : "http://snomed.info/sct",
      "code" : "723914003",
      "display" : "Prolonged grief disorder"
    },
    {
      "system" : "http://hl7.org/fhir/sid/icd-10-cm",
      "code" : "F43.81",
      "display" : "Prolonged grief disorder"
    }],
    "text" : "Prolonged grief disorder"
  },
  "subject" : {
    "reference" : "Patient/bh-patient-example",
    "display" : "James Wolff"
  },
  "onsetDateTime" : "2007-12-14",
  "recordedDate" : "2007-12-14T07:15:07-08:00"
}