<?xml version="1.0" encoding="UTF-8"?>

<Encounter xmlns="http://hl7.org/fhir">
  <id value="pcp-encounter-example-4"/>
  <meta>
    <profile value="http://hl7.org/fhir/us/core/StructureDefinition/us-core-encounter|6.1.0"/>
  </meta>
  <text>
    <status value="generated"/><div xmlns="http://www.w3.org/1999/xhtml"><p class="res-header-id"><b>Generated Narrative: Encounter pcp-encounter-example-4</b></p><a name="pcp-encounter-example-4"> </a><a name="hcpcp-encounter-example-4"> </a><div style="display: inline-block; background-color: #d9e0e7; padding: 6px; margin: 4px; border: 1px solid #8da1b4; border-radius: 5px; line-height: 60%"><p style="margin-bottom: 0px"/><p style="margin-bottom: 0px">Profile: <a href="http://hl7.org/fhir/us/core/STU6.1/StructureDefinition-us-core-encounter.html">US Core Encounter Profileversion: null6.1.0)</a></p></div><p><b>identifier</b>: <code>urn:oid:2.16.840.1.113883.19.5.1.698.8</code>/40005104253 (use: usual, )</p><p><b>status</b>: Finished</p><p><b>class</b>: <a href="http://terminology.hl7.org/6.1.0/CodeSystem-v3-ActCode.html#v3-ActCode-AMB">ActCode AMB</a>: ambulatory</p><p><b>type</b>: <span title="Codes:{http://snomed.info/sct 737470001}">Primary care encounter</span></p><p><b>subject</b>: <a href="Patient-bh-patient-example.html">James Wolff</a></p><p><b>period</b>: 2024-02-15 12:02:00-0500 --&gt; 2024-02-15 12:32:00-0500</p></div>
  </text>
  <identifier>
    <use value="usual"/>
    <system value="urn:oid:2.16.840.1.113883.19.5.1.698.8"/>
    <value value="40005104253"/>
  </identifier>
  <status value="finished"/>
  <class>
    <system value="http://terminology.hl7.org/CodeSystem/v3-ActCode"/>
    <code value="AMB"/>
    <display value="ambulatory"/>
  </class>
  <type>
    <coding>
      <system value="http://snomed.info/sct"/>
      <code value="737470001"/>
      <display value="Primary care management (procedure)"/>
    </coding>
    <text value="Primary care encounter"/>
  </type>
  <subject>
    <reference value="Patient/bh-patient-example"/>
    <display value="James Wolff"/>
  </subject>
  <period>
    <start value="2024-02-15T12:02:00-05:00"/>
    <end value="2024-02-15T12:32:00-05:00"/>
  </period>
</Encounter>