{
  "resourceType" : "Bundle",
  "id" : "356cc169-b3b6-44ed-a725-2088353c86f7",
  "meta" : {
    "lastUpdated" : "2025-08-18T22:04:52.865+10:00"
  },
  "type" : "collection",
  "entry" : [{
    "fullUrl" : "http://fhir.org/guides/astp/bhp/ValueSet/bh-funding-types",
    "resource" : {
      "resourceType" : "ValueSet",
      "text" : {
        "status" : "generated",
        "div" : "<div xmlns=\"http://www.w3.org/1999/xhtml\"><p class=\"res-header-id\"/><p style=\"border: black 1px dotted; background-color: #EEEEEE; padding: 8px; margin-bottom: 8px\">Expansion performed internally based on <a href=\"CodeSystem-bh-funding-type-codes.html\">codesystem Behavioral Health Program Funding Type Codes v0.1.0 (CodeSystem)</a></p><p>This value set contains 3 concepts</p><table class=\"codes\"><tr><td style=\"white-space:nowrap\"><b>Code</b></td><td><b>System</b></td><td><b>Display</b></td><td><b>Definition</b></td></tr><tr><td style=\"white-space:nowrap\"><a name=\"x-http://fhir.org/guides/astp/bhp/CodeSystem/bh-funding-type-codes-discretionary\"> </a>\u00a0\u00a0<a href=\"CodeSystem-bh-funding-type-codes.html#bh-funding-type-codes-discretionary\">discretionary</a></td><td>http://fhir.org/guides/astp/bhp/CodeSystem/bh-funding-type-codes</td><td>Discretionary Funding</td><td>Discretionary Funding</td></tr><tr><td style=\"white-space:nowrap\"><a name=\"x-http://fhir.org/guides/astp/bhp/CodeSystem/bh-funding-type-codes-grant-funding-type\"> </a>\u00a0\u00a0<a href=\"CodeSystem-bh-funding-type-codes.html#bh-funding-type-codes-grant-funding-type\">grant-funding-type</a></td><td>http://fhir.org/guides/astp/bhp/CodeSystem/bh-funding-type-codes</td><td>Grant Funding Type</td><td>Grant Funding Type</td></tr><tr><td style=\"white-space:nowrap\"><a name=\"x-http://fhir.org/guides/astp/bhp/CodeSystem/bh-funding-type-codes-funding-program-info\"> </a>\u00a0\u00a0<a href=\"CodeSystem-bh-funding-type-codes.html#bh-funding-type-codes-funding-program-info\">funding-program-info</a></td><td>http://fhir.org/guides/astp/bhp/CodeSystem/bh-funding-type-codes</td><td>Program Funding Information</td><td>Program Funding Information</td></tr></table></div>"
      },
      "url" : "http://fhir.org/guides/astp/bhp/ValueSet/bh-funding-types",
      "version" : "0.1.0",
      "name" : "BehavioralHealthProgramFundingTypes",
      "title" : "Behavioral Health Program Funding Types",
      "status" : "draft",
      "experimental" : true,
      "date" : "2025-08-18T22:03:45+10:00",
      "expansion" : {
        "identifier" : "urn:uuid:e9165c20-7d3e-44b8-a578-1dfe095d4c1c",
        "timestamp" : "2025-08-18T22:10:43+10:00",
        "total" : 3,
        "offset" : 0,
        "parameter" : [{
          "name" : "count",
          "valueInteger" : 1000
        },
        {
          "name" : "offset",
          "valueInteger" : 0
        },
        {
          "name" : "excludeNested",
          "valueBoolean" : false
        },
        {
          "name" : "used-codesystem",
          "valueUri" : "http://fhir.org/guides/astp/bhp/CodeSystem/bh-funding-type-codes|0.1.0"
        }],
        "contains" : [{
          "system" : "http://fhir.org/guides/astp/bhp/CodeSystem/bh-funding-type-codes",
          "code" : "discretionary",
          "display" : "Discretionary Funding"
        },
        {
          "system" : "http://fhir.org/guides/astp/bhp/CodeSystem/bh-funding-type-codes",
          "code" : "grant-funding-type",
          "display" : "Grant Funding Type"
        },
        {
          "system" : "http://fhir.org/guides/astp/bhp/CodeSystem/bh-funding-type-codes",
          "code" : "funding-program-info",
          "display" : "Program Funding Information"
        }]
      }
    }
  }]
}