{
  "resourceType" : "ImplementationGuide",
  "id" : "fhir.astp.bhp",
  "text" : {
    "status" : "generated",
    "div" : "<div xmlns=\"http://www.w3.org/1999/xhtml\"><p class=\"res-header-id\"><b>Generated Narrative: ImplementationGuide fhir.astp.bhp</b></p><a name=\"fhir.astp.bhp\"> </a><a name=\"hcfhir.astp.bhp\"> </a><h2>USBehavioralHealthProfiles</h2><p>The official URL for this implementation guide is: </p><pre>http://fhir.org/guides/astp/bhp/ImplementationGuide/fhir.astp.bhp</pre></div>"
  },
  "url" : "http://fhir.org/guides/astp/bhp/ImplementationGuide/fhir.astp.bhp",
  "version" : "0.1.0",
  "name" : "USBehavioralHealthProfiles",
  "title" : "US Behavioral Health Profiles Implementation Guide",
  "status" : "active",
  "date" : "2025-08-18T22:03:45+10:00",
  "publisher" : "ASTP / BHIT",
  "contact" : [{
    "telecom" : [{
      "system" : "url",
      "value" : "https://www.healthit.gov/"
    }]
  }],
  "jurisdiction" : [{
    "coding" : [{
      "system" : "urn:iso:std:iso:3166",
      "code" : "US",
      "display" : "United States of America"
    }],
    "text" : "USA"
  }],
  "packageId" : "fhir.astp.bhp",
  "license" : "CC0-1.0",
  "fhirVersion" : ["4.0.1"],
  "dependsOn" : [{
    "id" : "hl7tx",
    "extension" : [{
      "url" : "http://hl7.org/fhir/tools/StructureDefinition/implementationguide-dependency-comment",
      "valueMarkdown" : "Automatically added as a dependency - all IGs depend on HL7 Terminology"
    }],
    "uri" : "http://terminology.hl7.org/ImplementationGuide/hl7.terminology",
    "packageId" : "hl7.terminology.r4",
    "version" : "6.5.0"
  },
  {
    "id" : "hl7ext",
    "extension" : [{
      "url" : "http://hl7.org/fhir/tools/StructureDefinition/implementationguide-dependency-comment",
      "valueMarkdown" : "Automatically added as a dependency - all IGs depend on the HL7 Extension Pack"
    }],
    "uri" : "http://hl7.org/fhir/extensions/ImplementationGuide/hl7.fhir.uv.extensions",
    "packageId" : "hl7.fhir.uv.extensions.r4",
    "version" : "5.2.0"
  },
  {
    "id" : "hl7fhiruscore",
    "uri" : "http://hl7.org/fhir/us/core/ImplementationGuide/hl7.fhir.us.core#6.1.0",
    "packageId" : "hl7.fhir.us.core",
    "version" : "6.1.0"
  },
  {
    "id" : "hl7fhirussdohcc",
    "uri" : "http://hl7.org/fhir/us/sdoh-clinicalcare/ImplementationGuide/hl7.fhir.us.sdoh-clinicalcare#2.3.0",
    "packageId" : "hl7.fhir.us.sdoh-clinicalcare",
    "version" : "2.3.0"
  },
  {
    "id" : "militaryservice",
    "uri" : "http://hl7.org/fhir/us/military-service/ImplementationGuide/hl7.fhir.us.military-service#1.0.0",
    "packageId" : "hl7.fhir.us.military-service",
    "version" : "1.0.0"
  }],
  "definition" : {
    "extension" : [{
      "extension" : [{
        "url" : "code",
        "valueString" : "apply-jurisdiction"
      },
      {
        "url" : "value",
        "valueString" : "false"
      }],
      "url" : "http://hl7.org/fhir/tools/StructureDefinition/ig-parameter"
    },
    {
      "extension" : [{
        "url" : "code",
        "valueString" : "path-expansion-params"
      },
      {
        "url" : "value",
        "valueString" : "resources/parameters/expansion-parameters-bhir.xml"
      }],
      "url" : "http://hl7.org/fhir/tools/StructureDefinition/ig-parameter"
    },
    {
      "extension" : [{
        "url" : "code",
        "valueString" : "copyrightyear"
      },
      {
        "url" : "value",
        "valueString" : "2020+"
      }],
      "url" : "http://hl7.org/fhir/tools/StructureDefinition/ig-parameter"
    },
    {
      "extension" : [{
        "url" : "code",
        "valueString" : "releaselabel"
      },
      {
        "url" : "value",
        "valueString" : "CI Build"
      }],
      "url" : "http://hl7.org/fhir/tools/StructureDefinition/ig-parameter"
    },
    {
      "extension" : [{
        "url" : "code",
        "valueString" : "pin-canonicals"
      },
      {
        "url" : "value",
        "valueString" : "pin-multiples"
      }],
      "url" : "http://hl7.org/fhir/tools/StructureDefinition/ig-parameter"
    },
    {
      "extension" : [{
        "url" : "code",
        "valueString" : "autoload-resources"
      },
      {
        "url" : "value",
        "valueString" : "true"
      }],
      "url" : "http://hl7.org/fhir/tools/StructureDefinition/ig-parameter"
    },
    {
      "extension" : [{
        "url" : "code",
        "valueString" : "path-liquid"
      },
      {
        "url" : "value",
        "valueString" : "template/liquid"
      }],
      "url" : "http://hl7.org/fhir/tools/StructureDefinition/ig-parameter"
    },
    {
      "extension" : [{
        "url" : "code",
        "valueString" : "path-liquid"
      },
      {
        "url" : "value",
        "valueString" : "input/liquid"
      }],
      "url" : "http://hl7.org/fhir/tools/StructureDefinition/ig-parameter"
    },
    {
      "extension" : [{
        "url" : "code",
        "valueString" : "path-qa"
      },
      {
        "url" : "value",
        "valueString" : "temp/qa"
      }],
      "url" : "http://hl7.org/fhir/tools/StructureDefinition/ig-parameter"
    },
    {
      "extension" : [{
        "url" : "code",
        "valueString" : "path-temp"
      },
      {
        "url" : "value",
        "valueString" : "temp/pages"
      }],
      "url" : "http://hl7.org/fhir/tools/StructureDefinition/ig-parameter"
    },
    {
      "extension" : [{
        "url" : "code",
        "valueString" : "path-output"
      },
      {
        "url" : "value",
        "valueString" : "output"
      }],
      "url" : "http://hl7.org/fhir/tools/StructureDefinition/ig-parameter"
    },
    {
      "extension" : [{
        "url" : "code",
        "valueString" : "path-suppressed-warnings"
      },
      {
        "url" : "value",
        "valueString" : "input/ignoreWarnings.txt"
      }],
      "url" : "http://hl7.org/fhir/tools/StructureDefinition/ig-parameter"
    },
    {
      "extension" : [{
        "url" : "code",
        "valueString" : "path-history"
      },
      {
        "url" : "value",
        "valueString" : "http://fhir.org/guides/astp/bhp/history.html"
      }],
      "url" : "http://hl7.org/fhir/tools/StructureDefinition/ig-parameter"
    },
    {
      "extension" : [{
        "url" : "code",
        "valueString" : "template-html"
      },
      {
        "url" : "value",
        "valueString" : "template-page.html"
      }],
      "url" : "http://hl7.org/fhir/tools/StructureDefinition/ig-parameter"
    },
    {
      "extension" : [{
        "url" : "code",
        "valueString" : "template-md"
      },
      {
        "url" : "value",
        "valueString" : "template-page-md.html"
      }],
      "url" : "http://hl7.org/fhir/tools/StructureDefinition/ig-parameter"
    },
    {
      "extension" : [{
        "url" : "code",
        "valueString" : "apply-contact"
      },
      {
        "url" : "value",
        "valueString" : "true"
      }],
      "url" : "http://hl7.org/fhir/tools/StructureDefinition/ig-parameter"
    },
    {
      "extension" : [{
        "url" : "code",
        "valueString" : "apply-context"
      },
      {
        "url" : "value",
        "valueString" : "true"
      }],
      "url" : "http://hl7.org/fhir/tools/StructureDefinition/ig-parameter"
    },
    {
      "extension" : [{
        "url" : "code",
        "valueString" : "apply-copyright"
      },
      {
        "url" : "value",
        "valueString" : "true"
      }],
      "url" : "http://hl7.org/fhir/tools/StructureDefinition/ig-parameter"
    },
    {
      "extension" : [{
        "url" : "code",
        "valueString" : "apply-license"
      },
      {
        "url" : "value",
        "valueString" : "true"
      }],
      "url" : "http://hl7.org/fhir/tools/StructureDefinition/ig-parameter"
    },
    {
      "extension" : [{
        "url" : "code",
        "valueString" : "apply-publisher"
      },
      {
        "url" : "value",
        "valueString" : "true"
      }],
      "url" : "http://hl7.org/fhir/tools/StructureDefinition/ig-parameter"
    },
    {
      "extension" : [{
        "url" : "code",
        "valueString" : "apply-version"
      },
      {
        "url" : "value",
        "valueString" : "true"
      }],
      "url" : "http://hl7.org/fhir/tools/StructureDefinition/ig-parameter"
    },
    {
      "extension" : [{
        "url" : "code",
        "valueString" : "apply-wg"
      },
      {
        "url" : "value",
        "valueString" : "true"
      }],
      "url" : "http://hl7.org/fhir/tools/StructureDefinition/ig-parameter"
    },
    {
      "extension" : [{
        "url" : "code",
        "valueString" : "active-tables"
      },
      {
        "url" : "value",
        "valueString" : "true"
      }],
      "url" : "http://hl7.org/fhir/tools/StructureDefinition/ig-parameter"
    },
    {
      "extension" : [{
        "url" : "code",
        "valueString" : "fmm-definition"
      },
      {
        "url" : "value",
        "valueString" : "http://hl7.org/fhir/versions.html#maturity"
      }],
      "url" : "http://hl7.org/fhir/tools/StructureDefinition/ig-parameter"
    },
    {
      "extension" : [{
        "url" : "code",
        "valueString" : "propagate-status"
      },
      {
        "url" : "value",
        "valueString" : "true"
      }],
      "url" : "http://hl7.org/fhir/tools/StructureDefinition/ig-parameter"
    },
    {
      "extension" : [{
        "url" : "code",
        "valueString" : "excludelogbinaryformat"
      },
      {
        "url" : "value",
        "valueString" : "true"
      }],
      "url" : "http://hl7.org/fhir/tools/StructureDefinition/ig-parameter"
    },
    {
      "extension" : [{
        "url" : "code",
        "valueString" : "tabbed-snapshots"
      },
      {
        "url" : "value",
        "valueString" : "true"
      }],
      "url" : "http://hl7.org/fhir/tools/StructureDefinition/ig-parameter"
    },
    {
      "url" : "http://hl7.org/fhir/tools/StructureDefinition/ig-internal-dependency",
      "valueCode" : "hl7.fhir.uv.tools.r4#0.7.1"
    },
    {
      "extension" : [{
        "url" : "code",
        "valueCode" : "apply-jurisdiction"
      },
      {
        "url" : "value",
        "valueString" : "false"
      }],
      "url" : "http://hl7.org/fhir/tools/StructureDefinition/ig-parameter"
    },
    {
      "extension" : [{
        "url" : "code",
        "valueCode" : "path-expansion-params"
      },
      {
        "url" : "value",
        "valueString" : "resources/parameters/expansion-parameters-bhir.xml"
      }],
      "url" : "http://hl7.org/fhir/tools/StructureDefinition/ig-parameter"
    },
    {
      "extension" : [{
        "url" : "code",
        "valueCode" : "copyrightyear"
      },
      {
        "url" : "value",
        "valueString" : "2020+"
      }],
      "url" : "http://hl7.org/fhir/tools/StructureDefinition/ig-parameter"
    },
    {
      "extension" : [{
        "url" : "code",
        "valueCode" : "releaselabel"
      },
      {
        "url" : "value",
        "valueString" : "CI Build"
      }],
      "url" : "http://hl7.org/fhir/tools/StructureDefinition/ig-parameter"
    },
    {
      "extension" : [{
        "url" : "code",
        "valueCode" : "pin-canonicals"
      },
      {
        "url" : "value",
        "valueString" : "pin-multiples"
      }],
      "url" : "http://hl7.org/fhir/tools/StructureDefinition/ig-parameter"
    },
    {
      "extension" : [{
        "url" : "code",
        "valueCode" : "autoload-resources"
      },
      {
        "url" : "value",
        "valueString" : "true"
      }],
      "url" : "http://hl7.org/fhir/tools/StructureDefinition/ig-parameter"
    },
    {
      "extension" : [{
        "url" : "code",
        "valueCode" : "path-liquid"
      },
      {
        "url" : "value",
        "valueString" : "template/liquid"
      }],
      "url" : "http://hl7.org/fhir/tools/StructureDefinition/ig-parameter"
    },
    {
      "extension" : [{
        "url" : "code",
        "valueCode" : "path-liquid"
      },
      {
        "url" : "value",
        "valueString" : "input/liquid"
      }],
      "url" : "http://hl7.org/fhir/tools/StructureDefinition/ig-parameter"
    },
    {
      "extension" : [{
        "url" : "code",
        "valueCode" : "path-qa"
      },
      {
        "url" : "value",
        "valueString" : "temp/qa"
      }],
      "url" : "http://hl7.org/fhir/tools/StructureDefinition/ig-parameter"
    },
    {
      "extension" : [{
        "url" : "code",
        "valueCode" : "path-temp"
      },
      {
        "url" : "value",
        "valueString" : "temp/pages"
      }],
      "url" : "http://hl7.org/fhir/tools/StructureDefinition/ig-parameter"
    },
    {
      "extension" : [{
        "url" : "code",
        "valueCode" : "path-output"
      },
      {
        "url" : "value",
        "valueString" : "output"
      }],
      "url" : "http://hl7.org/fhir/tools/StructureDefinition/ig-parameter"
    },
    {
      "extension" : [{
        "url" : "code",
        "valueCode" : "path-suppressed-warnings"
      },
      {
        "url" : "value",
        "valueString" : "input/ignoreWarnings.txt"
      }],
      "url" : "http://hl7.org/fhir/tools/StructureDefinition/ig-parameter"
    },
    {
      "extension" : [{
        "url" : "code",
        "valueCode" : "path-history"
      },
      {
        "url" : "value",
        "valueString" : "http://fhir.org/guides/astp/bhp/history.html"
      }],
      "url" : "http://hl7.org/fhir/tools/StructureDefinition/ig-parameter"
    },
    {
      "extension" : [{
        "url" : "code",
        "valueCode" : "template-html"
      },
      {
        "url" : "value",
        "valueString" : "template-page.html"
      }],
      "url" : "http://hl7.org/fhir/tools/StructureDefinition/ig-parameter"
    },
    {
      "extension" : [{
        "url" : "code",
        "valueCode" : "template-md"
      },
      {
        "url" : "value",
        "valueString" : "template-page-md.html"
      }],
      "url" : "http://hl7.org/fhir/tools/StructureDefinition/ig-parameter"
    },
    {
      "extension" : [{
        "url" : "code",
        "valueCode" : "apply-contact"
      },
      {
        "url" : "value",
        "valueString" : "true"
      }],
      "url" : "http://hl7.org/fhir/tools/StructureDefinition/ig-parameter"
    },
    {
      "extension" : [{
        "url" : "code",
        "valueCode" : "apply-context"
      },
      {
        "url" : "value",
        "valueString" : "true"
      }],
      "url" : "http://hl7.org/fhir/tools/StructureDefinition/ig-parameter"
    },
    {
      "extension" : [{
        "url" : "code",
        "valueCode" : "apply-copyright"
      },
      {
        "url" : "value",
        "valueString" : "true"
      }],
      "url" : "http://hl7.org/fhir/tools/StructureDefinition/ig-parameter"
    },
    {
      "extension" : [{
        "url" : "code",
        "valueCode" : "apply-license"
      },
      {
        "url" : "value",
        "valueString" : "true"
      }],
      "url" : "http://hl7.org/fhir/tools/StructureDefinition/ig-parameter"
    },
    {
      "extension" : [{
        "url" : "code",
        "valueCode" : "apply-publisher"
      },
      {
        "url" : "value",
        "valueString" : "true"
      }],
      "url" : "http://hl7.org/fhir/tools/StructureDefinition/ig-parameter"
    },
    {
      "extension" : [{
        "url" : "code",
        "valueCode" : "apply-version"
      },
      {
        "url" : "value",
        "valueString" : "true"
      }],
      "url" : "http://hl7.org/fhir/tools/StructureDefinition/ig-parameter"
    },
    {
      "extension" : [{
        "url" : "code",
        "valueCode" : "apply-wg"
      },
      {
        "url" : "value",
        "valueString" : "true"
      }],
      "url" : "http://hl7.org/fhir/tools/StructureDefinition/ig-parameter"
    },
    {
      "extension" : [{
        "url" : "code",
        "valueCode" : "active-tables"
      },
      {
        "url" : "value",
        "valueString" : "true"
      }],
      "url" : "http://hl7.org/fhir/tools/StructureDefinition/ig-parameter"
    },
    {
      "extension" : [{
        "url" : "code",
        "valueCode" : "fmm-definition"
      },
      {
        "url" : "value",
        "valueString" : "http://hl7.org/fhir/versions.html#maturity"
      }],
      "url" : "http://hl7.org/fhir/tools/StructureDefinition/ig-parameter"
    },
    {
      "extension" : [{
        "url" : "code",
        "valueCode" : "propagate-status"
      },
      {
        "url" : "value",
        "valueString" : "true"
      }],
      "url" : "http://hl7.org/fhir/tools/StructureDefinition/ig-parameter"
    },
    {
      "extension" : [{
        "url" : "code",
        "valueCode" : "excludelogbinaryformat"
      },
      {
        "url" : "value",
        "valueString" : "true"
      }],
      "url" : "http://hl7.org/fhir/tools/StructureDefinition/ig-parameter"
    },
    {
      "extension" : [{
        "url" : "code",
        "valueCode" : "tabbed-snapshots"
      },
      {
        "url" : "value",
        "valueString" : "true"
      }],
      "url" : "http://hl7.org/fhir/tools/StructureDefinition/ig-parameter"
    }],
    "grouping" : [{
      "id" : "profiles",
      "name" : "Profiles"
    },
    {
      "id" : "tx",
      "name" : "Terminology"
    },
    {
      "id" : "examples",
      "name" : "Examples"
    }],
    "resource" : [{
      "extension" : [{
        "url" : "http://hl7.org/fhir/tools/StructureDefinition/resource-information",
        "valueString" : "StructureDefinition:resource"
      }],
      "reference" : {
        "reference" : "StructureDefinition/mental-health-clinical-notes",
        "display" : "Behavioral Health DocumentReference"
      },
      "name" : "Mental Health Clinical Notes Profile",
      "description" : "This profile on US Core DocumentReference constrains type to be of five allowable mental health clinical note types via binding to Mental Health Clinical Notes (ValueSet)",
      "exampleBoolean" : false,
      "groupingId" : "profiles"
    },
    {
      "extension" : [{
        "url" : "http://hl7.org/fhir/tools/StructureDefinition/resource-information",
        "valueString" : "StructureDefinition:resource"
      }],
      "reference" : {
        "reference" : "StructureDefinition/bh-grant-info",
        "display" : "Grant Information Observation"
      },
      "name" : "Grant Information Observation Profile",
      "description" : "This profile defines the structure and terminology for Observations related to Program ID, number, and funding type. Feedback is requested throughout this profile, specifically do standard concepts exist for .category, .code, and .value[x]? Also, use of a complex extension to represent both grant number and program ID.",
      "exampleBoolean" : false,
      "groupingId" : "profiles"
    },
    {
      "extension" : [{
        "url" : "http://hl7.org/fhir/tools/StructureDefinition/resource-information",
        "valueString" : "StructureDefinition:extension"
      }],
      "reference" : {
        "reference" : "StructureDefinition/program-info",
        "display" : "Grant Program ID and Number Extension"
      },
      "name" : "Grant Program ID and Number Extension",
      "description" : "This complex extension defines the representation of Grant Program ID as well as grant number.",
      "exampleBoolean" : false,
      "groupingId" : "profiles"
    },
    {
      "extension" : [{
        "url" : "http://hl7.org/fhir/tools/StructureDefinition/resource-information",
        "valueString" : "ValueSet"
      }],
      "reference" : {
        "reference" : "ValueSet/mental-health-clinical-note-types",
        "display" : "Behavioral Health Clinical Note Types"
      },
      "name" : "Mental Health Clinical Notes Profile",
      "description" : "This ValueSet defines the LOINC codes for Mental Health Clinical Note types.",
      "exampleBoolean" : false,
      "groupingId" : "tx"
    },
    {
      "extension" : [{
        "url" : "http://hl7.org/fhir/tools/StructureDefinition/resource-information",
        "valueString" : "ValueSet"
      }],
      "reference" : {
        "reference" : "ValueSet/bh-funding-types",
        "display" : "Behavioral Health Program Funding Types"
      },
      "name" : "Behavioral Health Program Funding Types",
      "description" : "This ValueSet defines coded concepts pertaining to a Behavioral Health program/grant.",
      "exampleBoolean" : false,
      "groupingId" : "tx"
    },
    {
      "extension" : [{
        "url" : "http://hl7.org/fhir/tools/StructureDefinition/resource-information",
        "valueString" : "CodeSystem"
      }],
      "reference" : {
        "reference" : "CodeSystem/bh-funding-type-codes",
        "display" : "Behavioral Health Program Funding Type Codes"
      },
      "name" : "Behavioral Health Program Funding Type Codes",
      "description" : "This CodeSystem defines coded concepts pertaining to a Behavioral Health program/grant.",
      "exampleBoolean" : false,
      "groupingId" : "tx"
    },
    {
      "extension" : [{
        "url" : "http://hl7.org/fhir/tools/StructureDefinition/resource-information",
        "valueString" : "Patient"
      }],
      "reference" : {
        "reference" : "Patient/bh-patient-example",
        "display" : "patient-example"
      },
      "name" : "patient-example",
      "description" : "Example of patient demographic information, which includes Veteran Status (missing from narrative)",
      "exampleBoolean" : true,
      "groupingId" : "examples"
    },
    {
      "extension" : [{
        "url" : "http://hl7.org/fhir/tools/StructureDefinition/resource-information",
        "valueString" : "Practitioner"
      }],
      "reference" : {
        "reference" : "Practitioner/ed-physician-example-1",
        "display" : "physician-example"
      },
      "name" : "physician-example",
      "description" : "Example of emergency room physician care team member",
      "exampleBoolean" : true,
      "groupingId" : "examples"
    },
    {
      "extension" : [{
        "url" : "http://hl7.org/fhir/tools/StructureDefinition/resource-information",
        "valueString" : "Practitioner"
      }],
      "reference" : {
        "reference" : "Practitioner/pcp-provider-example-1",
        "display" : "pcp-provider-example"
      },
      "name" : "pcp-provider-example",
      "description" : "Example of Primary Care Provider",
      "exampleBoolean" : true,
      "groupingId" : "examples"
    },
    {
      "extension" : [{
        "url" : "http://hl7.org/fhir/tools/StructureDefinition/resource-information",
        "valueString" : "Practitioner"
      }],
      "reference" : {
        "reference" : "Practitioner/mental-health-provider-example-1",
        "display" : "mental-health-provider-example"
      },
      "name" : "mental-health-provider-example",
      "description" : "Example of mental health provider",
      "exampleBoolean" : true,
      "groupingId" : "examples"
    },
    {
      "extension" : [{
        "url" : "http://hl7.org/fhir/tools/StructureDefinition/resource-information",
        "valueString" : "AllergyIntolerance"
      }],
      "reference" : {
        "reference" : "AllergyIntolerance/peanut-allergy-example-1",
        "display" : "peanut-allergy-example"
      },
      "name" : "peanut-allergy-example",
      "description" : "Example of patient documented peanut allergy",
      "exampleBoolean" : true,
      "groupingId" : "examples"
    },
    {
      "extension" : [{
        "url" : "http://hl7.org/fhir/tools/StructureDefinition/resource-information",
        "valueString" : "AllergyIntolerance"
      }],
      "reference" : {
        "reference" : "AllergyIntolerance/penicillin-allergy-example-1",
        "display" : "penicillin-allergy-example"
      },
      "name" : "penicillin-allergy-example",
      "description" : "Example of patient documented penicillin allergy",
      "exampleBoolean" : true,
      "groupingId" : "examples"
    },
    {
      "extension" : [{
        "url" : "http://hl7.org/fhir/tools/StructureDefinition/resource-information",
        "valueString" : "CareTeam"
      }],
      "reference" : {
        "reference" : "CareTeam/bh-care-team-example-1",
        "display" : "care-team-example"
      },
      "name" : "care-team-example",
      "description" : "Example of a mental health counselor as part of the care team",
      "exampleBoolean" : true,
      "groupingId" : "examples"
    },
    {
      "extension" : [{
        "url" : "http://hl7.org/fhir/tools/StructureDefinition/resource-information",
        "valueString" : "Condition"
      }],
      "reference" : {
        "reference" : "Condition/panic-attack-condition-example-1",
        "display" : "panic-attack-example"
      },
      "name" : "panic-attack-example",
      "description" : "Example of patients panic attack condition",
      "exampleBoolean" : true,
      "groupingId" : "examples"
    },
    {
      "extension" : [{
        "url" : "http://hl7.org/fhir/tools/StructureDefinition/resource-information",
        "valueString" : "Condition"
      }],
      "reference" : {
        "reference" : "Condition/chest-pain-condition-example-1",
        "display" : "chest-pain-example"
      },
      "name" : "chest-pain-example",
      "description" : "Example of patient chest pain",
      "exampleBoolean" : true,
      "groupingId" : "examples"
    },
    {
      "extension" : [{
        "url" : "http://hl7.org/fhir/tools/StructureDefinition/resource-information",
        "valueString" : "Condition"
      }],
      "reference" : {
        "reference" : "Condition/depression-condition-example-1",
        "display" : "depression-example"
      },
      "name" : "depression-example",
      "description" : "Example of patient depression",
      "exampleBoolean" : true,
      "groupingId" : "examples"
    },
    {
      "extension" : [{
        "url" : "http://hl7.org/fhir/tools/StructureDefinition/resource-information",
        "valueString" : "Condition"
      }],
      "reference" : {
        "reference" : "Condition/diabetes-condition-example-1",
        "display" : "diabetes-example"
      },
      "name" : "diabetes-example",
      "description" : "Example of patient diabetes",
      "exampleBoolean" : true,
      "groupingId" : "examples"
    },
    {
      "extension" : [{
        "url" : "http://hl7.org/fhir/tools/StructureDefinition/resource-information",
        "valueString" : "Condition"
      }],
      "reference" : {
        "reference" : "Condition/grief-condition-example-1",
        "display" : "grief-example"
      },
      "name" : "grief-example",
      "description" : "Example of patient history of grief",
      "exampleBoolean" : true,
      "groupingId" : "examples"
    },
    {
      "extension" : [{
        "url" : "http://hl7.org/fhir/tools/StructureDefinition/resource-information",
        "valueString" : "Condition"
      }],
      "reference" : {
        "reference" : "Condition/substance-abuse-condition-example-1",
        "display" : "substance-abuse-example"
      },
      "name" : "substance-abuse-example",
      "description" : "Example of patient history of substance use",
      "exampleBoolean" : true,
      "groupingId" : "examples"
    },
    {
      "extension" : [{
        "url" : "http://hl7.org/fhir/tools/StructureDefinition/resource-information",
        "valueString" : "Consent"
      }],
      "reference" : {
        "reference" : "Consent/SDOHCC-ConsentInformationDisclosure-example-1",
        "display" : "consent-disclosure-example"
      },
      "name" : "consent-disclosure-example",
      "description" : "Example of patient HIPAA consent form for mental health providers (custodian). The consent (PDF form) content is encoded (base64)",
      "exampleBoolean" : true,
      "groupingId" : "examples"
    },
    {
      "extension" : [{
        "url" : "http://hl7.org/fhir/tools/StructureDefinition/resource-information",
        "valueString" : "Coverage"
      }],
      "reference" : {
        "reference" : "Coverage/medicaid-coverage-example-1",
        "display" : "medicaid-coverage-example"
      },
      "name" : "medicaid-coverage-example",
      "description" : "Example of patient Medicaid coverage",
      "exampleBoolean" : true,
      "groupingId" : "examples"
    },
    {
      "extension" : [{
        "url" : "http://hl7.org/fhir/tools/StructureDefinition/resource-information",
        "valueString" : "Organization"
      }],
      "reference" : {
        "reference" : "Organization/fl-medicaid-example-1",
        "display" : "fl-medicaid-example"
      },
      "name" : "fl-medicaid-example",
      "description" : "Example of Florida Medicaid (organization) - MyACCESS",
      "exampleBoolean" : true,
      "groupingId" : "examples"
    },
    {
      "extension" : [{
        "url" : "http://hl7.org/fhir/tools/StructureDefinition/resource-information",
        "valueString" : "DiagnosticReport"
      }],
      "reference" : {
        "reference" : "DiagnosticReport/ekg-impression-report-example-1",
        "display" : "ekg-report-example"
      },
      "name" : "ekg-report-example",
      "description" : "Example of patient ekg impression",
      "exampleBoolean" : true,
      "groupingId" : "examples"
    },
    {
      "extension" : [{
        "url" : "http://hl7.org/fhir/tools/StructureDefinition/resource-information",
        "valueString" : "DocumentReference"
      }],
      "reference" : {
        "reference" : "DocumentReference/mental-health-discharge-summary-example-1",
        "display" : "mental-health-discharge-example"
      },
      "name" : "mental-health-discharge-example",
      "description" : "Example of a mental health dsicharge summary note. Clinical details of note content are encoded (base64)",
      "exampleBoolean" : true,
      "groupingId" : "examples"
    },
    {
      "extension" : [{
        "url" : "http://hl7.org/fhir/tools/StructureDefinition/resource-information",
        "valueString" : "DocumentReference"
      }],
      "reference" : {
        "reference" : "DocumentReference/mental-health-consult-note-example-1",
        "display" : "mental-health-consult-example"
      },
      "name" : "mental-health-consult-example",
      "description" : "Example of a mental health consult note. Clinical details of note content are encoded (base64)",
      "exampleBoolean" : true,
      "groupingId" : "examples"
    },
    {
      "extension" : [{
        "url" : "http://hl7.org/fhir/tools/StructureDefinition/resource-information",
        "valueString" : "DocumentReference"
      }],
      "reference" : {
        "reference" : "DocumentReference/mental-health-hx-physical-example-1",
        "display" : "mental-health-physical-note-example"
      },
      "name" : "mental-health-physical-note-example",
      "description" : "Example of a mental health history and physical note. Clinical details of note content are encoded (base64)",
      "exampleBoolean" : true,
      "groupingId" : "examples"
    },
    {
      "extension" : [{
        "url" : "http://hl7.org/fhir/tools/StructureDefinition/resource-information",
        "valueString" : "DocumentReference"
      }],
      "reference" : {
        "reference" : "DocumentReference/mental-health-procedure-example-1",
        "display" : "mental-health-procedure-note-example"
      },
      "name" : "mental-health-procedure-note-example",
      "description" : "Example of a mental health procedure note. Clinical details of note content are encoded (base64)",
      "exampleBoolean" : true,
      "groupingId" : "examples"
    },
    {
      "extension" : [{
        "url" : "http://hl7.org/fhir/tools/StructureDefinition/resource-information",
        "valueString" : "DocumentReference"
      }],
      "reference" : {
        "reference" : "DocumentReference/mental-health-progress-example-1",
        "display" : "mental-health-progress-note-example"
      },
      "name" : "mental-health-progress-note-example",
      "description" : "Example of a mental health progress note. Clinical details of note content are encoded (base64)",
      "exampleBoolean" : true,
      "groupingId" : "examples"
    },
    {
      "extension" : [{
        "url" : "http://hl7.org/fhir/tools/StructureDefinition/resource-information",
        "valueString" : "Encounter"
      }],
      "reference" : {
        "reference" : "Encounter/ed-encounter-example-1",
        "display" : "ed-encounter-example"
      },
      "name" : "ed-encounter-example",
      "description" : "Example of patient emergency room encounter",
      "exampleBoolean" : true,
      "groupingId" : "examples"
    },
    {
      "extension" : [{
        "url" : "http://hl7.org/fhir/tools/StructureDefinition/resource-information",
        "valueString" : "Encounter"
      }],
      "reference" : {
        "reference" : "Encounter/obs-encounter-example-2",
        "display" : "obs-encounter-example"
      },
      "name" : "obs-encounter-example",
      "description" : "Example of patient observation encounter",
      "exampleBoolean" : true,
      "groupingId" : "examples"
    },
    {
      "extension" : [{
        "url" : "http://hl7.org/fhir/tools/StructureDefinition/resource-information",
        "valueString" : "Encounter"
      }],
      "reference" : {
        "reference" : "Encounter/discharge-encounter-example-3",
        "display" : "discharge-encounter-example"
      },
      "name" : "discharge-encounter-example",
      "description" : "Example of patient discharge encounter",
      "exampleBoolean" : true,
      "groupingId" : "examples"
    },
    {
      "extension" : [{
        "url" : "http://hl7.org/fhir/tools/StructureDefinition/resource-information",
        "valueString" : "Encounter"
      }],
      "reference" : {
        "reference" : "Encounter/pcp-encounter-example-4",
        "display" : "pcp-encounter-example"
      },
      "name" : "pcp-encounter-example",
      "description" : "Example of patient ambulatory encounter with primary care provider",
      "exampleBoolean" : true,
      "groupingId" : "examples"
    },
    {
      "extension" : [{
        "url" : "http://hl7.org/fhir/tools/StructureDefinition/resource-information",
        "valueString" : "Goal"
      }],
      "reference" : {
        "reference" : "Goal/food-insecurity-example-1",
        "display" : "food-insecurity-example"
      },
      "name" : "food-insecurity-example",
      "description" : "Example of food insecurity (goal)",
      "exampleBoolean" : true,
      "groupingId" : "examples"
    },
    {
      "extension" : [{
        "url" : "http://hl7.org/fhir/tools/StructureDefinition/resource-information",
        "valueString" : "Goal"
      }],
      "reference" : {
        "reference" : "Goal/housing-insecurity-example-1",
        "display" : "housing-insecurity-example"
      },
      "name" : "housing-insecurity-example",
      "description" : "Example of housing insecurity (goal)",
      "exampleBoolean" : true,
      "groupingId" : "examples"
    },
    {
      "extension" : [{
        "url" : "http://hl7.org/fhir/tools/StructureDefinition/resource-information",
        "valueString" : "Goal"
      }],
      "reference" : {
        "reference" : "Goal/transportation-insecurity-example-1",
        "display" : "transportation-insecurity-example"
      },
      "name" : "transportation-insecurity-example",
      "description" : "Example of transportation insecurity (goal)",
      "exampleBoolean" : true,
      "groupingId" : "examples"
    },
    {
      "extension" : [{
        "url" : "http://hl7.org/fhir/tools/StructureDefinition/resource-information",
        "valueString" : "Goal"
      }],
      "reference" : {
        "reference" : "Goal/social-connection-example-1",
        "display" : "social-connection-example"
      },
      "name" : "social-connection-example",
      "description" : "Example of an improving patient goal improve toward adequate social participation",
      "exampleBoolean" : true,
      "groupingId" : "examples"
    },
    {
      "extension" : [{
        "url" : "http://hl7.org/fhir/tools/StructureDefinition/resource-information",
        "valueString" : "Immunization"
      }],
      "reference" : {
        "reference" : "Immunization/flu-vaccine-example-1",
        "display" : "flu-vaccine-example"
      },
      "name" : "flu-vaccine-example",
      "description" : "Example of patient flu vaccine (immunization)",
      "exampleBoolean" : true,
      "groupingId" : "examples"
    },
    {
      "extension" : [{
        "url" : "http://hl7.org/fhir/tools/StructureDefinition/resource-information",
        "valueString" : "Location"
      }],
      "reference" : {
        "reference" : "Location/ed-location-example-1",
        "display" : "ed-location-example"
      },
      "name" : "ed-location-example",
      "description" : "Example of emergency dept. location",
      "exampleBoolean" : true,
      "groupingId" : "examples"
    },
    {
      "extension" : [{
        "url" : "http://hl7.org/fhir/tools/StructureDefinition/resource-information",
        "valueString" : "Location"
      }],
      "reference" : {
        "reference" : "Location/obs-location-example-1",
        "display" : "obs-location-example"
      },
      "name" : "obs-location-example",
      "description" : "Example of patient observation",
      "exampleBoolean" : true,
      "groupingId" : "examples"
    },
    {
      "extension" : [{
        "url" : "http://hl7.org/fhir/tools/StructureDefinition/resource-information",
        "valueString" : "Medication"
      }],
      "reference" : {
        "reference" : "Medication/benzo-medication-example-1",
        "display" : "benzo-medication-example"
      },
      "name" : "benzo-medication-example",
      "description" : "Example of patient benzo medication",
      "exampleBoolean" : true,
      "groupingId" : "examples"
    },
    {
      "extension" : [{
        "url" : "http://hl7.org/fhir/tools/StructureDefinition/resource-information",
        "valueString" : "MedicationDispense"
      }],
      "reference" : {
        "reference" : "MedicationDispense/bupropion-dispense-example-1",
        "display" : "bupropion-dispense-example"
      },
      "name" : "bupropion-dispense-example",
      "description" : "Example of patient bupropion dispensed from a community health center pharmacy",
      "exampleBoolean" : true,
      "groupingId" : "examples"
    },
    {
      "extension" : [{
        "url" : "http://hl7.org/fhir/tools/StructureDefinition/resource-information",
        "valueString" : "MedicationRequest"
      }],
      "reference" : {
        "reference" : "MedicationRequest/benzo-order-example-1",
        "display" : "benzo-order-example"
      },
      "name" : "benzo-order-example",
      "description" : "Example of patient benzo medication order from ED setting",
      "exampleBoolean" : true,
      "groupingId" : "examples"
    },
    {
      "extension" : [{
        "url" : "http://hl7.org/fhir/tools/StructureDefinition/resource-information",
        "valueString" : "MedicationRequest"
      }],
      "reference" : {
        "reference" : "MedicationRequest/metformin-discharge-med-example-1",
        "display" : "metformin-discharge-example"
      },
      "name" : "metformin-discharge-example",
      "description" : "Example of discharge medication order of metformin",
      "exampleBoolean" : true,
      "groupingId" : "examples"
    },
    {
      "extension" : [{
        "url" : "http://hl7.org/fhir/tools/StructureDefinition/resource-information",
        "valueString" : "MedicationRequest"
      }],
      "reference" : {
        "reference" : "MedicationRequest/ativan-discharge-med-example-1",
        "display" : "ativan-discharge-example"
      },
      "name" : "ativan-discharge-example",
      "description" : "Example of discharge medication order of ativan",
      "exampleBoolean" : true,
      "groupingId" : "examples"
    },
    {
      "extension" : [{
        "url" : "http://hl7.org/fhir/tools/StructureDefinition/resource-information",
        "valueString" : "MedicationRequest"
      }],
      "reference" : {
        "reference" : "MedicationRequest/paroxetine-discharge-med-example-1",
        "display" : "paroxetine-discharge-example"
      },
      "name" : "paroxetine-discharge-example",
      "description" : "Example of discharge medication order of paroxetine. This example includes a US Core 7.0.0 MedicationAdherence extension",
      "exampleBoolean" : true,
      "groupingId" : "examples"
    },
    {
      "extension" : [{
        "url" : "http://hl7.org/fhir/tools/StructureDefinition/resource-information",
        "valueString" : "MedicationRequest"
      }],
      "reference" : {
        "reference" : "MedicationRequest/bupropion-discharge-med-example-1",
        "display" : "bupropion-discharge-example"
      },
      "name" : "bupropion-discharge-example",
      "description" : "Example of discharge medication order of bupropion",
      "exampleBoolean" : true,
      "groupingId" : "examples"
    },
    {
      "extension" : [{
        "url" : "http://hl7.org/fhir/tools/StructureDefinition/resource-information",
        "valueString" : "Observation"
      }],
      "reference" : {
        "reference" : "Observation/bh-grant-info-observation-example-1",
        "display" : "bh-grant-info-obs-example"
      },
      "name" : "bh-grant-info-obs-example",
      "description" : "Example of patient observation",
      "exampleBoolean" : true,
      "groupingId" : "examples"
    },
    {
      "extension" : [{
        "url" : "http://hl7.org/fhir/tools/StructureDefinition/resource-information",
        "valueString" : "Observation"
      }],
      "reference" : {
        "reference" : "Observation/average-blood-pressure-example-1",
        "display" : "average-bp-example"
      },
      "name" : "average-bp-example",
      "description" : "Example of patient average blood pressure",
      "exampleBoolean" : true,
      "groupingId" : "examples"
    },
    {
      "extension" : [{
        "url" : "http://hl7.org/fhir/tools/StructureDefinition/resource-information",
        "valueString" : "Observation"
      }],
      "reference" : {
        "reference" : "Observation/ekg-observation-example-1",
        "display" : "ekg-obs-example"
      },
      "name" : "ekg-obs-example",
      "description" : "Example of patient ekg test result",
      "exampleBoolean" : true,
      "groupingId" : "examples"
    },
    {
      "extension" : [{
        "url" : "http://hl7.org/fhir/tools/StructureDefinition/resource-information",
        "valueString" : "Observation"
      }],
      "reference" : {
        "reference" : "Observation/no-morphine-preference-observation-example-1",
        "display" : "no-morphine-preference-obs-example"
      },
      "name" : "no-morphine-preference-obs-example",
      "description" : "Example of patient treatment preference for no morphine",
      "exampleBoolean" : true,
      "groupingId" : "examples"
    },
    {
      "extension" : [{
        "url" : "http://hl7.org/fhir/tools/StructureDefinition/resource-information",
        "valueString" : "Observation"
      }],
      "reference" : {
        "reference" : "Observation/non-smoker-example-1",
        "display" : "non-smoker-example"
      },
      "name" : "non-smoker-example",
      "description" : "Example of patient smoking status",
      "exampleBoolean" : true,
      "groupingId" : "examples"
    },
    {
      "extension" : [{
        "url" : "http://hl7.org/fhir/tools/StructureDefinition/resource-information",
        "valueString" : "Observation"
      }],
      "reference" : {
        "reference" : "Observation/provider-preference-observation-example-2",
        "display" : "provider-preference-obs-example"
      },
      "name" : "provider-preference-obs-example",
      "description" : "Example of patient preference for healthcare professiona",
      "exampleBoolean" : true,
      "groupingId" : "examples"
    },
    {
      "extension" : [{
        "url" : "http://hl7.org/fhir/tools/StructureDefinition/resource-information",
        "valueString" : "QuestionnaireResponse"
      }],
      "reference" : {
        "reference" : "QuestionnaireResponse/barthel-index-functional-status-example-1",
        "display" : "barthel-index-example"
      },
      "name" : "barthel-index-example",
      "description" : "Example of patient barthel index functional status (panel)",
      "exampleBoolean" : true,
      "groupingId" : "examples"
    },
    {
      "extension" : [{
        "url" : "http://hl7.org/fhir/tools/StructureDefinition/resource-information",
        "valueString" : "Observation"
      }],
      "reference" : {
        "reference" : "Observation/cognitive-status-observation-example-3",
        "display" : "Mini Mental State Examination [MMSE]"
      },
      "name" : "Mini-Mental State Examination [MMSE]",
      "description" : "Example of a mental/cognitive health status assessment/screening",
      "exampleBoolean" : true,
      "groupingId" : "examples"
    },
    {
      "extension" : [{
        "url" : "http://hl7.org/fhir/tools/StructureDefinition/resource-information",
        "valueString" : "Observation"
      }],
      "reference" : {
        "reference" : "Observation/disability-status-observation-example-1",
        "display" : "Comprehensive Universal Behavior Health Screen (CUBS)©"
      },
      "name" : "Comprehensive Universal Behavior Health Screen (CUBS)©",
      "description" : "Example of disability status health status assessment/screening",
      "exampleBoolean" : true,
      "groupingId" : "examples"
    },
    {
      "extension" : [{
        "url" : "http://hl7.org/fhir/tools/StructureDefinition/resource-information",
        "valueString" : "Observation"
      }],
      "reference" : {
        "reference" : "Observation/pregnancy-status-example-1",
        "display" : "pregnancy-example"
      },
      "name" : "pregnancy-example",
      "description" : "Example of patient pregnancy status",
      "exampleBoolean" : true,
      "groupingId" : "examples"
    },
    {
      "extension" : [{
        "url" : "http://hl7.org/fhir/tools/StructureDefinition/resource-information",
        "valueString" : "Observation"
      }],
      "reference" : {
        "reference" : "Observation/temperature-example-1",
        "display" : "temperature-example"
      },
      "name" : "temperature-example",
      "description" : "Example of patient body temperature",
      "exampleBoolean" : true,
      "groupingId" : "examples"
    },
    {
      "extension" : [{
        "url" : "http://hl7.org/fhir/tools/StructureDefinition/resource-information",
        "valueString" : "Observation"
      }],
      "reference" : {
        "reference" : "Observation/height-example-1",
        "display" : "height-example"
      },
      "name" : "height-example",
      "description" : "Example of patient body height",
      "exampleBoolean" : true,
      "groupingId" : "examples"
    },
    {
      "extension" : [{
        "url" : "http://hl7.org/fhir/tools/StructureDefinition/resource-information",
        "valueString" : "Observation"
      }],
      "reference" : {
        "reference" : "Observation/blood-pressure-example-1",
        "display" : "blood-pressure-example"
      },
      "name" : "blood-pressure-example",
      "description" : "Example of patient systolic and diastolic blood pressure measurements",
      "exampleBoolean" : true,
      "groupingId" : "examples"
    },
    {
      "extension" : [{
        "url" : "http://hl7.org/fhir/tools/StructureDefinition/resource-information",
        "valueString" : "Observation"
      }],
      "reference" : {
        "reference" : "Observation/heart-rate-example-1",
        "display" : "heart-rate-example"
      },
      "name" : "heart-rate-example",
      "description" : "Example of patient heart rate",
      "exampleBoolean" : true,
      "groupingId" : "examples"
    },
    {
      "extension" : [{
        "url" : "http://hl7.org/fhir/tools/StructureDefinition/resource-information",
        "valueString" : "Observation"
      }],
      "reference" : {
        "reference" : "Observation/oxygen-saturation-example-1",
        "display" : "oxygen-saturation-example"
      },
      "name" : "oxygen-saturation-example",
      "description" : "Example of patient oxygen saturation",
      "exampleBoolean" : true,
      "groupingId" : "examples"
    },
    {
      "extension" : [{
        "url" : "http://hl7.org/fhir/tools/StructureDefinition/resource-information",
        "valueString" : "Observation"
      }],
      "reference" : {
        "reference" : "Observation/respiratory-rate-example-1",
        "display" : "respiratory-rate-example"
      },
      "name" : "respiratory-rate-example",
      "description" : "Example of patient respiratory rate",
      "exampleBoolean" : true,
      "groupingId" : "examples"
    },
    {
      "extension" : [{
        "url" : "http://hl7.org/fhir/tools/StructureDefinition/resource-information",
        "valueString" : "Observation"
      }],
      "reference" : {
        "reference" : "Observation/weight-example-1",
        "display" : "weight-example"
      },
      "name" : "weight-example",
      "description" : "Example of patient's weight",
      "exampleBoolean" : true,
      "groupingId" : "examples"
    },
    {
      "extension" : [{
        "url" : "http://hl7.org/fhir/tools/StructureDefinition/resource-information",
        "valueString" : "Observation"
      }],
      "reference" : {
        "reference" : "Observation/anxiety-assessment-observation-example-1",
        "display" : "anxiety-assessment-obs-example"
      },
      "name" : "anxiety-assessment-obs-example",
      "description" : "Example of patient anxiety assessment/screening",
      "exampleBoolean" : true,
      "groupingId" : "examples"
    },
    {
      "extension" : [{
        "url" : "http://hl7.org/fhir/tools/StructureDefinition/resource-information",
        "valueString" : "Observation"
      }],
      "reference" : {
        "reference" : "Observation/hemoglobin-a1c-example-1",
        "display" : "hemoglobin-a1c-example"
      },
      "name" : "hemoglobin-a1c-example",
      "description" : "Example of Hemoglobin A1c test result",
      "exampleBoolean" : true,
      "groupingId" : "examples"
    },
    {
      "extension" : [{
        "url" : "http://hl7.org/fhir/tools/StructureDefinition/resource-information",
        "valueString" : "Organization"
      }],
      "reference" : {
        "reference" : "Organization/mh-provider-example-1",
        "display" : "mh-provider-example"
      },
      "name" : "mh-provider-example",
      "description" : "Example of patient mental health provider",
      "exampleBoolean" : true,
      "groupingId" : "examples"
    },
    {
      "extension" : [{
        "url" : "http://hl7.org/fhir/tools/StructureDefinition/resource-information",
        "valueString" : "QuestionnaireResponse"
      }],
      "reference" : {
        "reference" : "QuestionnaireResponse/BHP-QuestionnaireResponsePRAPAREExample-1",
        "display" : "prapare-questionnaireresponse-example"
      },
      "name" : "prapare-questionnaireresponse-example",
      "description" : "Example of SDOH assessment/screening",
      "exampleBoolean" : true,
      "groupingId" : "examples"
    },
    {
      "extension" : [{
        "url" : "http://hl7.org/fhir/tools/StructureDefinition/resource-information",
        "valueString" : "QuestionnaireResponse"
      }],
      "reference" : {
        "reference" : "QuestionnaireResponse/phq-9-example-1",
        "display" : "Patient Health Questionnaire-9 (PHQ-9)"
      },
      "name" : "Patient Health Questionnaire-9 (PHQ-9)",
      "description" : "Example of a depression assessment/screening",
      "exampleBoolean" : true,
      "groupingId" : "examples"
    },
    {
      "extension" : [{
        "url" : "http://hl7.org/fhir/tools/StructureDefinition/resource-information",
        "valueString" : "QuestionnaireResponse"
      }],
      "reference" : {
        "reference" : "QuestionnaireResponse/C-SSRS-example-1",
        "display" : "Columbia-Suicide Severity Rating Scale (C-SSRS)"
      },
      "name" : "Columbia-Suicide Severity Rating Scale (C-SSRS)",
      "description" : "Example of suicide risk assessment/screening",
      "exampleBoolean" : true,
      "groupingId" : "examples"
    },
    {
      "extension" : [{
        "url" : "http://hl7.org/fhir/tools/StructureDefinition/resource-information",
        "valueString" : "QuestionnaireResponse"
      }],
      "reference" : {
        "reference" : "QuestionnaireResponse/hark-example-1",
        "display" : "Humiliation, Afraid, Rape, and Kick questionnaire (HARK)"
      },
      "name" : "Humiliation, Afraid, Rape, and Kick questionnaire (HARK)",
      "description" : "Example of interpersonal violence assessment/screening",
      "exampleBoolean" : true,
      "groupingId" : "examples"
    },
    {
      "extension" : [{
        "url" : "http://hl7.org/fhir/tools/StructureDefinition/resource-information",
        "valueString" : "QuestionnaireResponse"
      }],
      "reference" : {
        "reference" : "QuestionnaireResponse/ace-example-1",
        "display" : "Adverse Childhood Experiences (ACEs) Assessment"
      },
      "name" : "Adverse Childhood Experiences (ACEs) Assessment",
      "description" : "Example of a mental trauma or PTSD assessment/screening",
      "exampleBoolean" : true,
      "groupingId" : "examples"
    },
    {
      "extension" : [{
        "url" : "http://hl7.org/fhir/tools/StructureDefinition/resource-information",
        "valueString" : "RelatedPerson"
      }],
      "reference" : {
        "reference" : "RelatedPerson/adult-child-relatedperson-example-1",
        "display" : "adult-child-relatedperson-example"
      },
      "name" : "adult-child-relatedperson-example",
      "description" : "Example of patient related person",
      "exampleBoolean" : true,
      "groupingId" : "examples"
    },
    {
      "extension" : [{
        "url" : "http://hl7.org/fhir/tools/StructureDefinition/resource-information",
        "valueString" : "QuestionnaireResponse"
      }],
      "reference" : {
        "reference" : "QuestionnaireResponse/alcohol-use-identification-test-1",
        "display" : "Alcohol Use Disorder Identification Test - Consumption (AUDIT-C)"
      },
      "name" : "Alcohol Use Disorder Identification Test - Consumption [AUDIT-C]",
      "description" : "Example of patient alcohol abuse health status assessment/screening",
      "exampleBoolean" : true,
      "groupingId" : "examples"
    },
    {
      "extension" : [{
        "url" : "http://hl7.org/fhir/tools/StructureDefinition/resource-information",
        "valueString" : "ServiceRequest"
      }],
      "reference" : {
        "reference" : "ServiceRequest/ServiceRequest-peer-mentoring-example-1",
        "display" : "sdoh-referral-example"
      },
      "name" : "sdoh-referral-example",
      "description" : "Example of patient referral to a peer coaching program",
      "exampleBoolean" : true,
      "groupingId" : "examples"
    },
    {
      "extension" : [{
        "url" : "http://hl7.org/fhir/tools/StructureDefinition/resource-information",
        "valueString" : "Procedure"
      }],
      "reference" : {
        "reference" : "Procedure/bh-prevention-education-program-example-1",
        "display" : "bh-prevention-edu-example"
      },
      "name" : "bh-prevention-edu-example",
      "description" : "Example of education service provided to patient",
      "exampleBoolean" : true,
      "groupingId" : "examples"
    },
    {
      "extension" : [{
        "url" : "http://hl7.org/fhir/tools/StructureDefinition/resource-information",
        "valueString" : "Procedure"
      }],
      "reference" : {
        "reference" : "Procedure/alcohol-prevetion-education-example-1",
        "display" : "alcohol-prevention-edu-example"
      },
      "name" : "alcohol-prevention-edu-example",
      "description" : "Example of patient alcohol cessation education",
      "exampleBoolean" : true,
      "groupingId" : "examples"
    },
    {
      "extension" : [{
        "url" : "http://hl7.org/fhir/tools/StructureDefinition/resource-information",
        "valueString" : "Procedure"
      }],
      "reference" : {
        "reference" : "Procedure/harm-reduction-example-1",
        "display" : "harm-reduction-activities-example"
      },
      "name" : "harm-reduction-activities-example",
      "description" : "Example of patient harm reduction program",
      "exampleBoolean" : true,
      "groupingId" : "examples"
    }],
    "page" : {
      "extension" : [{
        "url" : "http://hl7.org/fhir/tools/StructureDefinition/ig-page-name",
        "valueUrl" : "index.html"
      }],
      "nameUrl" : "index.html",
      "title" : "Home Page",
      "generation" : "markdown",
      "page" : [{
        "extension" : [{
          "url" : "http://hl7.org/fhir/tools/StructureDefinition/ig-page-name",
          "valueUrl" : "uscdi_bh_elements.html"
        }],
        "nameUrl" : "uscdi_bh_elements.html",
        "title" : "USCDI+ BH Elements",
        "generation" : "markdown"
      },
      {
        "extension" : [{
          "url" : "http://hl7.org/fhir/tools/StructureDefinition/ig-page-name",
          "valueUrl" : "summary_story.html"
        }],
        "nameUrl" : "summary_story.html",
        "title" : "Summary Story",
        "generation" : "markdown"
      },
      {
        "extension" : [{
          "url" : "http://hl7.org/fhir/tools/StructureDefinition/ig-page-name",
          "valueUrl" : "full_story.html"
        }],
        "nameUrl" : "full_story.html",
        "title" : "Full Use Case Story",
        "generation" : "markdown"
      },
      {
        "extension" : [{
          "url" : "http://hl7.org/fhir/tools/StructureDefinition/ig-page-name",
          "valueUrl" : "quick_facts.html"
        }],
        "nameUrl" : "quick_facts.html",
        "title" : "Quick Facts",
        "generation" : "markdown"
      },
      {
        "extension" : [{
          "url" : "http://hl7.org/fhir/tools/StructureDefinition/ig-page-name",
          "valueUrl" : "bh_to_fhir_examples.html"
        }],
        "nameUrl" : "bh_to_fhir_examples.html",
        "title" : "+BH to FHIR Examples",
        "generation" : "markdown"
      },
      {
        "extension" : [{
          "url" : "http://hl7.org/fhir/tools/StructureDefinition/ig-page-name",
          "valueUrl" : "bh_to_fhir_profiles.html"
        }],
        "nameUrl" : "bh_to_fhir_profiles.html",
        "title" : "+BH to FHIR Profile",
        "generation" : "markdown"
      },
      {
        "extension" : [{
          "url" : "http://hl7.org/fhir/tools/StructureDefinition/ig-page-name",
          "valueUrl" : "change_log.html"
        }],
        "nameUrl" : "change_log.html",
        "title" : "Change Log",
        "generation" : "markdown"
      },
      {
        "extension" : [{
          "url" : "http://hl7.org/fhir/tools/StructureDefinition/ig-page-name",
          "valueUrl" : "downloads.html"
        }],
        "nameUrl" : "downloads.html",
        "title" : "Downloads",
        "generation" : "markdown"
      },
      {
        "extension" : [{
          "url" : "http://hl7.org/fhir/tools/StructureDefinition/ig-page-name",
          "valueUrl" : "license.html"
        }],
        "nameUrl" : "license.html",
        "title" : "License",
        "generation" : "markdown"
      }]
    },
    "parameter" : [{
      "code" : "path-resource",
      "value" : "input/capabilities"
    },
    {
      "code" : "path-resource",
      "value" : "input/examples"
    },
    {
      "code" : "path-resource",
      "value" : "input/extensions"
    },
    {
      "code" : "path-resource",
      "value" : "input/models"
    },
    {
      "code" : "path-resource",
      "value" : "input/operations"
    },
    {
      "code" : "path-resource",
      "value" : "input/profiles"
    },
    {
      "code" : "path-resource",
      "value" : "input/resources"
    },
    {
      "code" : "path-resource",
      "value" : "input/vocabulary"
    },
    {
      "code" : "path-resource",
      "value" : "input/maps"
    },
    {
      "code" : "path-resource",
      "value" : "input/testing"
    },
    {
      "code" : "path-resource",
      "value" : "input/history"
    },
    {
      "code" : "path-resource",
      "value" : "fsh-generated/resources"
    },
    {
      "code" : "path-pages",
      "value" : "template/config"
    },
    {
      "code" : "path-pages",
      "value" : "input/images"
    },
    {
      "code" : "path-tx-cache",
      "value" : "input-cache/txcache"
    }]
  }
}