<?xml version="1.0" encoding="UTF-8"?>

<ImplementationGuide xmlns="http://hl7.org/fhir">
  <id value="fhir.astp.bhp"/>
  <text>
    <status value="generated"/><div xmlns="http://www.w3.org/1999/xhtml"><p class="res-header-id"><b>Generated Narrative: ImplementationGuide fhir.astp.bhp</b></p><a name="fhir.astp.bhp"> </a><a name="hcfhir.astp.bhp"> </a><h2>USBehavioralHealthProfiles</h2><p>The official URL for this implementation guide is: </p><pre>http://fhir.org/guides/astp/bhp/ImplementationGuide/fhir.astp.bhp</pre></div>
  </text>
  <url value="http://fhir.org/guides/astp/bhp/ImplementationGuide/fhir.astp.bhp"/>
  <version value="0.1.0"/>
  <name value="USBehavioralHealthProfiles"/>
  <title value="US Behavioral Health Profiles Implementation Guide"/>
  <status value="active"/>
  <date value="2025-08-18T22:03:45+10:00"/>
  <publisher value="ASTP / BHIT"/>
  <contact>
    <telecom>
      <system value="url"/>
      <value value="https://www.healthit.gov/"/>
    </telecom>
  </contact>
  <jurisdiction>
    <coding>
      <system value="urn:iso:std:iso:3166"/>
      <code value="US"/>
      <display value="United States of America"/>
    </coding>
    <text value="USA"/>
  </jurisdiction>
  <packageId value="fhir.astp.bhp"/>
  <license value="CC0-1.0"/>
  <fhirVersion value="4.0.1"/>
  <dependsOn id="hl7tx">
    <extension url="http://hl7.org/fhir/tools/StructureDefinition/implementationguide-dependency-comment">
      <valueMarkdown value="Automatically added as a dependency - all IGs depend on HL7 Terminology"/>
    </extension>
    <uri value="http://terminology.hl7.org/ImplementationGuide/hl7.terminology"/>
    <packageId value="hl7.terminology.r4"/>
    <version value="6.5.0"/>
  </dependsOn>
  <dependsOn id="hl7ext">
    <extension url="http://hl7.org/fhir/tools/StructureDefinition/implementationguide-dependency-comment">
      <valueMarkdown value="Automatically added as a dependency - all IGs depend on the HL7 Extension Pack"/>
    </extension>
    <uri value="http://hl7.org/fhir/extensions/ImplementationGuide/hl7.fhir.uv.extensions"/>
    <packageId value="hl7.fhir.uv.extensions.r4"/>
    <version value="5.2.0"/>
  </dependsOn>
  <dependsOn id="hl7fhiruscore">
    <uri value="http://hl7.org/fhir/us/core/ImplementationGuide/hl7.fhir.us.core#6.1.0"/>
    <packageId value="hl7.fhir.us.core"/>
    <version value="6.1.0"/>
  </dependsOn>
  <dependsOn id="hl7fhirussdohcc">
    <uri value="http://hl7.org/fhir/us/sdoh-clinicalcare/ImplementationGuide/hl7.fhir.us.sdoh-clinicalcare#2.3.0"/>
    <packageId value="hl7.fhir.us.sdoh-clinicalcare"/>
    <version value="2.3.0"/>
  </dependsOn>
  <dependsOn id="militaryservice">
    <uri value="http://hl7.org/fhir/us/military-service/ImplementationGuide/hl7.fhir.us.military-service#1.0.0"/>
    <packageId value="hl7.fhir.us.military-service"/>
    <version value="1.0.0"/>
  </dependsOn>
  <definition>
    <extension url="http://hl7.org/fhir/tools/StructureDefinition/ig-parameter">
      <extension url="code">
        <valueString value="apply-jurisdiction"/>
      </extension>
      <extension url="value">
        <valueString value="false"/>
      </extension>
    </extension>
    <extension url="http://hl7.org/fhir/tools/StructureDefinition/ig-parameter">
      <extension url="code">
        <valueString value="path-expansion-params"/>
      </extension>
      <extension url="value">
        <valueString value="resources/parameters/expansion-parameters-bhir.xml"/>
      </extension>
    </extension>
    <extension url="http://hl7.org/fhir/tools/StructureDefinition/ig-parameter">
      <extension url="code">
        <valueString value="copyrightyear"/>
      </extension>
      <extension url="value">
        <valueString value="2020+"/>
      </extension>
    </extension>
    <extension url="http://hl7.org/fhir/tools/StructureDefinition/ig-parameter">
      <extension url="code">
        <valueString value="releaselabel"/>
      </extension>
      <extension url="value">
        <valueString value="CI Build"/>
      </extension>
    </extension>
    <extension url="http://hl7.org/fhir/tools/StructureDefinition/ig-parameter">
      <extension url="code">
        <valueString value="pin-canonicals"/>
      </extension>
      <extension url="value">
        <valueString value="pin-multiples"/>
      </extension>
    </extension>
    <extension url="http://hl7.org/fhir/tools/StructureDefinition/ig-parameter">
      <extension url="code">
        <valueString value="autoload-resources"/>
      </extension>
      <extension url="value">
        <valueString value="true"/>
      </extension>
    </extension>
    <extension url="http://hl7.org/fhir/tools/StructureDefinition/ig-parameter">
      <extension url="code">
        <valueString value="path-liquid"/>
      </extension>
      <extension url="value">
        <valueString value="template/liquid"/>
      </extension>
    </extension>
    <extension url="http://hl7.org/fhir/tools/StructureDefinition/ig-parameter">
      <extension url="code">
        <valueString value="path-liquid"/>
      </extension>
      <extension url="value">
        <valueString value="input/liquid"/>
      </extension>
    </extension>
    <extension url="http://hl7.org/fhir/tools/StructureDefinition/ig-parameter">
      <extension url="code">
        <valueString value="path-qa"/>
      </extension>
      <extension url="value">
        <valueString value="temp/qa"/>
      </extension>
    </extension>
    <extension url="http://hl7.org/fhir/tools/StructureDefinition/ig-parameter">
      <extension url="code">
        <valueString value="path-temp"/>
      </extension>
      <extension url="value">
        <valueString value="temp/pages"/>
      </extension>
    </extension>
    <extension url="http://hl7.org/fhir/tools/StructureDefinition/ig-parameter">
      <extension url="code">
        <valueString value="path-output"/>
      </extension>
      <extension url="value">
        <valueString value="output"/>
      </extension>
    </extension>
    <extension url="http://hl7.org/fhir/tools/StructureDefinition/ig-parameter">
      <extension url="code">
        <valueString value="path-suppressed-warnings"/>
      </extension>
      <extension url="value">
        <valueString value="input/ignoreWarnings.txt"/>
      </extension>
    </extension>
    <extension url="http://hl7.org/fhir/tools/StructureDefinition/ig-parameter">
      <extension url="code">
        <valueString value="path-history"/>
      </extension>
      <extension url="value">
        <valueString value="http://fhir.org/guides/astp/bhp/history.html"/>
      </extension>
    </extension>
    <extension url="http://hl7.org/fhir/tools/StructureDefinition/ig-parameter">
      <extension url="code">
        <valueString value="template-html"/>
      </extension>
      <extension url="value">
        <valueString value="template-page.html"/>
      </extension>
    </extension>
    <extension url="http://hl7.org/fhir/tools/StructureDefinition/ig-parameter">
      <extension url="code">
        <valueString value="template-md"/>
      </extension>
      <extension url="value">
        <valueString value="template-page-md.html"/>
      </extension>
    </extension>
    <extension url="http://hl7.org/fhir/tools/StructureDefinition/ig-parameter">
      <extension url="code">
        <valueString value="apply-contact"/>
      </extension>
      <extension url="value">
        <valueString value="true"/>
      </extension>
    </extension>
    <extension url="http://hl7.org/fhir/tools/StructureDefinition/ig-parameter">
      <extension url="code">
        <valueString value="apply-context"/>
      </extension>
      <extension url="value">
        <valueString value="true"/>
      </extension>
    </extension>
    <extension url="http://hl7.org/fhir/tools/StructureDefinition/ig-parameter">
      <extension url="code">
        <valueString value="apply-copyright"/>
      </extension>
      <extension url="value">
        <valueString value="true"/>
      </extension>
    </extension>
    <extension url="http://hl7.org/fhir/tools/StructureDefinition/ig-parameter">
      <extension url="code">
        <valueString value="apply-license"/>
      </extension>
      <extension url="value">
        <valueString value="true"/>
      </extension>
    </extension>
    <extension url="http://hl7.org/fhir/tools/StructureDefinition/ig-parameter">
      <extension url="code">
        <valueString value="apply-publisher"/>
      </extension>
      <extension url="value">
        <valueString value="true"/>
      </extension>
    </extension>
    <extension url="http://hl7.org/fhir/tools/StructureDefinition/ig-parameter">
      <extension url="code">
        <valueString value="apply-version"/>
      </extension>
      <extension url="value">
        <valueString value="true"/>
      </extension>
    </extension>
    <extension url="http://hl7.org/fhir/tools/StructureDefinition/ig-parameter">
      <extension url="code">
        <valueString value="apply-wg"/>
      </extension>
      <extension url="value">
        <valueString value="true"/>
      </extension>
    </extension>
    <extension url="http://hl7.org/fhir/tools/StructureDefinition/ig-parameter">
      <extension url="code">
        <valueString value="active-tables"/>
      </extension>
      <extension url="value">
        <valueString value="true"/>
      </extension>
    </extension>
    <extension url="http://hl7.org/fhir/tools/StructureDefinition/ig-parameter">
      <extension url="code">
        <valueString value="fmm-definition"/>
      </extension>
      <extension url="value">
        <valueString value="http://hl7.org/fhir/versions.html#maturity"/>
      </extension>
    </extension>
    <extension url="http://hl7.org/fhir/tools/StructureDefinition/ig-parameter">
      <extension url="code">
        <valueString value="propagate-status"/>
      </extension>
      <extension url="value">
        <valueString value="true"/>
      </extension>
    </extension>
    <extension url="http://hl7.org/fhir/tools/StructureDefinition/ig-parameter">
      <extension url="code">
        <valueString value="excludelogbinaryformat"/>
      </extension>
      <extension url="value">
        <valueString value="true"/>
      </extension>
    </extension>
    <extension url="http://hl7.org/fhir/tools/StructureDefinition/ig-parameter">
      <extension url="code">
        <valueString value="tabbed-snapshots"/>
      </extension>
      <extension url="value">
        <valueString value="true"/>
      </extension>
    </extension>
    <extension url="http://hl7.org/fhir/tools/StructureDefinition/ig-internal-dependency">
      <valueCode value="hl7.fhir.uv.tools.r4#0.7.1"/>
    </extension>
    <extension url="http://hl7.org/fhir/tools/StructureDefinition/ig-parameter">
      <extension url="code">
        <valueCode value="apply-jurisdiction"/>
      </extension>
      <extension url="value">
        <valueString value="false"/>
      </extension>
    </extension>
    <extension url="http://hl7.org/fhir/tools/StructureDefinition/ig-parameter">
      <extension url="code">
        <valueCode value="path-expansion-params"/>
      </extension>
      <extension url="value">
        <valueString value="resources/parameters/expansion-parameters-bhir.xml"/>
      </extension>
    </extension>
    <extension url="http://hl7.org/fhir/tools/StructureDefinition/ig-parameter">
      <extension url="code">
        <valueCode value="copyrightyear"/>
      </extension>
      <extension url="value">
        <valueString value="2020+"/>
      </extension>
    </extension>
    <extension url="http://hl7.org/fhir/tools/StructureDefinition/ig-parameter">
      <extension url="code">
        <valueCode value="releaselabel"/>
      </extension>
      <extension url="value">
        <valueString value="CI Build"/>
      </extension>
    </extension>
    <extension url="http://hl7.org/fhir/tools/StructureDefinition/ig-parameter">
      <extension url="code">
        <valueCode value="pin-canonicals"/>
      </extension>
      <extension url="value">
        <valueString value="pin-multiples"/>
      </extension>
    </extension>
    <extension url="http://hl7.org/fhir/tools/StructureDefinition/ig-parameter">
      <extension url="code">
        <valueCode value="autoload-resources"/>
      </extension>
      <extension url="value">
        <valueString value="true"/>
      </extension>
    </extension>
    <extension url="http://hl7.org/fhir/tools/StructureDefinition/ig-parameter">
      <extension url="code">
        <valueCode value="path-liquid"/>
      </extension>
      <extension url="value">
        <valueString value="template/liquid"/>
      </extension>
    </extension>
    <extension url="http://hl7.org/fhir/tools/StructureDefinition/ig-parameter">
      <extension url="code">
        <valueCode value="path-liquid"/>
      </extension>
      <extension url="value">
        <valueString value="input/liquid"/>
      </extension>
    </extension>
    <extension url="http://hl7.org/fhir/tools/StructureDefinition/ig-parameter">
      <extension url="code">
        <valueCode value="path-qa"/>
      </extension>
      <extension url="value">
        <valueString value="temp/qa"/>
      </extension>
    </extension>
    <extension url="http://hl7.org/fhir/tools/StructureDefinition/ig-parameter">
      <extension url="code">
        <valueCode value="path-temp"/>
      </extension>
      <extension url="value">
        <valueString value="temp/pages"/>
      </extension>
    </extension>
    <extension url="http://hl7.org/fhir/tools/StructureDefinition/ig-parameter">
      <extension url="code">
        <valueCode value="path-output"/>
      </extension>
      <extension url="value">
        <valueString value="output"/>
      </extension>
    </extension>
    <extension url="http://hl7.org/fhir/tools/StructureDefinition/ig-parameter">
      <extension url="code">
        <valueCode value="path-suppressed-warnings"/>
      </extension>
      <extension url="value">
        <valueString value="input/ignoreWarnings.txt"/>
      </extension>
    </extension>
    <extension url="http://hl7.org/fhir/tools/StructureDefinition/ig-parameter">
      <extension url="code">
        <valueCode value="path-history"/>
      </extension>
      <extension url="value">
        <valueString value="http://fhir.org/guides/astp/bhp/history.html"/>
      </extension>
    </extension>
    <extension url="http://hl7.org/fhir/tools/StructureDefinition/ig-parameter">
      <extension url="code">
        <valueCode value="template-html"/>
      </extension>
      <extension url="value">
        <valueString value="template-page.html"/>
      </extension>
    </extension>
    <extension url="http://hl7.org/fhir/tools/StructureDefinition/ig-parameter">
      <extension url="code">
        <valueCode value="template-md"/>
      </extension>
      <extension url="value">
        <valueString value="template-page-md.html"/>
      </extension>
    </extension>
    <extension url="http://hl7.org/fhir/tools/StructureDefinition/ig-parameter">
      <extension url="code">
        <valueCode value="apply-contact"/>
      </extension>
      <extension url="value">
        <valueString value="true"/>
      </extension>
    </extension>
    <extension url="http://hl7.org/fhir/tools/StructureDefinition/ig-parameter">
      <extension url="code">
        <valueCode value="apply-context"/>
      </extension>
      <extension url="value">
        <valueString value="true"/>
      </extension>
    </extension>
    <extension url="http://hl7.org/fhir/tools/StructureDefinition/ig-parameter">
      <extension url="code">
        <valueCode value="apply-copyright"/>
      </extension>
      <extension url="value">
        <valueString value="true"/>
      </extension>
    </extension>
    <extension url="http://hl7.org/fhir/tools/StructureDefinition/ig-parameter">
      <extension url="code">
        <valueCode value="apply-license"/>
      </extension>
      <extension url="value">
        <valueString value="true"/>
      </extension>
    </extension>
    <extension url="http://hl7.org/fhir/tools/StructureDefinition/ig-parameter">
      <extension url="code">
        <valueCode value="apply-publisher"/>
      </extension>
      <extension url="value">
        <valueString value="true"/>
      </extension>
    </extension>
    <extension url="http://hl7.org/fhir/tools/StructureDefinition/ig-parameter">
      <extension url="code">
        <valueCode value="apply-version"/>
      </extension>
      <extension url="value">
        <valueString value="true"/>
      </extension>
    </extension>
    <extension url="http://hl7.org/fhir/tools/StructureDefinition/ig-parameter">
      <extension url="code">
        <valueCode value="apply-wg"/>
      </extension>
      <extension url="value">
        <valueString value="true"/>
      </extension>
    </extension>
    <extension url="http://hl7.org/fhir/tools/StructureDefinition/ig-parameter">
      <extension url="code">
        <valueCode value="active-tables"/>
      </extension>
      <extension url="value">
        <valueString value="true"/>
      </extension>
    </extension>
    <extension url="http://hl7.org/fhir/tools/StructureDefinition/ig-parameter">
      <extension url="code">
        <valueCode value="fmm-definition"/>
      </extension>
      <extension url="value">
        <valueString value="http://hl7.org/fhir/versions.html#maturity"/>
      </extension>
    </extension>
    <extension url="http://hl7.org/fhir/tools/StructureDefinition/ig-parameter">
      <extension url="code">
        <valueCode value="propagate-status"/>
      </extension>
      <extension url="value">
        <valueString value="true"/>
      </extension>
    </extension>
    <extension url="http://hl7.org/fhir/tools/StructureDefinition/ig-parameter">
      <extension url="code">
        <valueCode value="excludelogbinaryformat"/>
      </extension>
      <extension url="value">
        <valueString value="true"/>
      </extension>
    </extension>
    <extension url="http://hl7.org/fhir/tools/StructureDefinition/ig-parameter">
      <extension url="code">
        <valueCode value="tabbed-snapshots"/>
      </extension>
      <extension url="value">
        <valueString value="true"/>
      </extension>
    </extension>
    <grouping id="profiles">
      <name value="Profiles"/>
    </grouping>
    <grouping id="tx">
      <name value="Terminology"/>
    </grouping>
    <grouping id="examples">
      <name value="Examples"/>
    </grouping>
    <resource>
      <extension url="http://hl7.org/fhir/tools/StructureDefinition/resource-information">
        <valueString value="StructureDefinition:resource"/>
      </extension>
      <reference>
        <reference value="StructureDefinition/mental-health-clinical-notes"/>
        <display value="Behavioral Health DocumentReference"/>
      </reference>
      <name value="Mental Health Clinical Notes Profile"/>
      <description value="This profile on US Core DocumentReference constrains type to be of five allowable mental health clinical note types via binding to Mental Health Clinical Notes (ValueSet)"/>
      <exampleBoolean value="false"/>
      <groupingId value="profiles"/>
    </resource>
    <resource>
      <extension url="http://hl7.org/fhir/tools/StructureDefinition/resource-information">
        <valueString value="StructureDefinition:resource"/>
      </extension>
      <reference>
        <reference value="StructureDefinition/bh-grant-info"/>
        <display value="Grant Information Observation"/>
      </reference>
      <name value="Grant Information Observation Profile"/>
      <description value="This profile defines the structure and terminology for Observations related to Program ID, number, and funding type. Feedback is requested throughout this profile, specifically do standard concepts exist for .category, .code, and .value[x]? Also, use of a complex extension to represent both grant number and program ID."/>
      <exampleBoolean value="false"/>
      <groupingId value="profiles"/>
    </resource>
    <resource>
      <extension url="http://hl7.org/fhir/tools/StructureDefinition/resource-information">
        <valueString value="StructureDefinition:extension"/>
      </extension>
      <reference>
        <reference value="StructureDefinition/program-info"/>
        <display value="Grant Program ID and Number Extension"/>
      </reference>
      <name value="Grant Program ID and Number Extension"/>
      <description value="This complex extension defines the representation of Grant Program ID as well as grant number."/>
      <exampleBoolean value="false"/>
      <groupingId value="profiles"/>
    </resource>
    <resource>
      <extension url="http://hl7.org/fhir/tools/StructureDefinition/resource-information">
        <valueString value="ValueSet"/>
      </extension>
      <reference>
        <reference value="ValueSet/mental-health-clinical-note-types"/>
        <display value="Behavioral Health Clinical Note Types"/>
      </reference>
      <name value="Mental Health Clinical Notes Profile"/>
      <description value="This ValueSet defines the LOINC codes for Mental Health Clinical Note types."/>
      <exampleBoolean value="false"/>
      <groupingId value="tx"/>
    </resource>
    <resource>
      <extension url="http://hl7.org/fhir/tools/StructureDefinition/resource-information">
        <valueString value="ValueSet"/>
      </extension>
      <reference>
        <reference value="ValueSet/bh-funding-types"/>
        <display value="Behavioral Health Program Funding Types"/>
      </reference>
      <name value="Behavioral Health Program Funding Types"/>
      <description value="This ValueSet defines coded concepts pertaining to a Behavioral Health program/grant."/>
      <exampleBoolean value="false"/>
      <groupingId value="tx"/>
    </resource>
    <resource>
      <extension url="http://hl7.org/fhir/tools/StructureDefinition/resource-information">
        <valueString value="CodeSystem"/>
      </extension>
      <reference>
        <reference value="CodeSystem/bh-funding-type-codes"/>
        <display value="Behavioral Health Program Funding Type Codes"/>
      </reference>
      <name value="Behavioral Health Program Funding Type Codes"/>
      <description value="This CodeSystem defines coded concepts pertaining to a Behavioral Health program/grant."/>
      <exampleBoolean value="false"/>
      <groupingId value="tx"/>
    </resource>
    <resource>
      <extension url="http://hl7.org/fhir/tools/StructureDefinition/resource-information">
        <valueString value="Patient"/>
      </extension>
      <reference>
        <reference value="Patient/bh-patient-example"/>
        <display value="patient-example"/>
      </reference>
      <name value="patient-example"/>
      <description value="Example of patient demographic information, which includes Veteran Status (missing from narrative)"/>
      <exampleBoolean value="true"/>
      <groupingId value="examples"/>
    </resource>
    <resource>
      <extension url="http://hl7.org/fhir/tools/StructureDefinition/resource-information">
        <valueString value="Practitioner"/>
      </extension>
      <reference>
        <reference value="Practitioner/ed-physician-example-1"/>
        <display value="physician-example"/>
      </reference>
      <name value="physician-example"/>
      <description value="Example of emergency room physician care team member"/>
      <exampleBoolean value="true"/>
      <groupingId value="examples"/>
    </resource>
    <resource>
      <extension url="http://hl7.org/fhir/tools/StructureDefinition/resource-information">
        <valueString value="Practitioner"/>
      </extension>
      <reference>
        <reference value="Practitioner/pcp-provider-example-1"/>
        <display value="pcp-provider-example"/>
      </reference>
      <name value="pcp-provider-example"/>
      <description value="Example of Primary Care Provider"/>
      <exampleBoolean value="true"/>
      <groupingId value="examples"/>
    </resource>
    <resource>
      <extension url="http://hl7.org/fhir/tools/StructureDefinition/resource-information">
        <valueString value="Practitioner"/>
      </extension>
      <reference>
        <reference value="Practitioner/mental-health-provider-example-1"/>
        <display value="mental-health-provider-example"/>
      </reference>
      <name value="mental-health-provider-example"/>
      <description value="Example of mental health provider"/>
      <exampleBoolean value="true"/>
      <groupingId value="examples"/>
    </resource>
    <resource>
      <extension url="http://hl7.org/fhir/tools/StructureDefinition/resource-information">
        <valueString value="AllergyIntolerance"/>
      </extension>
      <reference>
        <reference value="AllergyIntolerance/peanut-allergy-example-1"/>
        <display value="peanut-allergy-example"/>
      </reference>
      <name value="peanut-allergy-example"/>
      <description value="Example of patient documented peanut allergy"/>
      <exampleBoolean value="true"/>
      <groupingId value="examples"/>
    </resource>
    <resource>
      <extension url="http://hl7.org/fhir/tools/StructureDefinition/resource-information">
        <valueString value="AllergyIntolerance"/>
      </extension>
      <reference>
        <reference value="AllergyIntolerance/penicillin-allergy-example-1"/>
        <display value="penicillin-allergy-example"/>
      </reference>
      <name value="penicillin-allergy-example"/>
      <description value="Example of patient documented penicillin allergy"/>
      <exampleBoolean value="true"/>
      <groupingId value="examples"/>
    </resource>
    <resource>
      <extension url="http://hl7.org/fhir/tools/StructureDefinition/resource-information">
        <valueString value="CareTeam"/>
      </extension>
      <reference>
        <reference value="CareTeam/bh-care-team-example-1"/>
        <display value="care-team-example"/>
      </reference>
      <name value="care-team-example"/>
      <description value="Example of a mental health counselor as part of the care team"/>
      <exampleBoolean value="true"/>
      <groupingId value="examples"/>
    </resource>
    <resource>
      <extension url="http://hl7.org/fhir/tools/StructureDefinition/resource-information">
        <valueString value="Condition"/>
      </extension>
      <reference>
        <reference value="Condition/panic-attack-condition-example-1"/>
        <display value="panic-attack-example"/>
      </reference>
      <name value="panic-attack-example"/>
      <description value="Example of patients panic attack condition"/>
      <exampleBoolean value="true"/>
      <groupingId value="examples"/>
    </resource>
    <resource>
      <extension url="http://hl7.org/fhir/tools/StructureDefinition/resource-information">
        <valueString value="Condition"/>
      </extension>
      <reference>
        <reference value="Condition/chest-pain-condition-example-1"/>
        <display value="chest-pain-example"/>
      </reference>
      <name value="chest-pain-example"/>
      <description value="Example of patient chest pain"/>
      <exampleBoolean value="true"/>
      <groupingId value="examples"/>
    </resource>
    <resource>
      <extension url="http://hl7.org/fhir/tools/StructureDefinition/resource-information">
        <valueString value="Condition"/>
      </extension>
      <reference>
        <reference value="Condition/depression-condition-example-1"/>
        <display value="depression-example"/>
      </reference>
      <name value="depression-example"/>
      <description value="Example of patient depression"/>
      <exampleBoolean value="true"/>
      <groupingId value="examples"/>
    </resource>
    <resource>
      <extension url="http://hl7.org/fhir/tools/StructureDefinition/resource-information">
        <valueString value="Condition"/>
      </extension>
      <reference>
        <reference value="Condition/diabetes-condition-example-1"/>
        <display value="diabetes-example"/>
      </reference>
      <name value="diabetes-example"/>
      <description value="Example of patient diabetes"/>
      <exampleBoolean value="true"/>
      <groupingId value="examples"/>
    </resource>
    <resource>
      <extension url="http://hl7.org/fhir/tools/StructureDefinition/resource-information">
        <valueString value="Condition"/>
      </extension>
      <reference>
        <reference value="Condition/grief-condition-example-1"/>
        <display value="grief-example"/>
      </reference>
      <name value="grief-example"/>
      <description value="Example of patient history of grief"/>
      <exampleBoolean value="true"/>
      <groupingId value="examples"/>
    </resource>
    <resource>
      <extension url="http://hl7.org/fhir/tools/StructureDefinition/resource-information">
        <valueString value="Condition"/>
      </extension>
      <reference>
        <reference value="Condition/substance-abuse-condition-example-1"/>
        <display value="substance-abuse-example"/>
      </reference>
      <name value="substance-abuse-example"/>
      <description value="Example of patient history of substance use"/>
      <exampleBoolean value="true"/>
      <groupingId value="examples"/>
    </resource>
    <resource>
      <extension url="http://hl7.org/fhir/tools/StructureDefinition/resource-information">
        <valueString value="Consent"/>
      </extension>
      <reference>
        <reference value="Consent/SDOHCC-ConsentInformationDisclosure-example-1"/>
        <display value="consent-disclosure-example"/>
      </reference>
      <name value="consent-disclosure-example"/>
      <description value="Example of patient HIPAA consent form for mental health providers (custodian). The consent (PDF form) content is encoded (base64)"/>
      <exampleBoolean value="true"/>
      <groupingId value="examples"/>
    </resource>
    <resource>
      <extension url="http://hl7.org/fhir/tools/StructureDefinition/resource-information">
        <valueString value="Coverage"/>
      </extension>
      <reference>
        <reference value="Coverage/medicaid-coverage-example-1"/>
        <display value="medicaid-coverage-example"/>
      </reference>
      <name value="medicaid-coverage-example"/>
      <description value="Example of patient Medicaid coverage"/>
      <exampleBoolean value="true"/>
      <groupingId value="examples"/>
    </resource>
    <resource>
      <extension url="http://hl7.org/fhir/tools/StructureDefinition/resource-information">
        <valueString value="Organization"/>
      </extension>
      <reference>
        <reference value="Organization/fl-medicaid-example-1"/>
        <display value="fl-medicaid-example"/>
      </reference>
      <name value="fl-medicaid-example"/>
      <description value="Example of Florida Medicaid (organization) - MyACCESS"/>
      <exampleBoolean value="true"/>
      <groupingId value="examples"/>
    </resource>
    <resource>
      <extension url="http://hl7.org/fhir/tools/StructureDefinition/resource-information">
        <valueString value="DiagnosticReport"/>
      </extension>
      <reference>
        <reference value="DiagnosticReport/ekg-impression-report-example-1"/>
        <display value="ekg-report-example"/>
      </reference>
      <name value="ekg-report-example"/>
      <description value="Example of patient ekg impression"/>
      <exampleBoolean value="true"/>
      <groupingId value="examples"/>
    </resource>
    <resource>
      <extension url="http://hl7.org/fhir/tools/StructureDefinition/resource-information">
        <valueString value="DocumentReference"/>
      </extension>
      <reference>
        <reference value="DocumentReference/mental-health-discharge-summary-example-1"/>
        <display value="mental-health-discharge-example"/>
      </reference>
      <name value="mental-health-discharge-example"/>
      <description value="Example of a mental health dsicharge summary note. Clinical details of note content are encoded (base64)"/>
      <exampleBoolean value="true"/>
      <groupingId value="examples"/>
    </resource>
    <resource>
      <extension url="http://hl7.org/fhir/tools/StructureDefinition/resource-information">
        <valueString value="DocumentReference"/>
      </extension>
      <reference>
        <reference value="DocumentReference/mental-health-consult-note-example-1"/>
        <display value="mental-health-consult-example"/>
      </reference>
      <name value="mental-health-consult-example"/>
      <description value="Example of a mental health consult note. Clinical details of note content are encoded (base64)"/>
      <exampleBoolean value="true"/>
      <groupingId value="examples"/>
    </resource>
    <resource>
      <extension url="http://hl7.org/fhir/tools/StructureDefinition/resource-information">
        <valueString value="DocumentReference"/>
      </extension>
      <reference>
        <reference value="DocumentReference/mental-health-hx-physical-example-1"/>
        <display value="mental-health-physical-note-example"/>
      </reference>
      <name value="mental-health-physical-note-example"/>
      <description value="Example of a mental health history and physical note. Clinical details of note content are encoded (base64)"/>
      <exampleBoolean value="true"/>
      <groupingId value="examples"/>
    </resource>
    <resource>
      <extension url="http://hl7.org/fhir/tools/StructureDefinition/resource-information">
        <valueString value="DocumentReference"/>
      </extension>
      <reference>
        <reference value="DocumentReference/mental-health-procedure-example-1"/>
        <display value="mental-health-procedure-note-example"/>
      </reference>
      <name value="mental-health-procedure-note-example"/>
      <description value="Example of a mental health procedure note. Clinical details of note content are encoded (base64)"/>
      <exampleBoolean value="true"/>
      <groupingId value="examples"/>
    </resource>
    <resource>
      <extension url="http://hl7.org/fhir/tools/StructureDefinition/resource-information">
        <valueString value="DocumentReference"/>
      </extension>
      <reference>
        <reference value="DocumentReference/mental-health-progress-example-1"/>
        <display value="mental-health-progress-note-example"/>
      </reference>
      <name value="mental-health-progress-note-example"/>
      <description value="Example of a mental health progress note. Clinical details of note content are encoded (base64)"/>
      <exampleBoolean value="true"/>
      <groupingId value="examples"/>
    </resource>
    <resource>
      <extension url="http://hl7.org/fhir/tools/StructureDefinition/resource-information">
        <valueString value="Encounter"/>
      </extension>
      <reference>
        <reference value="Encounter/ed-encounter-example-1"/>
        <display value="ed-encounter-example"/>
      </reference>
      <name value="ed-encounter-example"/>
      <description value="Example of patient emergency room encounter"/>
      <exampleBoolean value="true"/>
      <groupingId value="examples"/>
    </resource>
    <resource>
      <extension url="http://hl7.org/fhir/tools/StructureDefinition/resource-information">
        <valueString value="Encounter"/>
      </extension>
      <reference>
        <reference value="Encounter/obs-encounter-example-2"/>
        <display value="obs-encounter-example"/>
      </reference>
      <name value="obs-encounter-example"/>
      <description value="Example of patient observation encounter"/>
      <exampleBoolean value="true"/>
      <groupingId value="examples"/>
    </resource>
    <resource>
      <extension url="http://hl7.org/fhir/tools/StructureDefinition/resource-information">
        <valueString value="Encounter"/>
      </extension>
      <reference>
        <reference value="Encounter/discharge-encounter-example-3"/>
        <display value="discharge-encounter-example"/>
      </reference>
      <name value="discharge-encounter-example"/>
      <description value="Example of patient discharge encounter"/>
      <exampleBoolean value="true"/>
      <groupingId value="examples"/>
    </resource>
    <resource>
      <extension url="http://hl7.org/fhir/tools/StructureDefinition/resource-information">
        <valueString value="Encounter"/>
      </extension>
      <reference>
        <reference value="Encounter/pcp-encounter-example-4"/>
        <display value="pcp-encounter-example"/>
      </reference>
      <name value="pcp-encounter-example"/>
      <description value="Example of patient ambulatory encounter with primary care provider"/>
      <exampleBoolean value="true"/>
      <groupingId value="examples"/>
    </resource>
    <resource>
      <extension url="http://hl7.org/fhir/tools/StructureDefinition/resource-information">
        <valueString value="Goal"/>
      </extension>
      <reference>
        <reference value="Goal/food-insecurity-example-1"/>
        <display value="food-insecurity-example"/>
      </reference>
      <name value="food-insecurity-example"/>
      <description value="Example of food insecurity (goal)"/>
      <exampleBoolean value="true"/>
      <groupingId value="examples"/>
    </resource>
    <resource>
      <extension url="http://hl7.org/fhir/tools/StructureDefinition/resource-information">
        <valueString value="Goal"/>
      </extension>
      <reference>
        <reference value="Goal/housing-insecurity-example-1"/>
        <display value="housing-insecurity-example"/>
      </reference>
      <name value="housing-insecurity-example"/>
      <description value="Example of housing insecurity (goal)"/>
      <exampleBoolean value="true"/>
      <groupingId value="examples"/>
    </resource>
    <resource>
      <extension url="http://hl7.org/fhir/tools/StructureDefinition/resource-information">
        <valueString value="Goal"/>
      </extension>
      <reference>
        <reference value="Goal/transportation-insecurity-example-1"/>
        <display value="transportation-insecurity-example"/>
      </reference>
      <name value="transportation-insecurity-example"/>
      <description value="Example of transportation insecurity (goal)"/>
      <exampleBoolean value="true"/>
      <groupingId value="examples"/>
    </resource>
    <resource>
      <extension url="http://hl7.org/fhir/tools/StructureDefinition/resource-information">
        <valueString value="Goal"/>
      </extension>
      <reference>
        <reference value="Goal/social-connection-example-1"/>
        <display value="social-connection-example"/>
      </reference>
      <name value="social-connection-example"/>
      <description value="Example of an improving patient goal improve toward adequate social participation"/>
      <exampleBoolean value="true"/>
      <groupingId value="examples"/>
    </resource>
    <resource>
      <extension url="http://hl7.org/fhir/tools/StructureDefinition/resource-information">
        <valueString value="Immunization"/>
      </extension>
      <reference>
        <reference value="Immunization/flu-vaccine-example-1"/>
        <display value="flu-vaccine-example"/>
      </reference>
      <name value="flu-vaccine-example"/>
      <description value="Example of patient flu vaccine (immunization)"/>
      <exampleBoolean value="true"/>
      <groupingId value="examples"/>
    </resource>
    <resource>
      <extension url="http://hl7.org/fhir/tools/StructureDefinition/resource-information">
        <valueString value="Location"/>
      </extension>
      <reference>
        <reference value="Location/ed-location-example-1"/>
        <display value="ed-location-example"/>
      </reference>
      <name value="ed-location-example"/>
      <description value="Example of emergency dept. location"/>
      <exampleBoolean value="true"/>
      <groupingId value="examples"/>
    </resource>
    <resource>
      <extension url="http://hl7.org/fhir/tools/StructureDefinition/resource-information">
        <valueString value="Location"/>
      </extension>
      <reference>
        <reference value="Location/obs-location-example-1"/>
        <display value="obs-location-example"/>
      </reference>
      <name value="obs-location-example"/>
      <description value="Example of patient observation"/>
      <exampleBoolean value="true"/>
      <groupingId value="examples"/>
    </resource>
    <resource>
      <extension url="http://hl7.org/fhir/tools/StructureDefinition/resource-information">
        <valueString value="Medication"/>
      </extension>
      <reference>
        <reference value="Medication/benzo-medication-example-1"/>
        <display value="benzo-medication-example"/>
      </reference>
      <name value="benzo-medication-example"/>
      <description value="Example of patient benzo medication"/>
      <exampleBoolean value="true"/>
      <groupingId value="examples"/>
    </resource>
    <resource>
      <extension url="http://hl7.org/fhir/tools/StructureDefinition/resource-information">
        <valueString value="MedicationDispense"/>
      </extension>
      <reference>
        <reference value="MedicationDispense/bupropion-dispense-example-1"/>
        <display value="bupropion-dispense-example"/>
      </reference>
      <name value="bupropion-dispense-example"/>
      <description value="Example of patient bupropion dispensed from a community health center pharmacy"/>
      <exampleBoolean value="true"/>
      <groupingId value="examples"/>
    </resource>
    <resource>
      <extension url="http://hl7.org/fhir/tools/StructureDefinition/resource-information">
        <valueString value="MedicationRequest"/>
      </extension>
      <reference>
        <reference value="MedicationRequest/benzo-order-example-1"/>
        <display value="benzo-order-example"/>
      </reference>
      <name value="benzo-order-example"/>
      <description value="Example of patient benzo medication order from ED setting"/>
      <exampleBoolean value="true"/>
      <groupingId value="examples"/>
    </resource>
    <resource>
      <extension url="http://hl7.org/fhir/tools/StructureDefinition/resource-information">
        <valueString value="MedicationRequest"/>
      </extension>
      <reference>
        <reference value="MedicationRequest/metformin-discharge-med-example-1"/>
        <display value="metformin-discharge-example"/>
      </reference>
      <name value="metformin-discharge-example"/>
      <description value="Example of discharge medication order of metformin"/>
      <exampleBoolean value="true"/>
      <groupingId value="examples"/>
    </resource>
    <resource>
      <extension url="http://hl7.org/fhir/tools/StructureDefinition/resource-information">
        <valueString value="MedicationRequest"/>
      </extension>
      <reference>
        <reference value="MedicationRequest/ativan-discharge-med-example-1"/>
        <display value="ativan-discharge-example"/>
      </reference>
      <name value="ativan-discharge-example"/>
      <description value="Example of discharge medication order of ativan"/>
      <exampleBoolean value="true"/>
      <groupingId value="examples"/>
    </resource>
    <resource>
      <extension url="http://hl7.org/fhir/tools/StructureDefinition/resource-information">
        <valueString value="MedicationRequest"/>
      </extension>
      <reference>
        <reference value="MedicationRequest/paroxetine-discharge-med-example-1"/>
        <display value="paroxetine-discharge-example"/>
      </reference>
      <name value="paroxetine-discharge-example"/>
      <description value="Example of discharge medication order of paroxetine. This example includes a US Core 7.0.0 MedicationAdherence extension"/>
      <exampleBoolean value="true"/>
      <groupingId value="examples"/>
    </resource>
    <resource>
      <extension url="http://hl7.org/fhir/tools/StructureDefinition/resource-information">
        <valueString value="MedicationRequest"/>
      </extension>
      <reference>
        <reference value="MedicationRequest/bupropion-discharge-med-example-1"/>
        <display value="bupropion-discharge-example"/>
      </reference>
      <name value="bupropion-discharge-example"/>
      <description value="Example of discharge medication order of bupropion"/>
      <exampleBoolean value="true"/>
      <groupingId value="examples"/>
    </resource>
    <resource>
      <extension url="http://hl7.org/fhir/tools/StructureDefinition/resource-information">
        <valueString value="Observation"/>
      </extension>
      <reference>
        <reference value="Observation/bh-grant-info-observation-example-1"/>
        <display value="bh-grant-info-obs-example"/>
      </reference>
      <name value="bh-grant-info-obs-example"/>
      <description value="Example of patient observation"/>
      <exampleBoolean value="true"/>
      <groupingId value="examples"/>
    </resource>
    <resource>
      <extension url="http://hl7.org/fhir/tools/StructureDefinition/resource-information">
        <valueString value="Observation"/>
      </extension>
      <reference>
        <reference value="Observation/average-blood-pressure-example-1"/>
        <display value="average-bp-example"/>
      </reference>
      <name value="average-bp-example"/>
      <description value="Example of patient average blood pressure"/>
      <exampleBoolean value="true"/>
      <groupingId value="examples"/>
    </resource>
    <resource>
      <extension url="http://hl7.org/fhir/tools/StructureDefinition/resource-information">
        <valueString value="Observation"/>
      </extension>
      <reference>
        <reference value="Observation/ekg-observation-example-1"/>
        <display value="ekg-obs-example"/>
      </reference>
      <name value="ekg-obs-example"/>
      <description value="Example of patient ekg test result"/>
      <exampleBoolean value="true"/>
      <groupingId value="examples"/>
    </resource>
    <resource>
      <extension url="http://hl7.org/fhir/tools/StructureDefinition/resource-information">
        <valueString value="Observation"/>
      </extension>
      <reference>
        <reference value="Observation/no-morphine-preference-observation-example-1"/>
        <display value="no-morphine-preference-obs-example"/>
      </reference>
      <name value="no-morphine-preference-obs-example"/>
      <description value="Example of patient treatment preference for no morphine"/>
      <exampleBoolean value="true"/>
      <groupingId value="examples"/>
    </resource>
    <resource>
      <extension url="http://hl7.org/fhir/tools/StructureDefinition/resource-information">
        <valueString value="Observation"/>
      </extension>
      <reference>
        <reference value="Observation/non-smoker-example-1"/>
        <display value="non-smoker-example"/>
      </reference>
      <name value="non-smoker-example"/>
      <description value="Example of patient smoking status"/>
      <exampleBoolean value="true"/>
      <groupingId value="examples"/>
    </resource>
    <resource>
      <extension url="http://hl7.org/fhir/tools/StructureDefinition/resource-information">
        <valueString value="Observation"/>
      </extension>
      <reference>
        <reference value="Observation/provider-preference-observation-example-2"/>
        <display value="provider-preference-obs-example"/>
      </reference>
      <name value="provider-preference-obs-example"/>
      <description value="Example of patient preference for healthcare professiona"/>
      <exampleBoolean value="true"/>
      <groupingId value="examples"/>
    </resource>
    <resource>
      <extension url="http://hl7.org/fhir/tools/StructureDefinition/resource-information">
        <valueString value="QuestionnaireResponse"/>
      </extension>
      <reference>
        <reference value="QuestionnaireResponse/barthel-index-functional-status-example-1"/>
        <display value="barthel-index-example"/>
      </reference>
      <name value="barthel-index-example"/>
      <description value="Example of patient barthel index functional status (panel)"/>
      <exampleBoolean value="true"/>
      <groupingId value="examples"/>
    </resource>
    <resource>
      <extension url="http://hl7.org/fhir/tools/StructureDefinition/resource-information">
        <valueString value="Observation"/>
      </extension>
      <reference>
        <reference value="Observation/cognitive-status-observation-example-3"/>
        <display value="Mini Mental State Examination [MMSE]"/>
      </reference>
      <name value="Mini-Mental State Examination [MMSE]"/>
      <description value="Example of a mental/cognitive health status assessment/screening"/>
      <exampleBoolean value="true"/>
      <groupingId value="examples"/>
    </resource>
    <resource>
      <extension url="http://hl7.org/fhir/tools/StructureDefinition/resource-information">
        <valueString value="Observation"/>
      </extension>
      <reference>
        <reference value="Observation/disability-status-observation-example-1"/>
        <display value="Comprehensive Universal Behavior Health Screen (CUBS)©"/>
      </reference>
      <name value="Comprehensive Universal Behavior Health Screen (CUBS)©"/>
      <description value="Example of disability status health status assessment/screening"/>
      <exampleBoolean value="true"/>
      <groupingId value="examples"/>
    </resource>
    <resource>
      <extension url="http://hl7.org/fhir/tools/StructureDefinition/resource-information">
        <valueString value="Observation"/>
      </extension>
      <reference>
        <reference value="Observation/pregnancy-status-example-1"/>
        <display value="pregnancy-example"/>
      </reference>
      <name value="pregnancy-example"/>
      <description value="Example of patient pregnancy status"/>
      <exampleBoolean value="true"/>
      <groupingId value="examples"/>
    </resource>
    <resource>
      <extension url="http://hl7.org/fhir/tools/StructureDefinition/resource-information">
        <valueString value="Observation"/>
      </extension>
      <reference>
        <reference value="Observation/temperature-example-1"/>
        <display value="temperature-example"/>
      </reference>
      <name value="temperature-example"/>
      <description value="Example of patient body temperature"/>
      <exampleBoolean value="true"/>
      <groupingId value="examples"/>
    </resource>
    <resource>
      <extension url="http://hl7.org/fhir/tools/StructureDefinition/resource-information">
        <valueString value="Observation"/>
      </extension>
      <reference>
        <reference value="Observation/height-example-1"/>
        <display value="height-example"/>
      </reference>
      <name value="height-example"/>
      <description value="Example of patient body height"/>
      <exampleBoolean value="true"/>
      <groupingId value="examples"/>
    </resource>
    <resource>
      <extension url="http://hl7.org/fhir/tools/StructureDefinition/resource-information">
        <valueString value="Observation"/>
      </extension>
      <reference>
        <reference value="Observation/blood-pressure-example-1"/>
        <display value="blood-pressure-example"/>
      </reference>
      <name value="blood-pressure-example"/>
      <description value="Example of patient systolic and diastolic blood pressure measurements"/>
      <exampleBoolean value="true"/>
      <groupingId value="examples"/>
    </resource>
    <resource>
      <extension url="http://hl7.org/fhir/tools/StructureDefinition/resource-information">
        <valueString value="Observation"/>
      </extension>
      <reference>
        <reference value="Observation/heart-rate-example-1"/>
        <display value="heart-rate-example"/>
      </reference>
      <name value="heart-rate-example"/>
      <description value="Example of patient heart rate"/>
      <exampleBoolean value="true"/>
      <groupingId value="examples"/>
    </resource>
    <resource>
      <extension url="http://hl7.org/fhir/tools/StructureDefinition/resource-information">
        <valueString value="Observation"/>
      </extension>
      <reference>
        <reference value="Observation/oxygen-saturation-example-1"/>
        <display value="oxygen-saturation-example"/>
      </reference>
      <name value="oxygen-saturation-example"/>
      <description value="Example of patient oxygen saturation"/>
      <exampleBoolean value="true"/>
      <groupingId value="examples"/>
    </resource>
    <resource>
      <extension url="http://hl7.org/fhir/tools/StructureDefinition/resource-information">
        <valueString value="Observation"/>
      </extension>
      <reference>
        <reference value="Observation/respiratory-rate-example-1"/>
        <display value="respiratory-rate-example"/>
      </reference>
      <name value="respiratory-rate-example"/>
      <description value="Example of patient respiratory rate"/>
      <exampleBoolean value="true"/>
      <groupingId value="examples"/>
    </resource>
    <resource>
      <extension url="http://hl7.org/fhir/tools/StructureDefinition/resource-information">
        <valueString value="Observation"/>
      </extension>
      <reference>
        <reference value="Observation/weight-example-1"/>
        <display value="weight-example"/>
      </reference>
      <name value="weight-example"/>
      <description value="Example of patient's weight"/>
      <exampleBoolean value="true"/>
      <groupingId value="examples"/>
    </resource>
    <resource>
      <extension url="http://hl7.org/fhir/tools/StructureDefinition/resource-information">
        <valueString value="Observation"/>
      </extension>
      <reference>
        <reference value="Observation/anxiety-assessment-observation-example-1"/>
        <display value="anxiety-assessment-obs-example"/>
      </reference>
      <name value="anxiety-assessment-obs-example"/>
      <description value="Example of patient anxiety assessment/screening"/>
      <exampleBoolean value="true"/>
      <groupingId value="examples"/>
    </resource>
    <resource>
      <extension url="http://hl7.org/fhir/tools/StructureDefinition/resource-information">
        <valueString value="Observation"/>
      </extension>
      <reference>
        <reference value="Observation/hemoglobin-a1c-example-1"/>
        <display value="hemoglobin-a1c-example"/>
      </reference>
      <name value="hemoglobin-a1c-example"/>
      <description value="Example of Hemoglobin A1c test result"/>
      <exampleBoolean value="true"/>
      <groupingId value="examples"/>
    </resource>
    <resource>
      <extension url="http://hl7.org/fhir/tools/StructureDefinition/resource-information">
        <valueString value="Organization"/>
      </extension>
      <reference>
        <reference value="Organization/mh-provider-example-1"/>
        <display value="mh-provider-example"/>
      </reference>
      <name value="mh-provider-example"/>
      <description value="Example of patient mental health provider"/>
      <exampleBoolean value="true"/>
      <groupingId value="examples"/>
    </resource>
    <resource>
      <extension url="http://hl7.org/fhir/tools/StructureDefinition/resource-information">
        <valueString value="QuestionnaireResponse"/>
      </extension>
      <reference>
        <reference value="QuestionnaireResponse/BHP-QuestionnaireResponsePRAPAREExample-1"/>
        <display value="prapare-questionnaireresponse-example"/>
      </reference>
      <name value="prapare-questionnaireresponse-example"/>
      <description value="Example of SDOH assessment/screening"/>
      <exampleBoolean value="true"/>
      <groupingId value="examples"/>
    </resource>
    <resource>
      <extension url="http://hl7.org/fhir/tools/StructureDefinition/resource-information">
        <valueString value="QuestionnaireResponse"/>
      </extension>
      <reference>
        <reference value="QuestionnaireResponse/phq-9-example-1"/>
        <display value="Patient Health Questionnaire-9 (PHQ-9)"/>
      </reference>
      <name value="Patient Health Questionnaire-9 (PHQ-9)"/>
      <description value="Example of a depression assessment/screening"/>
      <exampleBoolean value="true"/>
      <groupingId value="examples"/>
    </resource>
    <resource>
      <extension url="http://hl7.org/fhir/tools/StructureDefinition/resource-information">
        <valueString value="QuestionnaireResponse"/>
      </extension>
      <reference>
        <reference value="QuestionnaireResponse/C-SSRS-example-1"/>
        <display value="Columbia-Suicide Severity Rating Scale (C-SSRS)"/>
      </reference>
      <name value="Columbia-Suicide Severity Rating Scale (C-SSRS)"/>
      <description value="Example of suicide risk assessment/screening"/>
      <exampleBoolean value="true"/>
      <groupingId value="examples"/>
    </resource>
    <resource>
      <extension url="http://hl7.org/fhir/tools/StructureDefinition/resource-information">
        <valueString value="QuestionnaireResponse"/>
      </extension>
      <reference>
        <reference value="QuestionnaireResponse/hark-example-1"/>
        <display value="Humiliation, Afraid, Rape, and Kick questionnaire (HARK)"/>
      </reference>
      <name value="Humiliation, Afraid, Rape, and Kick questionnaire (HARK)"/>
      <description value="Example of interpersonal violence assessment/screening"/>
      <exampleBoolean value="true"/>
      <groupingId value="examples"/>
    </resource>
    <resource>
      <extension url="http://hl7.org/fhir/tools/StructureDefinition/resource-information">
        <valueString value="QuestionnaireResponse"/>
      </extension>
      <reference>
        <reference value="QuestionnaireResponse/ace-example-1"/>
        <display value="Adverse Childhood Experiences (ACEs) Assessment"/>
      </reference>
      <name value="Adverse Childhood Experiences (ACEs) Assessment"/>
      <description value="Example of a mental trauma or PTSD assessment/screening"/>
      <exampleBoolean value="true"/>
      <groupingId value="examples"/>
    </resource>
    <resource>
      <extension url="http://hl7.org/fhir/tools/StructureDefinition/resource-information">
        <valueString value="RelatedPerson"/>
      </extension>
      <reference>
        <reference value="RelatedPerson/adult-child-relatedperson-example-1"/>
        <display value="adult-child-relatedperson-example"/>
      </reference>
      <name value="adult-child-relatedperson-example"/>
      <description value="Example of patient related person"/>
      <exampleBoolean value="true"/>
      <groupingId value="examples"/>
    </resource>
    <resource>
      <extension url="http://hl7.org/fhir/tools/StructureDefinition/resource-information">
        <valueString value="QuestionnaireResponse"/>
      </extension>
      <reference>
        <reference value="QuestionnaireResponse/alcohol-use-identification-test-1"/>
        <display value="Alcohol Use Disorder Identification Test - Consumption (AUDIT-C)"/>
      </reference>
      <name value="Alcohol Use Disorder Identification Test - Consumption [AUDIT-C]"/>
      <description value="Example of patient alcohol abuse health status assessment/screening"/>
      <exampleBoolean value="true"/>
      <groupingId value="examples"/>
    </resource>
    <resource>
      <extension url="http://hl7.org/fhir/tools/StructureDefinition/resource-information">
        <valueString value="ServiceRequest"/>
      </extension>
      <reference>
        <reference value="ServiceRequest/ServiceRequest-peer-mentoring-example-1"/>
        <display value="sdoh-referral-example"/>
      </reference>
      <name value="sdoh-referral-example"/>
      <description value="Example of patient referral to a peer coaching program"/>
      <exampleBoolean value="true"/>
      <groupingId value="examples"/>
    </resource>
    <resource>
      <extension url="http://hl7.org/fhir/tools/StructureDefinition/resource-information">
        <valueString value="Procedure"/>
      </extension>
      <reference>
        <reference value="Procedure/bh-prevention-education-program-example-1"/>
        <display value="bh-prevention-edu-example"/>
      </reference>
      <name value="bh-prevention-edu-example"/>
      <description value="Example of education service provided to patient"/>
      <exampleBoolean value="true"/>
      <groupingId value="examples"/>
    </resource>
    <resource>
      <extension url="http://hl7.org/fhir/tools/StructureDefinition/resource-information">
        <valueString value="Procedure"/>
      </extension>
      <reference>
        <reference value="Procedure/alcohol-prevetion-education-example-1"/>
        <display value="alcohol-prevention-edu-example"/>
      </reference>
      <name value="alcohol-prevention-edu-example"/>
      <description value="Example of patient alcohol cessation education"/>
      <exampleBoolean value="true"/>
      <groupingId value="examples"/>
    </resource>
    <resource>
      <extension url="http://hl7.org/fhir/tools/StructureDefinition/resource-information">
        <valueString value="Procedure"/>
      </extension>
      <reference>
        <reference value="Procedure/harm-reduction-example-1"/>
        <display value="harm-reduction-activities-example"/>
      </reference>
      <name value="harm-reduction-activities-example"/>
      <description value="Example of patient harm reduction program"/>
      <exampleBoolean value="true"/>
      <groupingId value="examples"/>
    </resource>
    <page>
      <extension url="http://hl7.org/fhir/tools/StructureDefinition/ig-page-name">
        <valueUrl value="index.html"/>
      </extension>
      <nameUrl value="index.html"/>
      <title value="Home Page"/>
      <generation value="markdown"/>
      <page>
        <extension url="http://hl7.org/fhir/tools/StructureDefinition/ig-page-name">
          <valueUrl value="uscdi_bh_elements.html"/>
        </extension>
        <nameUrl value="uscdi_bh_elements.html"/>
        <title value="USCDI+ BH Elements"/>
        <generation value="markdown"/>
      </page>
      <page>
        <extension url="http://hl7.org/fhir/tools/StructureDefinition/ig-page-name">
          <valueUrl value="summary_story.html"/>
        </extension>
        <nameUrl value="summary_story.html"/>
        <title value="Summary Story"/>
        <generation value="markdown"/>
      </page>
      <page>
        <extension url="http://hl7.org/fhir/tools/StructureDefinition/ig-page-name">
          <valueUrl value="full_story.html"/>
        </extension>
        <nameUrl value="full_story.html"/>
        <title value="Full Use Case Story"/>
        <generation value="markdown"/>
      </page>
      <page>
        <extension url="http://hl7.org/fhir/tools/StructureDefinition/ig-page-name">
          <valueUrl value="quick_facts.html"/>
        </extension>
        <nameUrl value="quick_facts.html"/>
        <title value="Quick Facts"/>
        <generation value="markdown"/>
      </page>
      <page>
        <extension url="http://hl7.org/fhir/tools/StructureDefinition/ig-page-name">
          <valueUrl value="bh_to_fhir_examples.html"/>
        </extension>
        <nameUrl value="bh_to_fhir_examples.html"/>
        <title value="+BH to FHIR Examples"/>
        <generation value="markdown"/>
      </page>
      <page>
        <extension url="http://hl7.org/fhir/tools/StructureDefinition/ig-page-name">
          <valueUrl value="bh_to_fhir_profiles.html"/>
        </extension>
        <nameUrl value="bh_to_fhir_profiles.html"/>
        <title value="+BH to FHIR Profile"/>
        <generation value="markdown"/>
      </page>
      <page>
        <extension url="http://hl7.org/fhir/tools/StructureDefinition/ig-page-name">
          <valueUrl value="change_log.html"/>
        </extension>
        <nameUrl value="change_log.html"/>
        <title value="Change Log"/>
        <generation value="markdown"/>
      </page>
      <page>
        <extension url="http://hl7.org/fhir/tools/StructureDefinition/ig-page-name">
          <valueUrl value="downloads.html"/>
        </extension>
        <nameUrl value="downloads.html"/>
        <title value="Downloads"/>
        <generation value="markdown"/>
      </page>
      <page>
        <extension url="http://hl7.org/fhir/tools/StructureDefinition/ig-page-name">
          <valueUrl value="license.html"/>
        </extension>
        <nameUrl value="license.html"/>
        <title value="License"/>
        <generation value="markdown"/>
      </page>
    </page>
    <parameter>
      <code value="path-resource"/>
      <value value="input/capabilities"/>
    </parameter>
    <parameter>
      <code value="path-resource"/>
      <value value="input/examples"/>
    </parameter>
    <parameter>
      <code value="path-resource"/>
      <value value="input/extensions"/>
    </parameter>
    <parameter>
      <code value="path-resource"/>
      <value value="input/models"/>
    </parameter>
    <parameter>
      <code value="path-resource"/>
      <value value="input/operations"/>
    </parameter>
    <parameter>
      <code value="path-resource"/>
      <value value="input/profiles"/>
    </parameter>
    <parameter>
      <code value="path-resource"/>
      <value value="input/resources"/>
    </parameter>
    <parameter>
      <code value="path-resource"/>
      <value value="input/vocabulary"/>
    </parameter>
    <parameter>
      <code value="path-resource"/>
      <value value="input/maps"/>
    </parameter>
    <parameter>
      <code value="path-resource"/>
      <value value="input/testing"/>
    </parameter>
    <parameter>
      <code value="path-resource"/>
      <value value="input/history"/>
    </parameter>
    <parameter>
      <code value="path-resource"/>
      <value value="fsh-generated/resources"/>
    </parameter>
    <parameter>
      <code value="path-pages"/>
      <value value="template/config"/>
    </parameter>
    <parameter>
      <code value="path-pages"/>
      <value value="input/images"/>
    </parameter>
    <parameter>
      <code value="path-tx-cache"/>
      <value value="input-cache/txcache"/>
    </parameter>
  </definition>
</ImplementationGuide>