{
  "resourceType" : "Observation",
  "id" : "provider-preference-observation-example-2",
  "meta" : {
    "profile" : ["http://hl7.org/fhir/us/core/StructureDefinition/us-core-care-experience-preference"]
  },
  "text" : {
    "status" : "generated",
    "div" : "<div xmlns=\"http://www.w3.org/1999/xhtml\"><p class=\"res-header-id\"><b>Generated Narrative: Observation provider-preference-observation-example-2</b></p><a name=\"provider-preference-observation-example-2\"> </a><a name=\"hcprovider-preference-observation-example-2\"> </a><div style=\"display: inline-block; background-color: #d9e0e7; padding: 6px; margin: 4px; border: 1px solid #8da1b4; border-radius: 5px; line-height: 60%\"><p style=\"margin-bottom: 0px\"/><p style=\"margin-bottom: 0px\">Profile: <a href=\"http://hl7.org/fhir/us/core/STU7/StructureDefinition-us-core-care-experience-preference.html\">US Core Care Experience Preference Profile</a></p></div><p><b>status</b>: Final</p><p><b>category</b>: <span title=\"Codes:{http://hl7.org/fhir/us/core/CodeSystem/us-core-category care-experience-preference}\">Care Experience Preference</span></p><p><b>code</b>: <span title=\"Codes:{http://loinc.org 95541-9}\">Care Experience Preference</span></p><p><b>subject</b>: <a href=\"Patient-bh-patient-example.html\">James Wolff</a></p><p><b>effective</b>: 2024-02-01</p><p><b>performer</b>: <a href=\"Practitioner-pcp-provider-example-1.html\">Dr. Doc Family</a></p><p><b>value</b>: <span title=\"Codes:{http://snomed.info/sct 314433002}\">Preference for health professional</span></p></div>"
  },
  "status" : "final",
  "category" : [{
    "coding" : [{
      "system" : "http://hl7.org/fhir/us/core/CodeSystem/us-core-category",
      "code" : "care-experience-preference",
      "display" : "Care experience preference"
    }],
    "text" : "Care Experience Preference"
  }],
  "code" : {
    "coding" : [{
      "system" : "http://loinc.org",
      "code" : "95541-9",
      "display" : "Care experience preference"
    }],
    "text" : "Care Experience Preference"
  },
  "subject" : {
    "reference" : "Patient/bh-patient-example",
    "display" : "James Wolff"
  },
  "effectiveDateTime" : "2024-02-01",
  "performer" : [{
    "reference" : "Practitioner/pcp-provider-example-1",
    "display" : "Dr. Doc Family"
  }],
  "valueCodeableConcept" : {
    "coding" : [{
      "system" : "http://snomed.info/sct",
      "code" : "314433002",
      "display" : "Preference for health professional (finding)"
    }],
    "text" : "Preference for health professional"
  }
}