<?xml version="1.0" encoding="UTF-8"?>

<Observation xmlns="http://hl7.org/fhir">
  <id value="hemoglobin-a1c-example-1"/>
  <meta>
    <profile value="http://hl7.org/fhir/us/core/StructureDefinition/us-core-observation-lab|6.1.0"/>
  </meta>
  <text>
    <status value="generated"/><div xmlns="http://www.w3.org/1999/xhtml"><p class="res-header-id"><b>Generated Narrative: Observation hemoglobin-a1c-example-1</b></p><a name="hemoglobin-a1c-example-1"> </a><a name="hchemoglobin-a1c-example-1"> </a><div style="display: inline-block; background-color: #d9e0e7; padding: 6px; margin: 4px; border: 1px solid #8da1b4; border-radius: 5px; line-height: 60%"><p style="margin-bottom: 0px"/><p style="margin-bottom: 0px">Profile: <a href="http://hl7.org/fhir/us/core/STU6.1/StructureDefinition-us-core-observation-lab.html">US Core Laboratory Result Observation Profileversion: null6.1.0)</a></p></div><p><b>status</b>: Final</p><p><b>category</b>: <span title="Codes:{http://terminology.hl7.org/CodeSystem/observation-category laboratory}">Laboratory</span></p><p><b>code</b>: <span title="Codes:{http://loinc.org 4548-4}">Hemoglobin A1c/Hemoglobin.total in Blood</span></p><p><b>subject</b>: <a href="Patient-bh-patient-example.html">James Wolff</a></p><p><b>effective</b>: 2024-02-05</p><p><b>performer</b>: <a href="Practitioner-pcp-provider-example-1.html">Dr. Doc Family</a></p><p><b>value</b>: 6.9 %<span style="background: LightGoldenRodYellow"> (Details: UCUM  code% = '%')</span></p><p><b>interpretation</b>: <span title="Codes:{http://terminology.hl7.org/CodeSystem/v3-ObservationInterpretation H}">High</span></p></div>
  </text>
  <status value="final"/>
  <category>
    <coding>
      <system value="http://terminology.hl7.org/CodeSystem/observation-category"/>
      <code value="laboratory"/>
      <display value="Laboratory"/>
    </coding>
    <text value="Laboratory"/>
  </category>
  <code>
    <coding>
      <system value="http://loinc.org"/>
      <code value="4548-4"/>
      <display value="Hemoglobin A1c/Hemoglobin.total in Blood"/>
    </coding>
    <text value="Hemoglobin A1c/Hemoglobin.total in Blood"/>
  </code>
  <subject>
    <reference value="Patient/bh-patient-example"/>
    <display value="James Wolff"/>
  </subject>
  <effectiveDateTime value="2024-02-05"/>
  <performer>
    <reference value="Practitioner/pcp-provider-example-1"/>
    <display value="Dr. Doc Family"/>
  </performer>
  <valueQuantity>
    <value value="6.9"/>
    <unit value="%"/>
    <system value="http://unitsofmeasure.org"/>
    <code value="%"/>
  </valueQuantity>
  <interpretation>
    <coding>
      <system value="http://terminology.hl7.org/CodeSystem/v3-ObservationInterpretation"/>
      <code value="H"/>
      <display value="High"/>
    </coding>
    <text value="High"/>
  </interpretation>
</Observation>