{
  "resourceType" : "Observation",
  "id" : "average-blood-pressure-example-1",
  "meta" : {
    "profile" : ["http://hl7.org/fhir/us/core/StructureDefinition/us-core-average-blood-pressure|7.0.0"]
  },
  "text" : {
    "status" : "generated",
    "div" : "<div xmlns=\"http://www.w3.org/1999/xhtml\"><p class=\"res-header-id\"><b>Generated Narrative: Observation average-blood-pressure-example-1</b></p><a name=\"average-blood-pressure-example-1\"> </a><a name=\"hcaverage-blood-pressure-example-1\"> </a><div style=\"display: inline-block; background-color: #d9e0e7; padding: 6px; margin: 4px; border: 1px solid #8da1b4; border-radius: 5px; line-height: 60%\"><p style=\"margin-bottom: 0px\"/><p style=\"margin-bottom: 0px\">Profile: <a href=\"http://hl7.org/fhir/us/core/STU7/StructureDefinition-us-core-average-blood-pressure.html\">US Core Average Blood Pressure Profileversion: null7.0.0)</a></p></div><p><b>status</b>: Final</p><p><b>category</b>: <span title=\"Codes:{http://terminology.hl7.org/CodeSystem/observation-category vital-signs}\">Vital Signs</span></p><p><b>code</b>: <span title=\"Codes:{http://loinc.org 96607-7}\">Avg Blood pressure systolic and diastolic</span></p><p><b>subject</b>: <a href=\"Patient-bh-patient-example.html\">James Wolff</a></p><p><b>effective</b>: 2024-02-01 01:06:52+0000 --&gt; 2024-02-01 13:07:01+0000</p><p><b>performer</b>: <a href=\"Practitioner-pcp-provider-example-1.html\">Dr. Doc Family</a></p><blockquote><p><b>component</b></p><p><b>code</b>: <span title=\"Codes:{http://loinc.org 96608-5}\">Average systolic blood pressure</span></p><p><b>value</b>: 157 mm[Hg]<span style=\"background: LightGoldenRodYellow\"> (Details: UCUM  codemm[Hg] = 'mm[Hg]')</span></p></blockquote><blockquote><p><b>component</b></p><p><b>code</b>: <span title=\"Codes:{http://loinc.org 96609-3}\">Average diastolic blood pressure</span></p><p><b>value</b>: 92 mm[Hg]<span style=\"background: LightGoldenRodYellow\"> (Details: UCUM  codemm[Hg] = 'mm[Hg]')</span></p></blockquote></div>"
  },
  "status" : "final",
  "category" : [{
    "coding" : [{
      "system" : "http://terminology.hl7.org/CodeSystem/observation-category",
      "code" : "vital-signs",
      "display" : "Vital Signs"
    }],
    "text" : "Vital Signs"
  }],
  "code" : {
    "coding" : [{
      "system" : "http://loinc.org",
      "code" : "96607-7",
      "display" : "Blood pressure panel mean systolic and mean diastolic"
    }],
    "text" : "Avg Blood pressure systolic and diastolic"
  },
  "subject" : {
    "reference" : "Patient/bh-patient-example",
    "display" : "James Wolff"
  },
  "effectivePeriod" : {
    "start" : "2024-02-01T01:06:52.480Z",
    "end" : "2024-02-01T13:07:01.166Z"
  },
  "performer" : [{
    "reference" : "Practitioner/pcp-provider-example-1",
    "display" : "Dr. Doc Family"
  }],
  "component" : [{
    "code" : {
      "coding" : [{
        "system" : "http://loinc.org",
        "code" : "96608-5",
        "display" : "Systolic blood pressure mean"
      }],
      "text" : "Average systolic blood pressure"
    },
    "valueQuantity" : {
      "value" : 157,
      "unit" : "mm[Hg]",
      "system" : "http://unitsofmeasure.org",
      "code" : "mm[Hg]"
    }
  },
  {
    "code" : {
      "coding" : [{
        "system" : "http://loinc.org",
        "code" : "96609-3",
        "display" : "Diastolic blood pressure mean"
      }],
      "text" : "Average diastolic blood pressure"
    },
    "valueQuantity" : {
      "value" : 92,
      "unit" : "mm[Hg]",
      "system" : "http://unitsofmeasure.org",
      "code" : "mm[Hg]"
    }
  }]
}