{
  "resourceType" : "Practitioner",
  "id" : "ed-physician-example-1",
  "meta" : {
    "profile" : ["http://hl7.org/fhir/us/core/StructureDefinition/us-core-practitioner|6.1.0"]
  },
  "text" : {
    "status" : "generated",
    "div" : "<div xmlns=\"http://www.w3.org/1999/xhtml\"><p class=\"res-header-id\"><b>Generated Narrative: Practitioner ed-physician-example-1</b></p><a name=\"ed-physician-example-1\"> </a><a name=\"hced-physician-example-1\"> </a><div style=\"display: inline-block; background-color: #d9e0e7; padding: 6px; margin: 4px; border: 1px solid #8da1b4; border-radius: 5px; line-height: 60%\"><p style=\"margin-bottom: 0px\"/><p style=\"margin-bottom: 0px\">Profile: <a href=\"http://hl7.org/fhir/us/core/STU6.1/StructureDefinition-us-core-practitioner.html\">US Core Practitioner Profileversion: null6.1.0)</a></p></div><p><b>identifier</b>: <a href=\"http://terminology.hl7.org/5.1.0/NamingSystem-npi.html\" title=\"National Provider Identifier\">NPI</a>/9941339100, <code>http://ncsbn.org/identifier/example-system</code>/9941339100</p><p><b>name</b>: Wise Owl </p><p><b>telecom</b>: <a href=\"mailto:Wise.owl@MassGenExample.net\">Wise.owl@MassGenExample.net</a></p><p><b>address</b>: 1003 HEALTHCARE DR Miami FL 01002 (work)</p></div>"
  },
  "identifier" : [{
    "system" : "http://hl7.org/fhir/sid/us-npi",
    "value" : "9941339100"
  },
  {
    "system" : "http://ncsbn.org/identifier/example-system",
    "value" : "9941339100"
  }],
  "name" : [{
    "family" : "Owl",
    "given" : ["Wise"],
    "prefix" : ["Dr"]
  }],
  "telecom" : [{
    "system" : "email",
    "value" : "Wise.owl@MassGenExample.net",
    "use" : "work"
  }],
  "address" : [{
    "use" : "work",
    "line" : ["1003 HEALTHCARE DR"],
    "city" : "Miami",
    "state" : "FL",
    "postalCode" : "01002"
  }]
}