{
  "resourceType" : "Procedure",
  "id" : "bh-prevention-education-program-example-1",
  "meta" : {
    "profile" : ["http://hl7.org/fhir/us/core/StructureDefinition/us-core-procedure|6.1.0"]
  },
  "text" : {
    "status" : "generated",
    "div" : "<div xmlns=\"http://www.w3.org/1999/xhtml\"><p class=\"res-header-id\"><b>Generated Narrative: Procedure bh-prevention-education-program-example-1</b></p><a name=\"bh-prevention-education-program-example-1\"> </a><a name=\"hcbh-prevention-education-program-example-1\"> </a><div style=\"display: inline-block; background-color: #d9e0e7; padding: 6px; margin: 4px; border: 1px solid #8da1b4; border-radius: 5px; line-height: 60%\"><p style=\"margin-bottom: 0px\"/><p style=\"margin-bottom: 0px\">Profile: <a href=\"http://hl7.org/fhir/us/core/STU6.1/StructureDefinition-us-core-procedure.html\">US Core Procedure Profileversion: null6.1.0)</a></p></div><p><b>basedOn</b>: <a href=\"ServiceRequest-ServiceRequest-peer-mentoring-example-1.html\">ServiceRequest Referral to peer support (procedure)</a></p><p><b>status</b>: Completed</p><p><b>code</b>: <span title=\"Codes:{https://www.cms.gov/Medicare/Coding/HCPCSReleaseCodeSets H0025}\">Behavioral Health Prevention Education</span></p><p><b>subject</b>: <a href=\"Patient-bh-patient-example.html\">James Wolff</a></p><p><b>performed</b>: 2024-03-23</p></div>"
  },
  "basedOn" : [{
    "reference" : "ServiceRequest/ServiceRequest-peer-mentoring-example-1"
  }],
  "status" : "completed",
  "code" : {
    "coding" : [{
      "system" : "https://www.cms.gov/Medicare/Coding/HCPCSReleaseCodeSets",
      "code" : "H0025",
      "display" : "Behavioral health prevention education service (delivery of services with target population to affect knowledge, attitude and/or behavior)"
    }],
    "text" : "Behavioral Health Prevention Education"
  },
  "subject" : {
    "reference" : "Patient/bh-patient-example",
    "display" : "James Wolff"
  },
  "performedDateTime" : "2024-03-23"
}