{"resourceType":"CodeSystem","id":"udsplus-agriculture-worker-status-codes","text":{"status":"generated","div":"<div xmlns=\"http://www.w3.org/1999/xhtml\"><p class=\"res-header-id\"><b>Generated Narrative: CodeSystem udsplus-agriculture-worker-status-codes</b></p><a name=\"udsplus-agriculture-worker-status-codes\"> </a><a name=\"hcudsplus-agriculture-worker-status-codes\"> </a><a name=\"udsplus-agriculture-worker-status-codes-en-US\"> </a><p>This case-sensitive code system <code>http://fhir.org/guides/hrsa/uds-plus/CodeSystem/udsplus-agriculture-worker-status-codes</code> defines the following codes:</p><table class=\"codes\"><tr><td style=\"white-space:nowrap\"><b>Code</b></td><td><b>Display</b></td><td><b>Definition</b></td></tr><tr><td style=\"white-space:nowrap\">migratory<a name=\"udsplus-agriculture-worker-status-codes-migratory\"> </a></td><td>Migratory Agriculture Worker</td><td>Patients whose principal employment is in agriculture and who establish a temporary home for the purposes of such employment as a migratory agricultural worker,</td></tr><tr><td style=\"white-space:nowrap\">seasonal<a name=\"udsplus-agriculture-worker-status-codes-seasonal\"> </a></td><td>Seasonal Agriculture Worker</td><td>Patients whose principal employment is in agriculture on a seasonal basis (e.g., picking fruit during the limited months of a picking season), but who DO NOT establish a temporary home for purposes of such employment</td></tr></table></div>"},"extension":[{"url":"http://hl7.org/fhir/StructureDefinition/structuredefinition-fmm","valueInteger":2,"_valueInteger":{"extension":[{"url":"http://hl7.org/fhir/StructureDefinition/structuredefinition-conformance-derivedFrom","valueCanonical":"http://fhir.org/guides/hrsa/uds-plus/ImplementationGuide/fhir.hrsa.uds-plus"}]}},{"url":"http://hl7.org/fhir/StructureDefinition/structuredefinition-standards-status","valueCode":"trial-use","_valueCode":{"extension":[{"url":"http://hl7.org/fhir/StructureDefinition/structuredefinition-conformance-derivedFrom","valueCanonical":"http://fhir.org/guides/hrsa/uds-plus/ImplementationGuide/fhir.hrsa.uds-plus"}]}}],"url":"http://fhir.org/guides/hrsa/uds-plus/CodeSystem/udsplus-agriculture-worker-status-codes","version":"1.1.0","name":"UDSPlusAgricultureWorkerStatusCodes","title":"UDS Plus Agriculter Worker Status Codes","status":"active","experimental":false,"date":"2022-09-06","publisher":"HRSA BPHC","contact":[{"telecom":[{"system":"url","value":"https://bphc.hrsa.gov/"}]}],"description":"The UDS Plus CodeSystem is a 'starter set' of codes supported for identifying agriculture worker status for UDS+ program.","jurisdiction":[{"coding":[{"system":"http://unstats.un.org/unsd/methods/m49/m49.htm","code":"001"}]}],"caseSensitive":true,"valueSet":"http://fhir.org/guides/hrsa/uds-plus/ValueSet/udsplus-agriculture-worker-status","content":"complete","count":2,"concept":[{"code":"migratory","display":"Migratory Agriculture Worker","definition":"Patients whose principal employment is in agriculture and who establish a temporary home for the purposes of such employment as a migratory agricultural worker,"},{"code":"seasonal","display":"Seasonal Agriculture Worker","definition":"Patients whose principal employment is in agriculture on a seasonal basis (e.g., picking fruit during the limited months of a picking season), but who DO NOT establish a temporary home for purposes of such employment"}]}