{"resourceType":"ValueSet","id":"uds-plus-sex-codes","meta":{"versionId":"1","lastUpdated":"2022-08-04T15:52:33.158+00:00","source":"#3Te0anOrvocKgcow","profile":["http://hl7.org/fhir/StructureDefinition/shareablevalueset"]},"text":{"status":"extensions","div":"<div xmlns=\"http://www.w3.org/1999/xhtml\"><p class=\"res-header-id\"><b>Generated Narrative: ValueSet uds-plus-sex-codes</b></p><a name=\"uds-plus-sex-codes\"> </a><a name=\"hcuds-plus-sex-codes\"> </a><a name=\"uds-plus-sex-codes-en-US\"> </a><div style=\"display: inline-block; background-color: #d9e0e7; padding: 6px; margin: 4px; border: 1px solid #8da1b4; border-radius: 5px; line-height: 60%\"><p style=\"margin-bottom: 0px\">version: 1; Last updated: 2022-08-04 15:52:33+0000; </p><p style=\"margin-bottom: 0px\">Information Source: #3Te0anOrvocKgcow</p><p style=\"margin-bottom: 0px\">Profile: <a href=\"http://hl7.org/fhir/R4/shareablevalueset.html\">Shareable ValueSet</a></p></div><p>This value set includes codes based on the following rules:</p><ul><li>Include these codes as defined in <a href=\"http://terminology.hl7.org/6.2.0/CodeSystem-v3-AdministrativeGender.html\"><code>http://terminology.hl7.org/CodeSystem/v3-AdministrativeGender|3.0.0</code></a><table class=\"none\"><tr><td style=\"white-space:nowrap\"><b>Code</b></td><td><b>Display</b></td><td><b>Definition</b></td></tr><tr><td><a href=\"http://terminology.hl7.org/6.2.0/CodeSystem-v3-AdministrativeGender.html#v3-AdministrativeGender-F\">F</a></td><td>Female</td><td>Female</td></tr><tr><td><a href=\"http://terminology.hl7.org/6.2.0/CodeSystem-v3-AdministrativeGender.html#v3-AdministrativeGender-M\">M</a></td><td>Male</td><td>Male</td></tr></table></li><li>Include these codes as defined in <a href=\"http://www.snomed.org/\"><code>http://snomed.info/sct</code></a><table class=\"none\"><tr><td style=\"white-space:nowrap\"><b>Code</b></td><td><b>Display</b></td></tr><tr><td><a href=\"http://snomed.info/id/248152002\">248152002</a></td><td>Female</td></tr><tr><td><a href=\"http://snomed.info/id/248153007\">248153007</a></td><td>Male</td></tr></table></li></ul></div>"},"extension":[{"url":"http://hl7.org/fhir/StructureDefinition/structuredefinition-fmm","valueInteger":2,"_valueInteger":{"extension":[{"url":"http://hl7.org/fhir/StructureDefinition/structuredefinition-conformance-derivedFrom","valueCanonical":"http://fhir.org/guides/hrsa/uds-plus/ImplementationGuide/fhir.hrsa.uds-plus"}]}},{"url":"http://hl7.org/fhir/StructureDefinition/structuredefinition-standards-status","valueCode":"trial-use","_valueCode":{"extension":[{"url":"http://hl7.org/fhir/StructureDefinition/structuredefinition-conformance-derivedFrom","valueCanonical":"http://fhir.org/guides/hrsa/uds-plus/ImplementationGuide/fhir.hrsa.uds-plus"}]}}],"url":"http://fhir.org/guides/hrsa/uds-plus/ValueSet/uds-plus-sex-codes","version":"2.0.0","name":"UdsPlusSexCodes","title":"Uds Plus Sex Codes","status":"active","experimental":false,"date":"2023-08-25","publisher":"HRSA BPHC","contact":[{"telecom":[{"system":"url","value":"https://bphc.hrsa.gov/"}]}],"description":"The Uds Plus Birth Sex Codes is a set of codes for identifying the birth sex of Patients, This ValueSet will deprecated in the future in favor of the CMS Sex codes value set used as part of the uds-plus-sex-extension.","jurisdiction":[{"coding":[{"system":"http://unstats.un.org/unsd/methods/m49/m49.htm","code":"001"}]}],"compose":{"include":[{"system":"http://terminology.hl7.org/CodeSystem/v3-AdministrativeGender|3.0.0","concept":[{"code":"F","display":"Female"},{"code":"M","display":"Male"}]},{"system":"http://snomed.info/sct","concept":[{"code":"248152002","display":"Female"},{"code":"248153007","display":"Male"}]}]}}