<?xml version="1.0" encoding="UTF-8"?><Bundle xmlns="http://hl7.org/fhir"><type value="collection"/><entry/><entry><resource><OperationOutcome><extension url="http://hl7.org/fhir/StructureDefinition/operationoutcome-file"><valueString value="C:\work\org.hl7.fhir.publish\fhir.argonaut.clinicalnotes#1.0.0\source\examples\cardiology-report"/></extension><issue><extension url="http://hl7.org/fhir/StructureDefinition/operationoutcome-issue-source"><valueCode value="TerminologyEngine"/></extension><severity value="error"/><code value="code-invalid"/><details><text value="The code &quot;LP29684-5&quot; is not valid in the system http://loinc.org; The code provided (http://loinc.org#LP29684-5) is not  valid in the value set All codes known to the system"/></details><location value="DiagnosticReport/cardiology-report: DiagnosticReport.category.coding (line 10, col14)"/></issue></OperationOutcome></resource></entry><entry><resource><OperationOutcome><extension url="http://hl7.org/fhir/StructureDefinition/operationoutcome-file"><valueString value="C:\work\org.hl7.fhir.publish\fhir.argonaut.clinicalnotes#1.0.0\source\examples\chest-xray-report"/></extension><issue><extension url="http://hl7.org/fhir/StructureDefinition/operationoutcome-issue-source"><valueCode value="TerminologyEngine"/></extension><severity value="error"/><code value="code-invalid"/><details><text value="The code &quot;LP29684-5&quot; is not valid in the system http://loinc.org; The code provided (http://loinc.org#LP29684-5) is not  valid in the value set All codes known to the system"/></details><location value="DiagnosticReport/chest-xray-report: DiagnosticReport.category.coding (line 10, col14)"/></issue><issue><extension url="http://hl7.org/fhir/StructureDefinition/operationoutcome-issue-source"><valueCode value="InstanceValidator"/></extension><severity value="warning"/><code value="code-invalid"/><details><text value="ValueSet http://hl7.org/fhir/ValueSet/mimetypes not found"/></details><location value="DiagnosticReport/chest-xray-report: DiagnosticReport.presentedForm.contentType (line 32, col48)"/></issue></OperationOutcome></resource></entry><entry><resource><OperationOutcome><extension url="http://hl7.org/fhir/StructureDefinition/operationoutcome-file"><valueString value="C:\work\org.hl7.fhir.publish\fhir.argonaut.clinicalnotes#1.0.0\source\examples\discharge-summary-note"/></extension><issue><extension url="http://hl7.org/fhir/StructureDefinition/operationoutcome-issue-source"><valueCode value="InstanceValidator"/></extension><severity value="warning"/><code value="code-invalid"/><details><text value="ValueSet http://hl7.org/fhir/ValueSet/mimetypes not found"/></details><location value="DocumentReference/discharge-summary-note: DocumentReference.content.attachment.contentType (line 34, col52)"/></issue></OperationOutcome></resource></entry><entry><resource><OperationOutcome><extension url="http://hl7.org/fhir/StructureDefinition/operationoutcome-file"><valueString value="C:\work\org.hl7.fhir.publish\fhir.argonaut.clinicalnotes#1.0.0\source\examples\patient-example"/></extension><issue><extension url="http://hl7.org/fhir/StructureDefinition/operationoutcome-issue-source"><valueCode value="TerminologyEngine"/></extension><severity value="warning"/><code value="code-invalid"/><details><text value="Could not confirm that the codes provided are in the value set http://hl7.org/fhir/us/core/ValueSet/detailed-race (http://hl7.org/fhir/us/core/ValueSet/detailed-race, and a code from this value set is required)"/></details><location value="Patient/example: Patient.extension[1].extension[4].valueCoding (line 60, col17)"/></issue><issue><extension url="http://hl7.org/fhir/StructureDefinition/operationoutcome-issue-source"><valueCode value="TerminologyEngine"/></extension><severity value="warning"/><code value="code-invalid"/><details><text value="Could not confirm that the codes provided are in the value set http://hl7.org/fhir/us/core/ValueSet/detailed-race (http://hl7.org/fhir/us/core/ValueSet/detailed-race, and a code from this value set is required)"/></details><location value="Patient/example: Patient.extension[1].extension[5].valueCoding (line 67, col17)"/></issue><issue><extension url="http://hl7.org/fhir/StructureDefinition/operationoutcome-issue-source"><valueCode value="TerminologyEngine"/></extension><severity value="warning"/><code value="code-invalid"/><details><text value="Could not confirm that the codes provided are in the value set http://hl7.org/fhir/us/core/ValueSet/detailed-ethnicity (http://hl7.org/fhir/us/core/ValueSet/detailed-ethnicity, and a code from this value set is required)"/></details><location value="Patient/example: Patient.extension[2].extension[2].valueCoding (line 86, col17)"/></issue><issue><extension url="http://hl7.org/fhir/StructureDefinition/operationoutcome-issue-source"><valueCode value="TerminologyEngine"/></extension><severity value="warning"/><code value="code-invalid"/><details><text value="Could not confirm that the codes provided are in the value set http://hl7.org/fhir/us/core/ValueSet/detailed-ethnicity (http://hl7.org/fhir/us/core/ValueSet/detailed-ethnicity, and a code from this value set is required)"/></details><location value="Patient/example: Patient.extension[2].extension[3].valueCoding (line 93, col17)"/></issue></OperationOutcome></resource></entry><entry><resource><OperationOutcome><extension url="http://hl7.org/fhir/StructureDefinition/operationoutcome-file"><valueString value="C:\work\org.hl7.fhir.publish\fhir.argonaut.clinicalnotes#1.0.0\source\examples\progress-note"/></extension><issue><extension url="http://hl7.org/fhir/StructureDefinition/operationoutcome-issue-source"><valueCode value="InstanceValidator"/></extension><severity value="warning"/><code value="code-invalid"/><details><text value="ValueSet http://hl7.org/fhir/ValueSet/mimetypes not found"/></details><location value="DocumentReference/progress-note: DocumentReference.content.attachment.contentType (line 34, col52)"/></issue></OperationOutcome></resource></entry><entry><resource><OperationOutcome><extension url="http://hl7.org/fhir/StructureDefinition/operationoutcome-file"><valueString value="C:\work\org.hl7.fhir.publish\fhir.argonaut.clinicalnotes#1.0.0\source\resources\capabilitystatement-argonaut-clinical-notes-client"/></extension><issue><extension url="http://hl7.org/fhir/StructureDefinition/operationoutcome-issue-source"><valueCode value="InstanceValidator"/></extension><severity value="warning"/><code value="code-invalid"/><details><text value="ValueSet http://hl7.org/fhir/ValueSet/mimetypes not found"/></details><location value="CapabilityStatement/argonaut-clinical-notes-client: CapabilityStatement.format[1] (line 23, col13)"/></issue><issue><extension url="http://hl7.org/fhir/StructureDefinition/operationoutcome-issue-source"><valueCode value="InstanceValidator"/></extension><severity value="warning"/><code value="code-invalid"/><details><text value="ValueSet http://hl7.org/fhir/ValueSet/mimetypes not found"/></details><location value="CapabilityStatement/argonaut-clinical-notes-client: CapabilityStatement.format[2] (line 25, col5)"/></issue><issue><extension url="http://hl7.org/fhir/StructureDefinition/operationoutcome-issue-source"><valueCode value="InstanceValidator"/></extension><severity value="warning"/><code value="code-invalid"/><details><text value="ValueSet http://hl7.org/fhir/ValueSet/mimetypes not found"/></details><location value="CapabilityStatement/argonaut-clinical-notes-client: CapabilityStatement.patchFormat (line 43, col5)"/></issue><issue><extension url="http://hl7.org/fhir/StructureDefinition/operationoutcome-issue-source"><valueCode value="InstanceValidator"/></extension><severity value="information"/><code value="informational"/><details><text value="This element does not match any known slice for the profile http://hl7.org/fhir/StructureDefinition/capabilitystatement-search-parameter-combination"/></details><location value="CapabilityStatement/argonaut-clinical-notes-client: CapabilityStatement.rest.resource[1].extension[2].extension[1] (line 490, col26)"/></issue><issue><extension url="http://hl7.org/fhir/StructureDefinition/operationoutcome-issue-source"><valueCode value="InstanceValidator"/></extension><severity value="information"/><code value="informational"/><details><text value="This element does not match any known slice for the profile http://hl7.org/fhir/StructureDefinition/capabilitystatement-search-parameter-combination"/></details><location value="CapabilityStatement/argonaut-clinical-notes-client: CapabilityStatement.rest.resource[1].extension[3].extension[1] (line 490, col26)"/></issue><issue><extension url="http://hl7.org/fhir/StructureDefinition/operationoutcome-issue-source"><valueCode value="InstanceValidator"/></extension><severity value="information"/><code value="informational"/><details><text value="This element does not match any known slice for the profile http://hl7.org/fhir/StructureDefinition/capabilitystatement-search-parameter-combination"/></details><location value="CapabilityStatement/argonaut-clinical-notes-client: CapabilityStatement.rest.resource[1].extension[4].extension[1] (line 490, col26)"/></issue><issue><extension url="http://hl7.org/fhir/StructureDefinition/operationoutcome-issue-source"><valueCode value="InstanceValidator"/></extension><severity value="information"/><code value="informational"/><details><text value="This element does not match any known slice for the profile http://hl7.org/fhir/StructureDefinition/capabilitystatement-search-parameter-combination"/></details><location value="CapabilityStatement/argonaut-clinical-notes-client: CapabilityStatement.rest.resource[1].extension[5].extension[1] (line 490, col26)"/></issue><issue><extension url="http://hl7.org/fhir/StructureDefinition/operationoutcome-issue-source"><valueCode value="InstanceValidator"/></extension><severity value="information"/><code value="informational"/><details><text value="This element does not match any known slice for the profile http://hl7.org/fhir/StructureDefinition/capabilitystatement-search-parameter-combination"/></details><location value="CapabilityStatement/argonaut-clinical-notes-client: CapabilityStatement.rest.resource[1].extension[6].extension[1] (line 490, col26)"/></issue><issue><extension url="http://hl7.org/fhir/StructureDefinition/operationoutcome-issue-source"><valueCode value="InstanceValidator"/></extension><severity value="information"/><code value="informational"/><details><text value="This element does not match any known slice for the profile http://hl7.org/fhir/StructureDefinition/capabilitystatement-search-parameter-combination"/></details><location value="CapabilityStatement/argonaut-clinical-notes-client: CapabilityStatement.rest.resource[2].extension[2].extension[1] (line 490, col26)"/></issue><issue><extension url="http://hl7.org/fhir/StructureDefinition/operationoutcome-issue-source"><valueCode value="InstanceValidator"/></extension><severity value="information"/><code value="informational"/><details><text value="This element does not match any known slice for the profile http://hl7.org/fhir/StructureDefinition/capabilitystatement-search-parameter-combination"/></details><location value="CapabilityStatement/argonaut-clinical-notes-client: CapabilityStatement.rest.resource[2].extension[3].extension[1] (line 490, col26)"/></issue><issue><extension url="http://hl7.org/fhir/StructureDefinition/operationoutcome-issue-source"><valueCode value="InstanceValidator"/></extension><severity value="information"/><code value="informational"/><details><text value="This element does not match any known slice for the profile http://hl7.org/fhir/StructureDefinition/capabilitystatement-search-parameter-combination"/></details><location value="CapabilityStatement/argonaut-clinical-notes-client: CapabilityStatement.rest.resource[2].extension[4].extension[1] (line 490, col26)"/></issue><issue><extension url="http://hl7.org/fhir/StructureDefinition/operationoutcome-issue-source"><valueCode value="InstanceValidator"/></extension><severity value="information"/><code value="informational"/><details><text value="This element does not match any known slice for the profile http://hl7.org/fhir/StructureDefinition/capabilitystatement-search-parameter-combination"/></details><location value="CapabilityStatement/argonaut-clinical-notes-client: CapabilityStatement.rest.resource[2].extension[5].extension[1] (line 490, col26)"/></issue><issue><extension url="http://hl7.org/fhir/StructureDefinition/operationoutcome-issue-source"><valueCode value="InstanceValidator"/></extension><severity value="information"/><code value="informational"/><details><text value="This element does not match any known slice for the profile http://hl7.org/fhir/StructureDefinition/capabilitystatement-search-parameter-combination"/></details><location value="CapabilityStatement/argonaut-clinical-notes-client: CapabilityStatement.rest.resource[2].extension[6].extension[1] (line 490, col26)"/></issue></OperationOutcome></resource></entry><entry><resource><OperationOutcome><extension url="http://hl7.org/fhir/StructureDefinition/operationoutcome-file"><valueString value="C:\work\org.hl7.fhir.publish\fhir.argonaut.clinicalnotes#1.0.0\source\resources\capabilitystatement-argonaut-clinical-notes-server"/></extension><issue><extension url="http://hl7.org/fhir/StructureDefinition/operationoutcome-issue-source"><valueCode value="InstanceValidator"/></extension><severity value="warning"/><code value="code-invalid"/><details><text value="ValueSet http://hl7.org/fhir/ValueSet/mimetypes not found"/></details><location value="CapabilityStatement/argonaut-clinical-notes-server: CapabilityStatement.format[1] (line 23, col13)"/></issue><issue><extension url="http://hl7.org/fhir/StructureDefinition/operationoutcome-issue-source"><valueCode value="InstanceValidator"/></extension><severity value="warning"/><code value="code-invalid"/><details><text value="ValueSet http://hl7.org/fhir/ValueSet/mimetypes not found"/></details><location value="CapabilityStatement/argonaut-clinical-notes-server: CapabilityStatement.format[2] (line 25, col5)"/></issue><issue><extension url="http://hl7.org/fhir/StructureDefinition/operationoutcome-issue-source"><valueCode value="InstanceValidator"/></extension><severity value="warning"/><code value="code-invalid"/><details><text value="ValueSet http://hl7.org/fhir/ValueSet/mimetypes not found"/></details><location value="CapabilityStatement/argonaut-clinical-notes-server: CapabilityStatement.patchFormat (line 43, col5)"/></issue><issue><extension url="http://hl7.org/fhir/StructureDefinition/operationoutcome-issue-source"><valueCode value="InstanceValidator"/></extension><severity value="information"/><code value="informational"/><details><text value="This element does not match any known slice for the profile http://hl7.org/fhir/StructureDefinition/capabilitystatement-search-parameter-combination"/></details><location value="CapabilityStatement/argonaut-clinical-notes-server: CapabilityStatement.rest.resource[1].extension[2].extension[1] (line 501, col26)"/></issue><issue><extension url="http://hl7.org/fhir/StructureDefinition/operationoutcome-issue-source"><valueCode value="InstanceValidator"/></extension><severity value="information"/><code value="informational"/><details><text value="This element does not match any known slice for the profile http://hl7.org/fhir/StructureDefinition/capabilitystatement-search-parameter-combination"/></details><location value="CapabilityStatement/argonaut-clinical-notes-server: CapabilityStatement.rest.resource[1].extension[3].extension[1] (line 501, col26)"/></issue><issue><extension url="http://hl7.org/fhir/StructureDefinition/operationoutcome-issue-source"><valueCode value="InstanceValidator"/></extension><severity value="information"/><code value="informational"/><details><text value="This element does not match any known slice for the profile http://hl7.org/fhir/StructureDefinition/capabilitystatement-search-parameter-combination"/></details><location value="CapabilityStatement/argonaut-clinical-notes-server: CapabilityStatement.rest.resource[1].extension[4].extension[1] (line 501, col26)"/></issue><issue><extension url="http://hl7.org/fhir/StructureDefinition/operationoutcome-issue-source"><valueCode value="InstanceValidator"/></extension><severity value="information"/><code value="informational"/><details><text value="This element does not match any known slice for the profile http://hl7.org/fhir/StructureDefinition/capabilitystatement-search-parameter-combination"/></details><location value="CapabilityStatement/argonaut-clinical-notes-server: CapabilityStatement.rest.resource[1].extension[5].extension[1] (line 501, col26)"/></issue><issue><extension url="http://hl7.org/fhir/StructureDefinition/operationoutcome-issue-source"><valueCode value="InstanceValidator"/></extension><severity value="information"/><code value="informational"/><details><text value="This element does not match any known slice for the profile http://hl7.org/fhir/StructureDefinition/capabilitystatement-search-parameter-combination"/></details><location value="CapabilityStatement/argonaut-clinical-notes-server: CapabilityStatement.rest.resource[1].extension[6].extension[1] (line 501, col26)"/></issue><issue><extension url="http://hl7.org/fhir/StructureDefinition/operationoutcome-issue-source"><valueCode value="InstanceValidator"/></extension><severity value="information"/><code value="informational"/><details><text value="This element does not match any known slice for the profile http://hl7.org/fhir/StructureDefinition/capabilitystatement-search-parameter-combination"/></details><location value="CapabilityStatement/argonaut-clinical-notes-server: CapabilityStatement.rest.resource[2].extension[2].extension[1] (line 462, col26)"/></issue><issue><extension url="http://hl7.org/fhir/StructureDefinition/operationoutcome-issue-source"><valueCode value="InstanceValidator"/></extension><severity value="information"/><code value="informational"/><details><text value="This element does not match any known slice for the profile http://hl7.org/fhir/StructureDefinition/capabilitystatement-search-parameter-combination"/></details><location value="CapabilityStatement/argonaut-clinical-notes-server: CapabilityStatement.rest.resource[2].extension[3].extension[1] (line 501, col26)"/></issue><issue><extension url="http://hl7.org/fhir/StructureDefinition/operationoutcome-issue-source"><valueCode value="InstanceValidator"/></extension><severity value="information"/><code value="informational"/><details><text value="This element does not match any known slice for the profile http://hl7.org/fhir/StructureDefinition/capabilitystatement-search-parameter-combination"/></details><location value="CapabilityStatement/argonaut-clinical-notes-server: CapabilityStatement.rest.resource[2].extension[4].extension[1] (line 462, col26)"/></issue><issue><extension url="http://hl7.org/fhir/StructureDefinition/operationoutcome-issue-source"><valueCode value="InstanceValidator"/></extension><severity value="information"/><code value="informational"/><details><text value="This element does not match any known slice for the profile http://hl7.org/fhir/StructureDefinition/capabilitystatement-search-parameter-combination"/></details><location value="CapabilityStatement/argonaut-clinical-notes-server: CapabilityStatement.rest.resource[2].extension[5].extension[1] (line 501, col26)"/></issue><issue><extension url="http://hl7.org/fhir/StructureDefinition/operationoutcome-issue-source"><valueCode value="InstanceValidator"/></extension><severity value="information"/><code value="informational"/><details><text value="This element does not match any known slice for the profile http://hl7.org/fhir/StructureDefinition/capabilitystatement-search-parameter-combination"/></details><location value="CapabilityStatement/argonaut-clinical-notes-server: CapabilityStatement.rest.resource[2].extension[6].extension[1] (line 462, col26)"/></issue></OperationOutcome></resource></entry></Bundle>