<?xml version="1.0" encoding="UTF-8"?><ValueSet xmlns="http://hl7.org/fhir"><id value="uds-plus-birthsex-codes"/><meta><versionId value="1"/><lastUpdated value="2022-08-04T15:52:33.158+00:00"/><source value="#3Te0anOrvocKgcow"/><profile value="http://hl7.org/fhir/StructureDefinition/shareablevalueset"/></meta><text><status value="extensions"/><div xmlns="http://www.w3.org/1999/xhtml"><ul><li>Include these codes as defined in <a href="http://terminology.hl7.org/5.0.0/CodeSystem-v3-AdministrativeGender.html"><code>http://terminology.hl7.org/CodeSystem/v3-AdministrativeGender</code></a><table class="none"><tr><td style="white-space:nowrap"><b>Code</b></td><td><b>Display</b></td><td><b>Definition</b></td></tr><tr><td><a href="http://terminology.hl7.org/5.0.0/CodeSystem-v3-AdministrativeGender.html#v3-AdministrativeGender-F">F</a></td><td>Female</td><td>Female</td></tr><tr><td><a href="http://terminology.hl7.org/5.0.0/CodeSystem-v3-AdministrativeGender.html#v3-AdministrativeGender-M">M</a></td><td>Male</td><td>Male</td></tr></table></li></ul></div></text><extension url="http://hl7.org/fhir/StructureDefinition/structuredefinition-fmm"><valueInteger value="2"><extension url="http://hl7.org/fhir/StructureDefinition/structuredefinition-conformance-derivedFrom"><valueCanonical value="http://fhir.org/guides/hrsa/uds-plus/ImplementationGuide/fhir.hrsa.uds-plus"/></extension></valueInteger></extension><extension url="http://hl7.org/fhir/StructureDefinition/structuredefinition-standards-status"><valueCode value="trial-use"><extension url="http://hl7.org/fhir/StructureDefinition/structuredefinition-conformance-derivedFrom"><valueCanonical value="http://fhir.org/guides/hrsa/uds-plus/ImplementationGuide/fhir.hrsa.uds-plus"/></extension></valueCode></extension><url value="http://fhir.org/guides/hrsa/uds-plus/ValueSet/uds-plus-birthsex-codes"/><version value="1.0.1"/><name value="UdsPlusBirthSexCodes"/><title value="Uds Plus Birth Sex Codes"/><status value="active"/><experimental value="false"/><date value="2023-08-25"/><publisher value="HRSA BPHC"/><contact><telecom><system value="url"/><value value="https://bphc.hrsa.gov/"/></telecom></contact><description value="The Uds Plus Birth Sex Codes is a set of codes for identifying the birth sex of Patients."/><jurisdiction><coding><system value="http://unstats.un.org/unsd/methods/m49/m49.htm"/><code value="001"/></coding></jurisdiction><compose><include><system value="http://terminology.hl7.org/CodeSystem/v3-AdministrativeGender"/><concept><code value="F"/><display value="Female"/></concept><concept><code value="M"/><display value="Male"/></concept></include></compose></ValueSet>