<?xml version="1.0" encoding="UTF-8"?>

<Condition xmlns="http://hl7.org/fhir">
  <id value="depression-condition-example-1"/>
  <meta>
    <profile value="http://hl7.org/fhir/us/core/StructureDefinition/us-core-condition-problems-health-concerns|6.1.0"/>
  </meta>
  <text>
    <status value="generated"/><div xmlns="http://www.w3.org/1999/xhtml"><p class="res-header-id"><b>Generated Narrative: Condition depression-condition-example-1</b></p><a name="depression-condition-example-1"> </a><a name="hcdepression-condition-example-1"> </a><div style="display: inline-block; background-color: #d9e0e7; padding: 6px; margin: 4px; border: 1px solid #8da1b4; border-radius: 5px; line-height: 60%"><p style="margin-bottom: 0px"/><p style="margin-bottom: 0px">Profile: <a href="http://hl7.org/fhir/us/core/STU6.1/StructureDefinition-us-core-condition-problems-health-concerns.html">US Core Condition Problems and Health Concerns Profileversion: null6.1.0)</a></p></div><p><b>clinicalStatus</b>: <span title="Codes:{http://terminology.hl7.org/CodeSystem/condition-clinical active}">Active</span></p><p><b>verificationStatus</b>: <span title="Codes:{http://terminology.hl7.org/CodeSystem/condition-ver-status confirmed}">Confirmed</span></p><p><b>category</b>: <span title="Codes:{http://terminology.hl7.org/CodeSystem/condition-category problem-list-item}">Problem List Item</span>, <span title="Codes:{http://hl7.org/fhir/us/core/CodeSystem/us-core-category sdoh}">Social Determinants Of Health</span></p><p><b>code</b>: <span title="Codes:{http://snomed.info/sct 310496002}, {http://hl7.org/fhir/sid/icd-10-cm F32.A}">Depression</span></p><p><b>subject</b>: <a href="Patient-bh-patient-example.html">James Wolff</a></p></div>
  </text>
  <clinicalStatus>
    <coding>
      <system value="http://terminology.hl7.org/CodeSystem/condition-clinical"/>
      <code value="active"/>
      <display value="Active"/>
    </coding>
  </clinicalStatus>
  <verificationStatus>
    <coding>
      <system value="http://terminology.hl7.org/CodeSystem/condition-ver-status"/>
      <version value="4.0.0"/>
      <code value="confirmed"/>
      <display value="Confirmed"/>
    </coding>
    <text value="Confirmed"/>
  </verificationStatus>
  <category>
    <coding>
      <system value="http://terminology.hl7.org/CodeSystem/condition-category"/>
      <code value="problem-list-item"/>
      <display value="Problem List Item"/>
    </coding>
    <text value="Problem List Item"/>
  </category>
  <category>
    <coding>
      <system value="http://hl7.org/fhir/us/core/CodeSystem/us-core-category"/>
      <code value="sdoh"/>
      <display value="SDOH"/>
    </coding>
    <text value="Social Determinants Of Health"/>
  </category>
  <code>
    <coding>
      <system value="http://snomed.info/sct"/>
      <code value="310496002"/>
      <display value="Moderate depression (disorder)"/>
    </coding>
    <coding>
      <system value="http://hl7.org/fhir/sid/icd-10-cm"/>
      <code value="F32.A"/>
      <display value="Depression, unspecified"/>
    </coding>
    <text value="Depression"/>
  </code>
  <subject>
    <reference value="Patient/bh-patient-example"/>
    <display value="James Wolff"/>
  </subject>
</Condition>