<?xml version="1.0" encoding="UTF-8"?>

<Goal xmlns="http://hl7.org/fhir">
  <id value="social-connection-example-1"/>
  <meta>
    <profile value="http://hl7.org/fhir/us/sdoh-clinicalcare/StructureDefinition/SDOHCC-Goal"/>
  </meta>
  <text>
    <status value="generated"/><div xmlns="http://www.w3.org/1999/xhtml"><p class="res-header-id"><b>Generated Narrative: Goal social-connection-example-1</b></p><a name="social-connection-example-1"> </a><a name="hcsocial-connection-example-1"> </a><div style="display: inline-block; background-color: #d9e0e7; padding: 6px; margin: 4px; border: 1px solid #8da1b4; border-radius: 5px; line-height: 60%"><p style="margin-bottom: 0px"/><p style="margin-bottom: 0px">Profile: <a href="http://hl7.org/fhir/us/sdoh-clinicalcare/STU2.3/StructureDefinition-SDOHCC-Goal.html">SDOHCC Goal</a></p></div><p><b>lifecycleStatus</b>: Active</p><p><b>achievementStatus</b>: <span title="Codes:{http://terminology.hl7.org/CodeSystem/goal-achievement improving}">Improving</span></p><p><b>description</b>: <span title="Codes:{http://snomed.info/sct 1230393005}">Adequate social participation (finding)</span></p><p><b>subject</b>: <a href="Patient-bh-patient-example.html">James Wolff</a></p><p><b>statusDate</b>: 2024-02-01</p></div>
  </text>
  <lifecycleStatus value="active"/>
  <achievementStatus>
    <coding>
      <system value="http://terminology.hl7.org/CodeSystem/goal-achievement"/>
      <code value="improving"/>
      <display value="Improving"/>
    </coding>
  </achievementStatus>
  <description>
    <coding>
      <system value="http://snomed.info/sct"/>
      <code value="1230393005"/>
      <display value="Adequate social participation (finding)"/>
    </coding>
  </description>
  <subject>
    <reference value="Patient/bh-patient-example"/>
    <display value="James Wolff"/>
  </subject>
  <statusDate value="2024-02-01"/>
</Goal>