<?xml version="1.0" encoding="UTF-8"?>

<Observation xmlns="http://hl7.org/fhir">
  <id value="anxiety-assessment-observation-example-1"/>
  <meta>
    <profile value="http://hl7.org/fhir/us/core/StructureDefinition/us-core-observation-screening-assessment|6.1.0"/>
  </meta>
  <text>
    <status value="generated"/><div xmlns="http://www.w3.org/1999/xhtml"><p class="res-header-id"><b>Generated Narrative: Observation anxiety-assessment-observation-example-1</b></p><a name="anxiety-assessment-observation-example-1"> </a><a name="hcanxiety-assessment-observation-example-1"> </a><div style="display: inline-block; background-color: #d9e0e7; padding: 6px; margin: 4px; border: 1px solid #8da1b4; border-radius: 5px; line-height: 60%"><p style="margin-bottom: 0px"/><p style="margin-bottom: 0px">Profile: <a href="http://hl7.org/fhir/us/core/STU6.1/StructureDefinition-us-core-observation-screening-assessment.html">US Core Observation Screening Assessment Profileversion: null6.1.0)</a></p></div><p><b>status</b>: Final</p><p><b>category</b>: <span title="Codes:{http://terminology.hl7.org/CodeSystem/observation-category survey}">Survey</span></p><p><b>code</b>: <span title="Codes:{http://loinc.org 71891-6}">M3 Checklist</span></p><p><b>subject</b>: <a href="Patient-bh-patient-example.html">James Wolff</a></p><p><b>effective</b>: 2024-02-01</p><p><b>performer</b>: <a href="Practitioner-mental-health-provider-example-1.html">Dr. Lazslo Cravensworth</a></p><h3>Components</h3><table class="grid"><tr><td style="display: none">-</td><td><b>Code</b></td><td><b>Value[x]</b></td></tr><tr><td style="display: none">*</td><td><span title="Codes:{http://loinc.org 71816-3}">I have attacks of anxiety or panic since I took my last screen [M3]</span></td><td><span title="Codes:{http://loinc.org LA14734-0}">Most of the time</span></td></tr></table></div>
  </text>
  <status value="final"/>
  <category>
    <coding>
      <system value="http://terminology.hl7.org/CodeSystem/observation-category"/>
      <code value="survey"/>
      <display value="Survey"/>
    </coding>
    <text value="Survey"/>
  </category>
  <code>
    <coding>
      <system value="http://loinc.org"/>
      <code value="71891-6"/>
      <display value="M3 Checklist - follow-up [M3]"/>
    </coding>
    <text value="M3 Checklist"/>
  </code>
  <subject>
    <reference value="Patient/bh-patient-example"/>
    <display value="James Wolff"/>
  </subject>
  <effectiveDateTime value="2024-02-01"/>
  <performer>
    <reference value="Practitioner/mental-health-provider-example-1"/>
    <display value="Dr. Lazslo Cravensworth"/>
  </performer>
  <component>
    <code>
      <coding>
        <system value="http://loinc.org"/>
        <code value="71816-3"/>
        <display value="I have attacks of anxiety or panic since I took my last screen [M3]"/>
      </coding>
      <text value="I have attacks of anxiety or panic since I took my last screen [M3]"/>
    </code>
    <valueCodeableConcept>
      <coding>
        <system value="http://loinc.org"/>
        <code value="LA14734-0"/>
        <display value="Most of the time"/>
      </coding>
      <text value="Most of the time"/>
    </valueCodeableConcept>
  </component>
</Observation>