<?xml version="1.0" encoding="UTF-8"?>

<Observation xmlns="http://hl7.org/fhir">
  <id value="no-morphine-preference-observation-example-1"/>
  <meta>
    <profile value="http://hl7.org/fhir/us/core/StructureDefinition/us-core-treatment-intervention-preference"/>
  </meta>
  <text>
    <status value="generated"/><div xmlns="http://www.w3.org/1999/xhtml"><p class="res-header-id"><b>Generated Narrative: Observation no-morphine-preference-observation-example-1</b></p><a name="no-morphine-preference-observation-example-1"> </a><a name="hcno-morphine-preference-observation-example-1"> </a><div style="display: inline-block; background-color: #d9e0e7; padding: 6px; margin: 4px; border: 1px solid #8da1b4; border-radius: 5px; line-height: 60%"><p style="margin-bottom: 0px"/><p style="margin-bottom: 0px">Profile: <a href="http://hl7.org/fhir/us/core/STU7/StructureDefinition-us-core-treatment-intervention-preference.html">US Core Treatment Intervention Preference Profile</a></p></div><p><b>status</b>: Final</p><p><b>category</b>: <span title="Codes:{http://hl7.org/fhir/us/core/CodeSystem/us-core-category treatment-intervention-preference}">Treatment Intervention Preference</span></p><p><b>code</b>: <span title="Codes:{http://loinc.org 75773-2}">Goals, preferences, and priorities for medical treatment Narrative - Reported</span></p><p><b>subject</b>: <a href="Patient-bh-patient-example.html">James Wolff</a></p><p><b>effective</b>: 2024-02-01</p><p><b>performer</b>: <a href="Practitioner-pcp-provider-example-1.html">Dr. Doc Family</a></p><p><b>value</b>: James made sure to let the staff know that he does NOT want morphine for his chest pain, citing a past struggle with opioids and other substances.</p></div>
  </text>
  <status value="final"/>
  <category>
    <coding>
      <system value="http://hl7.org/fhir/us/core/CodeSystem/us-core-category"/>
      <code value="treatment-intervention-preference"/>
      <display value="Treatment Intervention Preference"/>
    </coding>
    <text value="Treatment Intervention Preference"/>
  </category>
  <code>
    <coding>
      <system value="http://loinc.org"/>
      <code value="75773-2"/>
      <display value="Goals, preferences, and priorities for medical treatment Narrative - Reported"/>
    </coding>
    <text value="Goals, preferences, and priorities for medical treatment Narrative - Reported"/>
  </code>
  <subject>
    <reference value="Patient/bh-patient-example"/>
    <display value="James Wolff"/>
  </subject>
  <effectiveDateTime value="2024-02-01"/>
  <performer>
    <reference value="Practitioner/pcp-provider-example-1"/>
    <display value="Dr. Doc Family"/>
  </performer>
  <valueString value="James made sure to let the staff know that he does NOT want morphine for his chest pain, citing a past struggle with opioids and other substances."/>
</Observation>