<?xml version="1.0" encoding="UTF-8"?>

<ServiceRequest xmlns="http://hl7.org/fhir">
  <id value="ServiceRequest-peer-mentoring-example-1"/>
  <meta>
    <profile value="http://hl7.org/fhir/us/sdoh-clinicalcare/StructureDefinition/SDOHCC-ServiceRequest"/>
  </meta>
  <text>
    <status value="generated"/><div xmlns="http://www.w3.org/1999/xhtml"><p class="res-header-id"><b>Generated Narrative: ServiceRequest ServiceRequest-peer-mentoring-example-1</b></p><a name="ServiceRequest-peer-mentoring-example-1"> </a><a name="hcServiceRequest-peer-mentoring-example-1"> </a><div style="display: inline-block; background-color: #d9e0e7; padding: 6px; margin: 4px; border: 1px solid #8da1b4; border-radius: 5px; line-height: 60%"><p style="margin-bottom: 0px"/><p style="margin-bottom: 0px">Profile: <a href="http://hl7.org/fhir/us/sdoh-clinicalcare/STU2.3/StructureDefinition-SDOHCC-ServiceRequest.html">SDOHCC ServiceRequest</a></p></div><p><b>status</b>: Completed</p><p><b>intent</b>: Order</p><p><b>category</b>: <span title="Codes:{http://snomed.info/sct 410606002}">Social service procedure</span>, <span title="Codes:{http://hl7.org/fhir/us/sdoh-clinicalcare/CodeSystem/SDOHCC-CodeSystemTemporaryCodes social-connection}">Social Connection</span></p><p><b>code</b>: <span title="Codes:{http://snomed.info/sct 461481000124109}">Referral to peer support (procedure)</span></p><p><b>subject</b>: <a href="Patient-bh-patient-example.html">James Wolff</a></p><p><b>reasonReference</b>: <a href="Condition-depression-condition-example-1.html">Condition Moderate depression (disorder)</a></p></div>
  </text>
  <status value="completed"/>
  <intent value="order"/>
  <category>
    <coding>
      <system value="http://snomed.info/sct"/>
      <code value="410606002"/>
      <display value="Social service procedure"/>
    </coding>
  </category>
  <category>
    <coding>
      <system value="http://hl7.org/fhir/us/sdoh-clinicalcare/CodeSystem/SDOHCC-CodeSystemTemporaryCodes"/>
      <code value="social-connection"/>
      <display value="Social Connection"/>
    </coding>
  </category>
  <code>
    <coding>
      <system value="http://snomed.info/sct"/>
      <code value="461481000124109"/>
      <display value="Referral to peer support (procedure)"/>
    </coding>
  </code>
  <subject>
    <reference value="Patient/bh-patient-example"/>
    <display value="James Wolff"/>
  </subject>
  <reasonReference>
    <reference value="Condition/depression-condition-example-1"/>
  </reasonReference>
</ServiceRequest>