<?xml version="1.0" encoding="UTF-8"?>

<ImplementationGuide xmlns="http://hl7.org/fhir">
  <id value="fhir.hrsa.uds-plus"/>
  <text>
    <status value="generated"/><div xmlns="http://www.w3.org/1999/xhtml"><p class="res-header-id"><b>Generated Narrative: ImplementationGuide fhir.hrsa.uds-plus</b></p><a name="fhir.hrsa.uds-plus"> </a><a name="hcfhir.hrsa.uds-plus"> </a><a name="fhir.hrsa.uds-plus-en-US"> </a><h2>UdsPlusFhirIg</h2><p>The official URL for this implementation guide is: </p><pre>http://fhir.org/guides/hrsa/uds-plus/ImplementationGuide/fhir.hrsa.uds-plus</pre><div><p>A brief description of what udsplus is about (probably the same text as in your readme)</p>
</div></div>
  </text>
  <extension url="http://hl7.org/fhir/StructureDefinition/structuredefinition-standards-status">
    <valueCode value="trial-use"/>
  </extension>
  <extension url="http://hl7.org/fhir/StructureDefinition/structuredefinition-fmm">
    <valueInteger value="2"/>
  </extension>
  <url value="http://fhir.org/guides/hrsa/uds-plus/ImplementationGuide/fhir.hrsa.uds-plus"/>
  <version value="1.1.0"/>
  <name value="UdsPlusFhirIg"/>
  <title value="HRSA 2023 Uniform Data System (UDS) Patient Level Submission (PLS) (UDS+) FHIR IG"/>
  <status value="active"/>
  <experimental value="false"/>
  <date value="2024-09-20T09:30:38-04:00"/>
  <publisher value="HRSA BPHC"/>
  <contact>
    <telecom>
      <system value="url"/>
      <value value="https://bphc.hrsa.gov/"/>
    </telecom>
  </contact>
  <description value="A brief description of what udsplus is about (probably the same text as in your readme)"/>
  <jurisdiction>
    <coding>
      <system value="http://unstats.un.org/unsd/methods/m49/m49.htm"/>
      <code value="001"/>
    </coding>
  </jurisdiction>
  <packageId value="fhir.hrsa.uds-plus"/>
  <license value="CC0-1.0"/>
  <fhirVersion value="4.0.1"/>
  <dependsOn id="hl7tx">
    <extension url="http://hl7.org/fhir/tools/StructureDefinition/implementationguide-dependency-comment">
      <valueMarkdown value="Automatically added as a dependency - all IGs depend on HL7 Terminology"/>
    </extension>
    <uri value="http://terminology.hl7.org/ImplementationGuide/hl7.terminology"/>
    <packageId value="hl7.terminology.r4"/>
    <version value="6.0.2"/>
  </dependsOn>
  <dependsOn id="hl7ext">
    <extension url="http://hl7.org/fhir/tools/StructureDefinition/implementationguide-dependency-comment">
      <valueMarkdown value="Automatically added as a dependency - all IGs depend on the HL7 Extension Pack"/>
    </extension>
    <uri value="http://hl7.org/fhir/extensions/ImplementationGuide/hl7.fhir.uv.extensions"/>
    <packageId value="hl7.fhir.uv.extensions.r4"/>
    <version value="5.1.0"/>
  </dependsOn>
  <dependsOn id="uscoreR4">
    <uri value="http://hl7.org/fhir/us/core/ImplementationGuide/hl7.fhir.us.core"/>
    <packageId value="hl7.fhir.us.core"/>
    <version value="6.1.0"/>
  </dependsOn>
  <dependsOn id="bulkig">
    <uri value="http://hl7.org/fhir/uv/bulkdata/ImplementationGuide/hl7.fhir.uv.bulkdata"/>
    <packageId value="hl7.fhir.uv.bulkdata"/>
    <version value="2.0.0"/>
  </dependsOn>
  <dependsOn id="smartapplaunch">
    <uri value="http://hl7.org/fhir/smart-app-launch/ImplementationGuide/hl7.fhir.uv.smart-app-launch"/>
    <packageId value="hl7.fhir.uv.smart-app-launch"/>
    <version value="2.1.0"/>
  </dependsOn>
  <dependsOn id="usnlmvsac">
    <uri value="http://fhir.org/packages/us.nlm.vsac/ImplementationGuide/us.nlm.vsac"/>
    <packageId value="us.nlm.vsac"/>
    <version value="0.15.0"/>
  </dependsOn>
  <dependsOn id="uscdcphinvads">
    <uri value="http://fhir.org/packages/us.cdc.phinvads/ImplementationGuide/us.cdc.phinvads"/>
    <packageId value="us.cdc.phinvads"/>
    <version value="0.12.0"/>
  </dependsOn>
  <definition>
    <extension url="http://hl7.org/fhir/tools/StructureDefinition/ig-parameter">
      <extension url="code">
        <valueString value="no-narrative"/>
      </extension>
      <extension url="value">
        <valueString value="AdverseEvent/de-identified-example"/>
      </extension>
    </extension>
    <extension url="http://hl7.org/fhir/tools/StructureDefinition/ig-parameter">
      <extension url="code">
        <valueString value="no-narrative"/>
      </extension>
      <extension url="value">
        <valueString value="AllergyIntolerance/de-identified-example"/>
      </extension>
    </extension>
    <extension url="http://hl7.org/fhir/tools/StructureDefinition/ig-parameter">
      <extension url="code">
        <valueString value="no-narrative"/>
      </extension>
      <extension url="value">
        <valueString value="Observation/clinical-result-de-identified-example"/>
      </extension>
    </extension>
    <extension url="http://hl7.org/fhir/tools/StructureDefinition/ig-parameter">
      <extension url="code">
        <valueString value="no-narrative"/>
      </extension>
      <extension url="value">
        <valueString value="Condition/de-identified-example"/>
      </extension>
    </extension>
    <extension url="http://hl7.org/fhir/tools/StructureDefinition/ig-parameter">
      <extension url="code">
        <valueString value="no-narrative"/>
      </extension>
      <extension url="value">
        <valueString value="Coverage/de-identified-example"/>
      </extension>
    </extension>
    <extension url="http://hl7.org/fhir/tools/StructureDefinition/ig-parameter">
      <extension url="code">
        <valueString value="no-narrative"/>
      </extension>
      <extension url="value">
        <valueString value="Immunization/de-identified-example"/>
      </extension>
    </extension>
    <extension url="http://hl7.org/fhir/tools/StructureDefinition/ig-parameter">
      <extension url="code">
        <valueString value="no-narrative"/>
      </extension>
      <extension url="value">
        <valueString value="Observation/de-identified-example"/>
      </extension>
    </extension>
    <extension url="http://hl7.org/fhir/tools/StructureDefinition/ig-parameter">
      <extension url="code">
        <valueString value="no-narrative"/>
      </extension>
      <extension url="value">
        <valueString value="MedicationRequest/de-identified-example"/>
      </extension>
    </extension>
    <extension url="http://hl7.org/fhir/tools/StructureDefinition/ig-parameter">
      <extension url="code">
        <valueString value="no-narrative"/>
      </extension>
      <extension url="value">
        <valueString value="MedicationStatement/de-identified-example"/>
      </extension>
    </extension>
    <extension url="http://hl7.org/fhir/tools/StructureDefinition/ig-parameter">
      <extension url="code">
        <valueString value="no-narrative"/>
      </extension>
      <extension url="value">
        <valueString value="Patient/de-identified-example"/>
      </extension>
    </extension>
    <extension url="http://hl7.org/fhir/tools/StructureDefinition/ig-parameter">
      <extension url="code">
        <valueString value="no-narrative"/>
      </extension>
      <extension url="value">
        <valueString value="Patient/de-identified-smallpop-example"/>
      </extension>
    </extension>
    <extension url="http://hl7.org/fhir/tools/StructureDefinition/ig-parameter">
      <extension url="code">
        <valueString value="no-narrative"/>
      </extension>
      <extension url="value">
        <valueString value="Patient/de-identified-age89-example"/>
      </extension>
    </extension>
    <extension url="http://hl7.org/fhir/tools/StructureDefinition/ig-parameter">
      <extension url="code">
        <valueString value="no-narrative"/>
      </extension>
      <extension url="value">
        <valueString value="Procedure/de-identified-example"/>
      </extension>
    </extension>
    <extension url="http://hl7.org/fhir/tools/StructureDefinition/ig-parameter">
      <extension url="code">
        <valueString value="no-narrative"/>
      </extension>
      <extension url="value">
        <valueString value="RelatedPerson/de-identified-example"/>
      </extension>
    </extension>
    <extension url="http://hl7.org/fhir/tools/StructureDefinition/ig-parameter">
      <extension url="code">
        <valueString value="no-narrative"/>
      </extension>
      <extension url="value">
        <valueString value="ServiceRequest/de-identified-example"/>
      </extension>
    </extension>
    <extension url="http://hl7.org/fhir/tools/StructureDefinition/ig-parameter">
      <extension url="code">
        <valueString value="no-narrative"/>
      </extension>
      <extension url="value">
        <valueString value="Observation/de-identified-sexual-orientation-example"/>
      </extension>
    </extension>
    <extension url="http://hl7.org/fhir/tools/StructureDefinition/ig-parameter">
      <extension url="code">
        <valueString value="no-narrative"/>
      </extension>
      <extension url="value">
        <valueString value="Encounter/de-identified-example"/>
      </extension>
    </extension>
    <extension url="http://hl7.org/fhir/tools/StructureDefinition/ig-parameter">
      <extension url="code">
        <valueString value="no-narrative"/>
      </extension>
      <extension url="value">
        <valueString value="Observation/de-identified-income-example"/>
      </extension>
    </extension>
    <extension url="http://hl7.org/fhir/tools/StructureDefinition/ig-parameter">
      <extension url="code">
        <valueString value="no-narrative"/>
      </extension>
      <extension url="value">
        <valueString value="Observation/de-identified-income-with-quantity-example"/>
      </extension>
    </extension>
    <extension url="http://hl7.org/fhir/tools/StructureDefinition/ig-parameter">
      <extension url="code">
        <valueString value="no-narrative"/>
      </extension>
      <extension url="value">
        <valueString value="Observation/de-identified-example"/>
      </extension>
    </extension>
    <extension url="http://hl7.org/fhir/tools/StructureDefinition/ig-parameter">
      <extension url="code">
        <valueString value="no-narrative"/>
      </extension>
      <extension url="value">
        <valueString value="Observation/generic-observation-de-identified-example"/>
      </extension>
    </extension>
    <extension url="http://hl7.org/fhir/tools/StructureDefinition/ig-parameter">
      <extension url="code">
        <valueString value="copyrightyear"/>
      </extension>
      <extension url="value">
        <valueString value="2023+"/>
      </extension>
    </extension>
    <extension url="http://hl7.org/fhir/tools/StructureDefinition/ig-parameter">
      <extension url="code">
        <valueString value="releaselabel"/>
      </extension>
      <extension url="value">
        <valueString value="STU1 Release 1.1 - Standard for Trial-Use"/>
      </extension>
    </extension>
    <extension url="http://hl7.org/fhir/tools/StructureDefinition/ig-parameter">
      <extension url="code">
        <valueString value="path-expansion-params"/>
      </extension>
      <extension url="value">
        <valueString value="terminology-settings.json"/>
      </extension>
    </extension>
    <extension url="http://hl7.org/fhir/tools/StructureDefinition/ig-parameter">
      <extension url="code">
        <valueString value="autoload-resources"/>
      </extension>
      <extension url="value">
        <valueString value="true"/>
      </extension>
    </extension>
    <extension url="http://hl7.org/fhir/tools/StructureDefinition/ig-parameter">
      <extension url="code">
        <valueString value="path-liquid"/>
      </extension>
      <extension url="value">
        <valueString value="template/liquid"/>
      </extension>
    </extension>
    <extension url="http://hl7.org/fhir/tools/StructureDefinition/ig-parameter">
      <extension url="code">
        <valueString value="path-liquid"/>
      </extension>
      <extension url="value">
        <valueString value="input/liquid"/>
      </extension>
    </extension>
    <extension url="http://hl7.org/fhir/tools/StructureDefinition/ig-parameter">
      <extension url="code">
        <valueString value="path-qa"/>
      </extension>
      <extension url="value">
        <valueString value="temp/qa"/>
      </extension>
    </extension>
    <extension url="http://hl7.org/fhir/tools/StructureDefinition/ig-parameter">
      <extension url="code">
        <valueString value="path-temp"/>
      </extension>
      <extension url="value">
        <valueString value="temp/pages"/>
      </extension>
    </extension>
    <extension url="http://hl7.org/fhir/tools/StructureDefinition/ig-parameter">
      <extension url="code">
        <valueString value="path-output"/>
      </extension>
      <extension url="value">
        <valueString value="output"/>
      </extension>
    </extension>
    <extension url="http://hl7.org/fhir/tools/StructureDefinition/ig-parameter">
      <extension url="code">
        <valueString value="path-suppressed-warnings"/>
      </extension>
      <extension url="value">
        <valueString value="input/ignoreWarnings.txt"/>
      </extension>
    </extension>
    <extension url="http://hl7.org/fhir/tools/StructureDefinition/ig-parameter">
      <extension url="code">
        <valueString value="path-history"/>
      </extension>
      <extension url="value">
        <valueString value="http://fhir.org/guides/hrsa/uds-plus/history.html"/>
      </extension>
    </extension>
    <extension url="http://hl7.org/fhir/tools/StructureDefinition/ig-parameter">
      <extension url="code">
        <valueString value="template-html"/>
      </extension>
      <extension url="value">
        <valueString value="template-page.html"/>
      </extension>
    </extension>
    <extension url="http://hl7.org/fhir/tools/StructureDefinition/ig-parameter">
      <extension url="code">
        <valueString value="template-md"/>
      </extension>
      <extension url="value">
        <valueString value="template-page-md.html"/>
      </extension>
    </extension>
    <extension url="http://hl7.org/fhir/tools/StructureDefinition/ig-parameter">
      <extension url="code">
        <valueString value="apply-contact"/>
      </extension>
      <extension url="value">
        <valueString value="true"/>
      </extension>
    </extension>
    <extension url="http://hl7.org/fhir/tools/StructureDefinition/ig-parameter">
      <extension url="code">
        <valueString value="apply-context"/>
      </extension>
      <extension url="value">
        <valueString value="true"/>
      </extension>
    </extension>
    <extension url="http://hl7.org/fhir/tools/StructureDefinition/ig-parameter">
      <extension url="code">
        <valueString value="apply-copyright"/>
      </extension>
      <extension url="value">
        <valueString value="true"/>
      </extension>
    </extension>
    <extension url="http://hl7.org/fhir/tools/StructureDefinition/ig-parameter">
      <extension url="code">
        <valueString value="apply-jurisdiction"/>
      </extension>
      <extension url="value">
        <valueString value="true"/>
      </extension>
    </extension>
    <extension url="http://hl7.org/fhir/tools/StructureDefinition/ig-parameter">
      <extension url="code">
        <valueString value="apply-license"/>
      </extension>
      <extension url="value">
        <valueString value="true"/>
      </extension>
    </extension>
    <extension url="http://hl7.org/fhir/tools/StructureDefinition/ig-parameter">
      <extension url="code">
        <valueString value="apply-publisher"/>
      </extension>
      <extension url="value">
        <valueString value="true"/>
      </extension>
    </extension>
    <extension url="http://hl7.org/fhir/tools/StructureDefinition/ig-parameter">
      <extension url="code">
        <valueString value="apply-version"/>
      </extension>
      <extension url="value">
        <valueString value="true"/>
      </extension>
    </extension>
    <extension url="http://hl7.org/fhir/tools/StructureDefinition/ig-parameter">
      <extension url="code">
        <valueString value="apply-wg"/>
      </extension>
      <extension url="value">
        <valueString value="true"/>
      </extension>
    </extension>
    <extension url="http://hl7.org/fhir/tools/StructureDefinition/ig-parameter">
      <extension url="code">
        <valueString value="active-tables"/>
      </extension>
      <extension url="value">
        <valueString value="true"/>
      </extension>
    </extension>
    <extension url="http://hl7.org/fhir/tools/StructureDefinition/ig-parameter">
      <extension url="code">
        <valueString value="fmm-definition"/>
      </extension>
      <extension url="value">
        <valueString value="http://hl7.org/fhir/versions.html#maturity"/>
      </extension>
    </extension>
    <extension url="http://hl7.org/fhir/tools/StructureDefinition/ig-parameter">
      <extension url="code">
        <valueString value="propagate-status"/>
      </extension>
      <extension url="value">
        <valueString value="true"/>
      </extension>
    </extension>
    <extension url="http://hl7.org/fhir/tools/StructureDefinition/ig-parameter">
      <extension url="code">
        <valueString value="excludelogbinaryformat"/>
      </extension>
      <extension url="value">
        <valueString value="true"/>
      </extension>
    </extension>
    <extension url="http://hl7.org/fhir/tools/StructureDefinition/ig-parameter">
      <extension url="code">
        <valueString value="tabbed-snapshots"/>
      </extension>
      <extension url="value">
        <valueString value="true"/>
      </extension>
    </extension>
    <extension url="http://hl7.org/fhir/tools/StructureDefinition/ig-internal-dependency">
      <valueCode value="hl7.fhir.uv.tools#0.2.0"/>
    </extension>
    <extension url="http://hl7.org/fhir/tools/StructureDefinition/ig-parameter">
      <extension url="code">
        <valueCode value="no-narrative"/>
      </extension>
      <extension url="value">
        <valueString value="AdverseEvent/de-identified-example"/>
      </extension>
    </extension>
    <extension url="http://hl7.org/fhir/tools/StructureDefinition/ig-parameter">
      <extension url="code">
        <valueCode value="no-narrative"/>
      </extension>
      <extension url="value">
        <valueString value="AllergyIntolerance/de-identified-example"/>
      </extension>
    </extension>
    <extension url="http://hl7.org/fhir/tools/StructureDefinition/ig-parameter">
      <extension url="code">
        <valueCode value="no-narrative"/>
      </extension>
      <extension url="value">
        <valueString value="Observation/clinical-result-de-identified-example"/>
      </extension>
    </extension>
    <extension url="http://hl7.org/fhir/tools/StructureDefinition/ig-parameter">
      <extension url="code">
        <valueCode value="no-narrative"/>
      </extension>
      <extension url="value">
        <valueString value="Condition/de-identified-example"/>
      </extension>
    </extension>
    <extension url="http://hl7.org/fhir/tools/StructureDefinition/ig-parameter">
      <extension url="code">
        <valueCode value="no-narrative"/>
      </extension>
      <extension url="value">
        <valueString value="Coverage/de-identified-example"/>
      </extension>
    </extension>
    <extension url="http://hl7.org/fhir/tools/StructureDefinition/ig-parameter">
      <extension url="code">
        <valueCode value="no-narrative"/>
      </extension>
      <extension url="value">
        <valueString value="Immunization/de-identified-example"/>
      </extension>
    </extension>
    <extension url="http://hl7.org/fhir/tools/StructureDefinition/ig-parameter">
      <extension url="code">
        <valueCode value="no-narrative"/>
      </extension>
      <extension url="value">
        <valueString value="Observation/de-identified-example"/>
      </extension>
    </extension>
    <extension url="http://hl7.org/fhir/tools/StructureDefinition/ig-parameter">
      <extension url="code">
        <valueCode value="no-narrative"/>
      </extension>
      <extension url="value">
        <valueString value="MedicationRequest/de-identified-example"/>
      </extension>
    </extension>
    <extension url="http://hl7.org/fhir/tools/StructureDefinition/ig-parameter">
      <extension url="code">
        <valueCode value="no-narrative"/>
      </extension>
      <extension url="value">
        <valueString value="MedicationStatement/de-identified-example"/>
      </extension>
    </extension>
    <extension url="http://hl7.org/fhir/tools/StructureDefinition/ig-parameter">
      <extension url="code">
        <valueCode value="no-narrative"/>
      </extension>
      <extension url="value">
        <valueString value="Patient/de-identified-example"/>
      </extension>
    </extension>
    <extension url="http://hl7.org/fhir/tools/StructureDefinition/ig-parameter">
      <extension url="code">
        <valueCode value="no-narrative"/>
      </extension>
      <extension url="value">
        <valueString value="Patient/de-identified-smallpop-example"/>
      </extension>
    </extension>
    <extension url="http://hl7.org/fhir/tools/StructureDefinition/ig-parameter">
      <extension url="code">
        <valueCode value="no-narrative"/>
      </extension>
      <extension url="value">
        <valueString value="Patient/de-identified-age89-example"/>
      </extension>
    </extension>
    <extension url="http://hl7.org/fhir/tools/StructureDefinition/ig-parameter">
      <extension url="code">
        <valueCode value="no-narrative"/>
      </extension>
      <extension url="value">
        <valueString value="Procedure/de-identified-example"/>
      </extension>
    </extension>
    <extension url="http://hl7.org/fhir/tools/StructureDefinition/ig-parameter">
      <extension url="code">
        <valueCode value="no-narrative"/>
      </extension>
      <extension url="value">
        <valueString value="RelatedPerson/de-identified-example"/>
      </extension>
    </extension>
    <extension url="http://hl7.org/fhir/tools/StructureDefinition/ig-parameter">
      <extension url="code">
        <valueCode value="no-narrative"/>
      </extension>
      <extension url="value">
        <valueString value="ServiceRequest/de-identified-example"/>
      </extension>
    </extension>
    <extension url="http://hl7.org/fhir/tools/StructureDefinition/ig-parameter">
      <extension url="code">
        <valueCode value="no-narrative"/>
      </extension>
      <extension url="value">
        <valueString value="Observation/de-identified-sexual-orientation-example"/>
      </extension>
    </extension>
    <extension url="http://hl7.org/fhir/tools/StructureDefinition/ig-parameter">
      <extension url="code">
        <valueCode value="no-narrative"/>
      </extension>
      <extension url="value">
        <valueString value="Encounter/de-identified-example"/>
      </extension>
    </extension>
    <extension url="http://hl7.org/fhir/tools/StructureDefinition/ig-parameter">
      <extension url="code">
        <valueCode value="no-narrative"/>
      </extension>
      <extension url="value">
        <valueString value="Observation/de-identified-income-example"/>
      </extension>
    </extension>
    <extension url="http://hl7.org/fhir/tools/StructureDefinition/ig-parameter">
      <extension url="code">
        <valueCode value="no-narrative"/>
      </extension>
      <extension url="value">
        <valueString value="Observation/de-identified-income-with-quantity-example"/>
      </extension>
    </extension>
    <extension url="http://hl7.org/fhir/tools/StructureDefinition/ig-parameter">
      <extension url="code">
        <valueCode value="no-narrative"/>
      </extension>
      <extension url="value">
        <valueString value="Observation/de-identified-example"/>
      </extension>
    </extension>
    <extension url="http://hl7.org/fhir/tools/StructureDefinition/ig-parameter">
      <extension url="code">
        <valueCode value="no-narrative"/>
      </extension>
      <extension url="value">
        <valueString value="Observation/generic-observation-de-identified-example"/>
      </extension>
    </extension>
    <extension url="http://hl7.org/fhir/tools/StructureDefinition/ig-parameter">
      <extension url="code">
        <valueCode value="copyrightyear"/>
      </extension>
      <extension url="value">
        <valueString value="2023+"/>
      </extension>
    </extension>
    <extension url="http://hl7.org/fhir/tools/StructureDefinition/ig-parameter">
      <extension url="code">
        <valueCode value="releaselabel"/>
      </extension>
      <extension url="value">
        <valueString value="STU1 Release 1.1 - Standard for Trial-Use"/>
      </extension>
    </extension>
    <extension url="http://hl7.org/fhir/tools/StructureDefinition/ig-parameter">
      <extension url="code">
        <valueCode value="path-expansion-params"/>
      </extension>
      <extension url="value">
        <valueString value="terminology-settings.json"/>
      </extension>
    </extension>
    <extension url="http://hl7.org/fhir/tools/StructureDefinition/ig-parameter">
      <extension url="code">
        <valueCode value="autoload-resources"/>
      </extension>
      <extension url="value">
        <valueString value="true"/>
      </extension>
    </extension>
    <extension url="http://hl7.org/fhir/tools/StructureDefinition/ig-parameter">
      <extension url="code">
        <valueCode value="path-liquid"/>
      </extension>
      <extension url="value">
        <valueString value="template/liquid"/>
      </extension>
    </extension>
    <extension url="http://hl7.org/fhir/tools/StructureDefinition/ig-parameter">
      <extension url="code">
        <valueCode value="path-liquid"/>
      </extension>
      <extension url="value">
        <valueString value="input/liquid"/>
      </extension>
    </extension>
    <extension url="http://hl7.org/fhir/tools/StructureDefinition/ig-parameter">
      <extension url="code">
        <valueCode value="path-qa"/>
      </extension>
      <extension url="value">
        <valueString value="temp/qa"/>
      </extension>
    </extension>
    <extension url="http://hl7.org/fhir/tools/StructureDefinition/ig-parameter">
      <extension url="code">
        <valueCode value="path-temp"/>
      </extension>
      <extension url="value">
        <valueString value="temp/pages"/>
      </extension>
    </extension>
    <extension url="http://hl7.org/fhir/tools/StructureDefinition/ig-parameter">
      <extension url="code">
        <valueCode value="path-output"/>
      </extension>
      <extension url="value">
        <valueString value="output"/>
      </extension>
    </extension>
    <extension url="http://hl7.org/fhir/tools/StructureDefinition/ig-parameter">
      <extension url="code">
        <valueCode value="path-suppressed-warnings"/>
      </extension>
      <extension url="value">
        <valueString value="input/ignoreWarnings.txt"/>
      </extension>
    </extension>
    <extension url="http://hl7.org/fhir/tools/StructureDefinition/ig-parameter">
      <extension url="code">
        <valueCode value="path-history"/>
      </extension>
      <extension url="value">
        <valueString value="http://fhir.org/guides/hrsa/uds-plus/history.html"/>
      </extension>
    </extension>
    <extension url="http://hl7.org/fhir/tools/StructureDefinition/ig-parameter">
      <extension url="code">
        <valueCode value="template-html"/>
      </extension>
      <extension url="value">
        <valueString value="template-page.html"/>
      </extension>
    </extension>
    <extension url="http://hl7.org/fhir/tools/StructureDefinition/ig-parameter">
      <extension url="code">
        <valueCode value="template-md"/>
      </extension>
      <extension url="value">
        <valueString value="template-page-md.html"/>
      </extension>
    </extension>
    <extension url="http://hl7.org/fhir/tools/StructureDefinition/ig-parameter">
      <extension url="code">
        <valueCode value="apply-contact"/>
      </extension>
      <extension url="value">
        <valueString value="true"/>
      </extension>
    </extension>
    <extension url="http://hl7.org/fhir/tools/StructureDefinition/ig-parameter">
      <extension url="code">
        <valueCode value="apply-context"/>
      </extension>
      <extension url="value">
        <valueString value="true"/>
      </extension>
    </extension>
    <extension url="http://hl7.org/fhir/tools/StructureDefinition/ig-parameter">
      <extension url="code">
        <valueCode value="apply-copyright"/>
      </extension>
      <extension url="value">
        <valueString value="true"/>
      </extension>
    </extension>
    <extension url="http://hl7.org/fhir/tools/StructureDefinition/ig-parameter">
      <extension url="code">
        <valueCode value="apply-jurisdiction"/>
      </extension>
      <extension url="value">
        <valueString value="true"/>
      </extension>
    </extension>
    <extension url="http://hl7.org/fhir/tools/StructureDefinition/ig-parameter">
      <extension url="code">
        <valueCode value="apply-license"/>
      </extension>
      <extension url="value">
        <valueString value="true"/>
      </extension>
    </extension>
    <extension url="http://hl7.org/fhir/tools/StructureDefinition/ig-parameter">
      <extension url="code">
        <valueCode value="apply-publisher"/>
      </extension>
      <extension url="value">
        <valueString value="true"/>
      </extension>
    </extension>
    <extension url="http://hl7.org/fhir/tools/StructureDefinition/ig-parameter">
      <extension url="code">
        <valueCode value="apply-version"/>
      </extension>
      <extension url="value">
        <valueString value="true"/>
      </extension>
    </extension>
    <extension url="http://hl7.org/fhir/tools/StructureDefinition/ig-parameter">
      <extension url="code">
        <valueCode value="apply-wg"/>
      </extension>
      <extension url="value">
        <valueString value="true"/>
      </extension>
    </extension>
    <extension url="http://hl7.org/fhir/tools/StructureDefinition/ig-parameter">
      <extension url="code">
        <valueCode value="active-tables"/>
      </extension>
      <extension url="value">
        <valueString value="true"/>
      </extension>
    </extension>
    <extension url="http://hl7.org/fhir/tools/StructureDefinition/ig-parameter">
      <extension url="code">
        <valueCode value="fmm-definition"/>
      </extension>
      <extension url="value">
        <valueString value="http://hl7.org/fhir/versions.html#maturity"/>
      </extension>
    </extension>
    <extension url="http://hl7.org/fhir/tools/StructureDefinition/ig-parameter">
      <extension url="code">
        <valueCode value="propagate-status"/>
      </extension>
      <extension url="value">
        <valueString value="true"/>
      </extension>
    </extension>
    <extension url="http://hl7.org/fhir/tools/StructureDefinition/ig-parameter">
      <extension url="code">
        <valueCode value="excludelogbinaryformat"/>
      </extension>
      <extension url="value">
        <valueString value="true"/>
      </extension>
    </extension>
    <extension url="http://hl7.org/fhir/tools/StructureDefinition/ig-parameter">
      <extension url="code">
        <valueCode value="tabbed-snapshots"/>
      </extension>
      <extension url="value">
        <valueString value="true"/>
      </extension>
    </extension>
    <resource>
      <extension url="http://hl7.org/fhir/tools/StructureDefinition/resource-information">
        <valueString value="Patient"/>
      </extension>
      <reference>
        <reference value="Patient/example"/>
      </reference>
      <name value="US Core Patient Example"/>
      <description value="An Example of a conformant US Core Patient resource with identifiable information."/>
      <exampleBoolean value="true"/>
    </resource>
    <resource>
      <extension url="http://hl7.org/fhir/tools/StructureDefinition/resource-information">
        <valueString value="Practitioner"/>
      </extension>
      <reference>
        <reference value="Practitioner/example"/>
      </reference>
      <name value="US Core Practitioner Example"/>
      <description value="An Example of a conformant US Core Practitioner resource with identifiable information."/>
      <exampleBoolean value="true"/>
    </resource>
    <resource>
      <extension url="http://hl7.org/fhir/tools/StructureDefinition/resource-information">
        <valueString value="Location"/>
      </extension>
      <reference>
        <reference value="Location/hospital"/>
      </reference>
      <name value="US Core Location Example"/>
      <description value="An Example of a conformant US Core Location resource with identifiable information."/>
      <exampleBoolean value="true"/>
    </resource>
    <resource>
      <extension url="http://hl7.org/fhir/tools/StructureDefinition/resource-information">
        <valueString value="Organization"/>
      </extension>
      <reference>
        <reference value="Organization/holy-healthcare"/>
      </reference>
      <name value="US Core Healthcare Organization Example"/>
      <description value="An Example of a conformant US Core Healthcare Organization resource with identifiable information."/>
      <exampleBoolean value="true"/>
    </resource>
    <resource>
      <extension url="http://hl7.org/fhir/tools/StructureDefinition/resource-information">
        <valueString value="Parameters"/>
      </extension>
      <reference>
        <reference value="Parameters/reporting-parameters-example"/>
      </reference>
      <name value="UDS Plus Reporting Parameters Example"/>
      <description value="An Example of a conformant UDS Plus Reporting Parameters resource with de-identifeid information."/>
      <exampleBoolean value="true"/>
    </resource>
    <resource>
      <extension url="http://hl7.org/fhir/tools/StructureDefinition/resource-information">
        <valueString value="Parameters"/>
      </extension>
      <reference>
        <reference value="Parameters/de-identify-data-operation-urls-example"/>
      </reference>
      <name value="UDS Plus Parameters Example for $deidentify operation"/>
      <description value="An Example of a conformant UDS Plus Parameters resource for sending input and receiving output from $deidentify operation."/>
      <exampleBoolean value="true"/>
    </resource>
    <resource>
      <extension url="http://hl7.org/fhir/tools/StructureDefinition/resource-information">
        <valueString value="RelatedPerson"/>
      </extension>
      <reference>
        <reference value="RelatedPerson/de-identified-example"/>
      </reference>
      <name value="UDS Plus RelatedPerson Example"/>
      <description value="An Example of a conformant UDS Plus Related Person resource with de-identified information."/>
      <exampleBoolean value="true"/>
    </resource>
    <resource>
      <extension url="http://hl7.org/fhir/tools/StructureDefinition/resource-information">
        <valueString value="AdverseEvent"/>
      </extension>
      <reference>
        <reference value="AdverseEvent/de-identified-example"/>
      </reference>
      <name value="UDS Plus AdverseEvent Example"/>
      <description value="An Example of a conformant UDS Plus AdverseEvent resource with de-identified information."/>
      <exampleBoolean value="true"/>
    </resource>
    <resource>
      <extension url="http://hl7.org/fhir/tools/StructureDefinition/resource-information">
        <valueString value="Observation"/>
      </extension>
      <reference>
        <reference value="Observation/clinical-result-de-identified-example"/>
      </reference>
      <name value="UDS Plus ClinicalResult Example"/>
      <description value="An Example of a conformant UDS Plus ClincialResult resource profile with de-identified information."/>
      <exampleBoolean value="true"/>
    </resource>
    <resource>
      <extension url="http://hl7.org/fhir/tools/StructureDefinition/resource-information">
        <valueString value="AllergyIntolerance"/>
      </extension>
      <reference>
        <reference value="AllergyIntolerance/de-identified-example"/>
      </reference>
      <name value="UDS Plus AllergyIntolerance Example"/>
      <description value="An Example of a conformant UDS Plus AllergyIntolerance resource with de-identified information."/>
      <exampleBoolean value="true"/>
    </resource>
    <resource>
      <extension url="http://hl7.org/fhir/tools/StructureDefinition/resource-information">
        <valueString value="Coverage"/>
      </extension>
      <reference>
        <reference value="Coverage/de-identified-example"/>
      </reference>
      <name value="Uds Plus Coverage Example"/>
      <description value="An Example of a conformant UDS Plus Coverage resource with de-identified information."/>
      <exampleBoolean value="true"/>
    </resource>
    <resource>
      <extension url="http://hl7.org/fhir/tools/StructureDefinition/resource-information">
        <valueString value="Procedure"/>
      </extension>
      <reference>
        <reference value="Procedure/de-identified-example"/>
      </reference>
      <name value="Uds Plus Procedure Example"/>
      <description value="An Example of a conformant UDS Plus Procedure resource with de-identified information."/>
      <exampleBoolean value="true"/>
    </resource>
    <resource>
      <extension url="http://hl7.org/fhir/tools/StructureDefinition/resource-information">
        <valueString value="MedicationRequest"/>
      </extension>
      <reference>
        <reference value="MedicationRequest/de-identified-example"/>
      </reference>
      <name value="Uds Plus MedicationRequest Example"/>
      <description value="An Example of a conformant UDS Plus MedicationRequest resource with de-identified information."/>
      <exampleBoolean value="true"/>
    </resource>
    <resource>
      <extension url="http://hl7.org/fhir/tools/StructureDefinition/resource-information">
        <valueString value="MedicationStatement"/>
      </extension>
      <reference>
        <reference value="MedicationStatement/de-identified-example"/>
      </reference>
      <name value="Uds Plus MedicationStatement Example"/>
      <description value="An Example of a conformant UDS Plus MedicationStatement resource with de-identified information."/>
      <exampleBoolean value="true"/>
    </resource>
    <resource>
      <extension url="http://hl7.org/fhir/tools/StructureDefinition/resource-information">
        <valueString value="Observation"/>
      </extension>
      <reference>
        <reference value="Observation/de-identified-income-example"/>
      </reference>
      <name value="Uds Plus Income Observation Example"/>
      <description value="An Example of a conformant UDS Plus Observation resource with de-identified income information."/>
      <exampleBoolean value="true"/>
    </resource>
    <resource>
      <extension url="http://hl7.org/fhir/tools/StructureDefinition/resource-information">
        <valueString value="Observation"/>
      </extension>
      <reference>
        <reference value="Observation/de-identified-income-with-quantity-example"/>
      </reference>
      <name value="Uds Plus Income Observation Example using Quantity"/>
      <description value="An Example of a conformant UDS Plus Observation resource with de-identified income information showing the usage of Quantity."/>
      <exampleBoolean value="true"/>
    </resource>
    <resource>
      <extension url="http://hl7.org/fhir/tools/StructureDefinition/resource-information">
        <valueString value="Observation"/>
      </extension>
      <reference>
        <reference value="Observation/de-identified-sexual-orientation-example"/>
      </reference>
      <name value="Uds Plus Sexual Orientation Observation Example"/>
      <description value="An Example of a conformant UDS Plus Observation resource with de-identified sexual orientation information."/>
      <exampleBoolean value="true"/>
    </resource>
    <resource>
      <extension url="http://hl7.org/fhir/tools/StructureDefinition/resource-information">
        <valueString value="ServiceRequest"/>
      </extension>
      <reference>
        <reference value="ServiceRequest/de-identified-example"/>
      </reference>
      <name value="Uds Plus ServiceRequest Example"/>
      <description value="An Example of a conformant UDS Plus ServiceRequest resource with de-identified information."/>
      <exampleBoolean value="true"/>
    </resource>
    <resource>
      <extension url="http://hl7.org/fhir/tools/StructureDefinition/resource-information">
        <valueString value="Immunization"/>
      </extension>
      <reference>
        <reference value="Immunization/de-identified-example"/>
      </reference>
      <name value="Uds Plus Immunization Example"/>
      <description value="An Example of a conformant UDS Plus Immunization resource with de-identified information."/>
      <exampleBoolean value="true"/>
    </resource>
    <resource>
      <extension url="http://hl7.org/fhir/tools/StructureDefinition/resource-information">
        <valueString value="Observation"/>
      </extension>
      <reference>
        <reference value="Observation/de-identified-example"/>
      </reference>
      <name value="Uds Plus Observation Lab Result Example"/>
      <description value="An Example of a conformant UDS Plus Observation resource with de-identified information for a Lab Result."/>
      <exampleBoolean value="true"/>
    </resource>
    <resource>
      <extension url="http://hl7.org/fhir/tools/StructureDefinition/resource-information">
        <valueString value="Organization"/>
      </extension>
      <reference>
        <reference value="Organization/acme-payer"/>
      </reference>
      <name value="US Core Organization Example for a Payer"/>
      <description value="An Example of a conformant US Core Organization resource for a Payor entity."/>
      <exampleBoolean value="true"/>
    </resource>
    <resource>
      <extension url="http://hl7.org/fhir/tools/StructureDefinition/resource-information">
        <valueString value="Patient"/>
      </extension>
      <reference>
        <reference value="Patient/smallpop-example"/>
      </reference>
      <name value="US Core Patient Example of a patient residing in a zip code with small population (&lt;20000 people)"/>
      <description value="An Example of a conformant US Core Patient resource with identifiable information."/>
      <exampleBoolean value="true"/>
    </resource>
    <resource>
      <extension url="http://hl7.org/fhir/tools/StructureDefinition/resource-information">
        <valueString value="Condition"/>
      </extension>
      <reference>
        <reference value="Condition/example"/>
      </reference>
      <name value="US Core Condition Example"/>
      <description value="An Example of a conformant US Core Condition resource with identifiable information capturing a Problem List Item."/>
      <exampleBoolean value="true"/>
    </resource>
    <resource>
      <extension url="http://hl7.org/fhir/tools/StructureDefinition/resource-information">
        <valueString value="Encounter"/>
      </extension>
      <reference>
        <reference value="Encounter/example"/>
      </reference>
      <name value="US Core Encounter Example"/>
      <description value="An Example of a conformant US Core Encounter resource with identifiable information capturing a visit."/>
      <exampleBoolean value="true"/>
    </resource>
    <resource>
      <extension url="http://hl7.org/fhir/tools/StructureDefinition/resource-information">
        <valueString value="Parameters"/>
      </extension>
      <reference>
        <reference value="Parameters/example"/>
      </reference>
      <name value="Example of a Manifest file used for multiple operations in the context of HRSA UDS+ FHIR IG"/>
      <description value="An Example of a conformant UDS+ Parameters resource representing a manifest file used by the $import and the $de-identify operation."/>
      <exampleBoolean value="true"/>
    </resource>
    <resource>
      <extension url="http://hl7.org/fhir/tools/StructureDefinition/resource-information">
        <valueString value="Patient"/>
      </extension>
      <reference>
        <reference value="Patient/de-identified-example"/>
      </reference>
      <name value="Uds Plus Patient Example"/>
      <description value="An Example of a conformant UDS+ Patient resource which has been de-identified and is based on the US Core Patient small population example resource."/>
      <exampleBoolean value="true"/>
    </resource>
    <resource>
      <extension url="http://hl7.org/fhir/tools/StructureDefinition/resource-information">
        <valueString value="Patient"/>
      </extension>
      <reference>
        <reference value="Patient/de-identified-smallpop-example"/>
      </reference>
      <name value="Uds Plus Patient Example for a patient residing in a zip code with small population (&lt;20000 people)"/>
      <description value="An Example of a conformant UDS+ Patient resource which has been de-identified and is based on the US Core Patient example resource."/>
      <exampleBoolean value="true"/>
    </resource>
    <resource>
      <extension url="http://hl7.org/fhir/tools/StructureDefinition/resource-information">
        <valueString value="Patient"/>
      </extension>
      <reference>
        <reference value="Patient/de-identified-age89-example"/>
      </reference>
      <name value="Uds Plus Patient Example for a patient with age (&gt; 89 )"/>
      <description value="An Example of a conformant UDS+ Patient resource which has been de-identified and is based on the US Core Patient example resource."/>
      <exampleBoolean value="true"/>
    </resource>
    <resource>
      <extension url="http://hl7.org/fhir/tools/StructureDefinition/resource-information">
        <valueString value="Condition"/>
      </extension>
      <reference>
        <reference value="Condition/de-identified-example"/>
      </reference>
      <name value="Uds Plus De-Identified Condition Example"/>
      <description value="An Example of a conformant UDS+ Condition resource with de-identified information capturing a Problem List Item."/>
      <exampleBoolean value="true"/>
    </resource>
    <resource>
      <extension url="http://hl7.org/fhir/tools/StructureDefinition/resource-information">
        <valueString value="Encounter"/>
      </extension>
      <reference>
        <reference value="Encounter/de-identified-example"/>
      </reference>
      <name value="Uds Plus De-Identified Encounter Example"/>
      <description value="An Example of a conformant UDS+ Encounter resource with de-identified information capturing the visit information."/>
      <exampleBoolean value="true"/>
    </resource>
    <resource>
      <extension url="http://hl7.org/fhir/tools/StructureDefinition/resource-information">
        <valueString value="Observation"/>
      </extension>
      <reference>
        <reference value="Observation/generic-observation-de-identified-example"/>
      </reference>
      <name value="UDS Plus Generic Observation Example"/>
      <description value="An Example of a conformant UDS Plus Observation resource profile with de-identified information."/>
      <exampleBoolean value="true"/>
    </resource>
    <resource>
      <extension url="http://hl7.org/fhir/tools/StructureDefinition/resource-information">
        <valueString value="CapabilityStatement"/>
      </extension>
      <reference>
        <reference value="CapabilityStatement/uds-plus-data-receiver-server"/>
      </reference>
      <name value="Uds Plus Data Receiver CapabilityStatement"/>
      <description value="This is a CapabilityStatement that defines the expected capabilities of the Data Receiver actor as a Server."/>
    </resource>
    <resource>
      <extension url="http://hl7.org/fhir/tools/StructureDefinition/resource-information">
        <valueString value="CapabilityStatement"/>
      </extension>
      <reference>
        <reference value="CapabilityStatement/uds-plus-data-source"/>
      </reference>
      <name value="Uds Plus Data Source CapabilityStatement"/>
      <description value="This is a CapabilityStatement that defines the expected capabilities of the Data Source actor."/>
    </resource>
    <resource>
      <extension url="http://hl7.org/fhir/tools/StructureDefinition/resource-information">
        <valueString value="CapabilityStatement"/>
      </extension>
      <reference>
        <reference value="CapabilityStatement/uds-plus-data-submitter-client"/>
      </reference>
      <name value="Uds Plus Data Submitter CapabilityStatement"/>
      <description value="This is a CapabilityStatement that defines the expected capabilities of the Data Submitter actor."/>
    </resource>
    <resource>
      <extension url="http://hl7.org/fhir/tools/StructureDefinition/resource-information">
        <valueString value="CapabilityStatement"/>
      </extension>
      <reference>
        <reference value="CapabilityStatement/uds-plus-trust-service-provider"/>
      </reference>
      <name value="Uds Plus Trust Service Provider CapabilityStatement"/>
      <description value="This is a CapabilityStatement that defines the expected capabilities of the Trust Service Provider actor."/>
    </resource>
    <resource>
      <extension url="http://hl7.org/fhir/tools/StructureDefinition/resource-information">
        <valueString value="CodeSystem"/>
      </extension>
      <reference>
        <reference value="CodeSystem/udsplus-agriculture-worker-status-codes"/>
      </reference>
      <name value="UDS Plus Agriculter Worker Status Codes"/>
      <description value="The UDS Plus CodeSystem is a 'starter set' of codes supported for identifying agriculture worker status for UDS+ program."/>
    </resource>
    <resource>
      <extension url="http://hl7.org/fhir/tools/StructureDefinition/resource-information">
        <valueString value="CodeSystem"/>
      </extension>
      <reference>
        <reference value="CodeSystem/udsplus-housing-status-codes"/>
      </reference>
      <name value="UDS Plus Housing Status Codes"/>
      <description value="The UDS Plus CodeSystem is a 'starter set' of codes supported for identifying Housing status of patients in UDS+ program."/>
    </resource>
    <resource>
      <extension url="http://hl7.org/fhir/tools/StructureDefinition/resource-information">
        <valueString value="CodeSystem"/>
      </extension>
      <reference>
        <reference value="CodeSystem/uds-plus-insurance-codes"/>
      </reference>
      <name value="UDS Plus Insurance Codes"/>
      <description value="The UDS Plus CodeSystem is a 'starter set' of codes supported for identifying insurance types used by patients in UDS+ program."/>
    </resource>
    <resource>
      <extension url="http://hl7.org/fhir/tools/StructureDefinition/resource-information">
        <valueString value="CodeSystem"/>
      </extension>
      <reference>
        <reference value="CodeSystem/udsplus-service-delivery-codes"/>
      </reference>
      <name value="UDS Plus Housing Service Delivery Codes"/>
      <description value="The UDS Plus CodeSystem is an 'addition set' of one code to the existing Location Service Delivery Codes value set for UDS+ purposes."/>
    </resource>
    <resource>
      <extension url="http://hl7.org/fhir/tools/StructureDefinition/resource-information">
        <valueString value="OperationDefinition"/>
      </extension>
      <reference>
        <reference value="OperationDefinition/udsplus-de-identify"/>
      </reference>
      <name value="Generate De-Identified data"/>
      <description value="Generates de-identified  data from identifiable data. The de-identification algorithm to be used is left to the implementers of the operation. Errors during the execution of the operation can be returned as OperationOutcome per the FHIR spec as a return parameter."/>
    </resource>
    <resource>
      <extension url="http://hl7.org/fhir/tools/StructureDefinition/resource-information">
        <valueString value="OperationDefinition"/>
      </extension>
      <reference>
        <reference value="OperationDefinition/import"/>
      </reference>
      <name value="UDS Plus Import"/>
      <description value="Notification from a Health Center about the availability of the data to HRSA using Bulk Import mechanism."/>
    </resource>
    <resource>
      <extension url="http://hl7.org/fhir/tools/StructureDefinition/resource-information">
        <valueString value="StructureDefinition:resource"/>
      </extension>
      <reference>
        <reference value="StructureDefinition/uds-plus-adverseevent"/>
      </reference>
      <name value="De-Identified UDS Plus AdverseEvent"/>
      <description value="The UDS+ profile is based on the AdverseEvent resource and establishes the core elements, extensions, vocabularies and value sets for representing Allergies and Intolerances for UDS+ program."/>
    </resource>
    <resource>
      <extension url="http://hl7.org/fhir/tools/StructureDefinition/resource-information">
        <valueString value="StructureDefinition:extension"/>
      </extension>
      <reference>
        <reference value="StructureDefinition/uds-plus-age-extension"/>
      </reference>
      <name value="UDS Plus Age Extension"/>
      <description value="Indicates the age of the patient at a specific time"/>
    </resource>
    <resource>
      <extension url="http://hl7.org/fhir/tools/StructureDefinition/resource-information">
        <valueString value="StructureDefinition:resource"/>
      </extension>
      <reference>
        <reference value="StructureDefinition/uds-plus-allergyintolerance"/>
      </reference>
      <name value="De-Identified UDS Plus AllergyIntolerance"/>
      <description value="The UDS+ profile is based on the AllergyIntolerance resource and establishes the core elements, extensions, vocabularies and value sets for representing Allergies and Intolerances for UDS+ program."/>
    </resource>
    <resource>
      <extension url="http://hl7.org/fhir/tools/StructureDefinition/resource-information">
        <valueString value="StructureDefinition:extension"/>
      </extension>
      <reference>
        <reference value="StructureDefinition/uds-plus-birthsex-extension"/>
      </reference>
      <name value="UDS Plus Birth Sex Extension"/>
      <description value="Indicates the birth sex of the patient"/>
    </resource>
    <resource>
      <extension url="http://hl7.org/fhir/tools/StructureDefinition/resource-information">
        <valueString value="StructureDefinition:extension"/>
      </extension>
      <reference>
        <reference value="StructureDefinition/uds-plus-capitated-member-months-extension"/>
      </reference>
      <name value="UDS Plus Capitated Member Months Extension"/>
      <description value="Indicates the number of capitated member months of the patient for the reporting year"/>
    </resource>
    <resource>
      <extension url="http://hl7.org/fhir/tools/StructureDefinition/resource-information">
        <valueString value="StructureDefinition:resource"/>
      </extension>
      <reference>
        <reference value="StructureDefinition/uds-plus-clinical-result-observation"/>
      </reference>
      <name value="De-Identified UDS Plus Clinical Result Observation"/>
      <description value="The UDS+ profile is based on the Observation resource and establishes the core elements, extensions, vocabularies and value sets for representing clinical result observations for UDS+ program."/>
    </resource>
    <resource>
      <extension url="http://hl7.org/fhir/tools/StructureDefinition/resource-information">
        <valueString value="StructureDefinition:resource"/>
      </extension>
      <reference>
        <reference value="StructureDefinition/uds-plus-coverage"/>
      </reference>
      <name value="DeIdentified UDS Plus Coverage"/>
      <description value="The UDS+ profile establishes the core elements, extensions, vocabularies and value sets for representing Coverage for UDS+ program."/>
    </resource>
    <resource>
      <extension url="http://hl7.org/fhir/tools/StructureDefinition/resource-information">
        <valueString value="StructureDefinition:resource"/>
      </extension>
      <reference>
        <reference value="StructureDefinition/uds-plus-deidentify-operation-data-urls-parameter"/>
      </reference>
      <name value="UDS Plus DeIdentify Data Urls Parameter"/>
      <description value="The UDS+ profile is based on the **Parameters FHIR Resource and establishes the core elements, extensions, vocabularies and value sets for representing the data for sending input and receiving output for the DeIdentify operation of UDS+ ."/>
    </resource>
    <resource>
      <extension url="http://hl7.org/fhir/tools/StructureDefinition/resource-information">
        <valueString value="StructureDefinition:extension"/>
      </extension>
      <reference>
        <reference value="StructureDefinition/uds-plus-deidentified-instant-extension"/>
      </reference>
      <name value="UDS Plus Deidentified Instant Extension"/>
      <description value="Indicates the time with a precision of only Year. This extension is to be used in lieu of data elements of type instant present within a FHIR Resource."/>
    </resource>
    <resource>
      <extension url="http://hl7.org/fhir/tools/StructureDefinition/resource-information">
        <valueString value="StructureDefinition:resource"/>
      </extension>
      <reference>
        <reference value="StructureDefinition/uds-plus-diagnosis"/>
      </reference>
      <name value="De-Identified UDS Plus Diagnosis"/>
      <description value="The UDS+ profile is based on the Condition resource and establishes the core elements, extensions, vocabularies and value sets for representing Diagnosis for UDS+ program."/>
    </resource>
    <resource>
      <extension url="http://hl7.org/fhir/tools/StructureDefinition/resource-information">
        <valueString value="StructureDefinition:resource"/>
      </extension>
      <reference>
        <reference value="StructureDefinition/uds-plus-encounter"/>
      </reference>
      <name value="De-Identified UDS Plus Encounter"/>
      <description value="The UDS+ profile is based on the Encounter resource and establishes the core elements, extensions, vocabularies and value sets for representing encounters,visit information for UDS+ program."/>
    </resource>
    <resource>
      <extension url="http://hl7.org/fhir/tools/StructureDefinition/resource-information">
        <valueString value="StructureDefinition:extension"/>
      </extension>
      <reference>
        <reference value="StructureDefinition/uds-plus-ethnicity-extension"/>
      </reference>
      <name value="UDS Plus Ethnicity Extension"/>
      <description value="Indicates the ethnicity of the patient."/>
    </resource>
    <resource>
      <extension url="http://hl7.org/fhir/tools/StructureDefinition/resource-information">
        <valueString value="StructureDefinition:extension"/>
      </extension>
      <reference>
        <reference value="StructureDefinition/uds-plus-feeforservice-member-months-extension"/>
      </reference>
      <name value="UDS Plus FeeForService Member Months Extension"/>
      <description value="Indicates the number of FeeForService member months of the patient for the reporting year"/>
    </resource>
    <resource>
      <extension url="http://hl7.org/fhir/tools/StructureDefinition/resource-information">
        <valueString value="StructureDefinition:extension"/>
      </extension>
      <reference>
        <reference value="StructureDefinition/uds-plus-gender-identity-extension"/>
      </reference>
      <name value="UDS Plus Gender Identity Extension"/>
      <description value="Indicates the gender identity of the patient at a specific time"/>
    </resource>
    <resource>
      <extension url="http://hl7.org/fhir/tools/StructureDefinition/resource-information">
        <valueString value="StructureDefinition:extension"/>
      </extension>
      <reference>
        <reference value="StructureDefinition/uds-plus-housing-status-extension"/>
      </reference>
      <name value="UDS Plus Housing Status Extension"/>
      <description value="Indicates the housing status of the patient at a specific time"/>
    </resource>
    <resource>
      <extension url="http://hl7.org/fhir/tools/StructureDefinition/resource-information">
        <valueString value="StructureDefinition:resource"/>
      </extension>
      <reference>
        <reference value="StructureDefinition/uds-plus-immunization"/>
      </reference>
      <name value="De-Identified UDS Plus Immunization"/>
      <description value="The UDS+ profile is based on the Immunization resource and establishes the core elements, extensions, vocabularies and value sets for representing immunizations for UDS+ program."/>
    </resource>
    <resource>
      <extension url="http://hl7.org/fhir/tools/StructureDefinition/resource-information">
        <valueString value="StructureDefinition:resource"/>
      </extension>
      <reference>
        <reference value="StructureDefinition/de-identified-uds-plus-income-observation"/>
      </reference>
      <name value="De-Identified UDS Plus Income"/>
      <description value="The UDS+ profile is based on the Observation resource and establishes the core elements, extensions, vocabularies and value sets for representing Income ranges for UDS+ program."/>
    </resource>
    <resource>
      <extension url="http://hl7.org/fhir/tools/StructureDefinition/resource-information">
        <valueString value="StructureDefinition:resource"/>
      </extension>
      <reference>
        <reference value="StructureDefinition/uds-plus-lab-observation"/>
      </reference>
      <name value="De-Identified UDS Plus Lab Observation"/>
      <description value="The UDS+ profile is based on the Observation resource and establishes the core elements, extensions, vocabularies and value sets for representing lab observations for UDS+ program."/>
    </resource>
    <resource>
      <extension url="http://hl7.org/fhir/tools/StructureDefinition/resource-information">
        <valueString value="StructureDefinition:resource"/>
      </extension>
      <reference>
        <reference value="StructureDefinition/uds-plus-location"/>
      </reference>
      <name value="UDS Plus Location"/>
      <description value="Indicates the location where the care was provided"/>
    </resource>
    <resource>
      <extension url="http://hl7.org/fhir/tools/StructureDefinition/resource-information">
        <valueString value="StructureDefinition:resource"/>
      </extension>
      <reference>
        <reference value="StructureDefinition/uds-plus-medicationrequest"/>
      </reference>
      <name value="De-Identified UDS Plus MedicationRequest"/>
      <description value="The UDS+ profile is based on the MedicationRequest resource and establishes the core elements, extensions, vocabularies and value sets for representing MedicationRequest for UDS+ program."/>
    </resource>
    <resource>
      <extension url="http://hl7.org/fhir/tools/StructureDefinition/resource-information">
        <valueString value="StructureDefinition:resource"/>
      </extension>
      <reference>
        <reference value="StructureDefinition/uds-plus-medicationstatement"/>
      </reference>
      <name value="De-Identified UDS Plus MedicationStatement"/>
      <description value="The UDS+ profile is based on the MedicationStatement resource and establishes the core elements, extensions, vocabularies and value sets for representing MedicationStatement for UDS+ program."/>
    </resource>
    <resource>
      <extension url="http://hl7.org/fhir/tools/StructureDefinition/resource-information">
        <valueString value="StructureDefinition:resource"/>
      </extension>
      <reference>
        <reference value="StructureDefinition/uds-plus-observation"/>
      </reference>
      <name value="De-Identified UDS Plus Observation"/>
      <description value="The UDS+ profile is based on the Observation resource and establishes the core elements, extensions, vocabularies and value sets for representing assessments, vitals and other social history observations for UDS+ program."/>
    </resource>
    <resource>
      <extension url="http://hl7.org/fhir/tools/StructureDefinition/resource-information">
        <valueString value="StructureDefinition:resource"/>
      </extension>
      <reference>
        <reference value="StructureDefinition/uds-plus-import-manifest"/>
      </reference>
      <name value="UDS Plus Import Manifest"/>
      <description value="The UDS+ profile is based on the **Parameters FHIR Resource and establishes the core elements, extensions, vocabularies and value sets for representing the Manifest for UDS+ import FHIR Operations."/>
    </resource>
    <resource>
      <extension url="http://hl7.org/fhir/tools/StructureDefinition/resource-information">
        <valueString value="StructureDefinition:resource"/>
      </extension>
      <reference>
        <reference value="StructureDefinition/uds-plus-patient-reporting-parameters"/>
      </reference>
      <name value="UDS Plus Patient Reporting Parameters"/>
      <description value="The UDS+ profile is based on the **Parameters FHIR Resource and establishes the core elements, extensions, vocabularies and value sets for representing the Patients and if they are counted for the various reports."/>
    </resource>
    <resource>
      <extension url="http://hl7.org/fhir/tools/StructureDefinition/resource-information">
        <valueString value="StructureDefinition:resource"/>
      </extension>
      <reference>
        <reference value="StructureDefinition/de-identified-uds-plus-patient"/>
      </reference>
      <name value="De-Identified UDS Plus Patient"/>
      <description value="This Patient profile represents a Patient availing HRSA services."/>
    </resource>
    <resource>
      <extension url="http://hl7.org/fhir/tools/StructureDefinition/resource-information">
        <valueString value="StructureDefinition:resource"/>
      </extension>
      <reference>
        <reference value="StructureDefinition/uds-plus-procedure"/>
      </reference>
      <name value="De-Identified UDS Plus Procedure"/>
      <description value="The UDS+ profile is based on the Procedure resource and establishes the core elements, extensions, vocabularies and value sets for representing procedures for UDS+ program."/>
    </resource>
    <resource>
      <extension url="http://hl7.org/fhir/tools/StructureDefinition/resource-information">
        <valueString value="StructureDefinition:extension"/>
      </extension>
      <reference>
        <reference value="StructureDefinition/uds-plus-race-extension"/>
      </reference>
      <name value="UDS Plus Race Extension"/>
      <description value="Indicates the race of the patient."/>
    </resource>
    <resource>
      <extension url="http://hl7.org/fhir/tools/StructureDefinition/resource-information">
        <valueString value="StructureDefinition:extension"/>
      </extension>
      <reference>
        <reference value="StructureDefinition/uds-plus-recordedDate-extension"/>
      </reference>
      <name value="UDS Plus RecordedDate Extension"/>
      <description value="Indicates the recorded date of a clinical event"/>
    </resource>
    <resource>
      <extension url="http://hl7.org/fhir/tools/StructureDefinition/resource-information">
        <valueString value="StructureDefinition:resource"/>
      </extension>
      <reference>
        <reference value="StructureDefinition/de-identified-uds-plus-relatedperson"/>
      </reference>
      <name value="De-Identified UDS Plus RelatedPerson"/>
      <description value="This Patient profile represents a RelatedPerson of a Patient availing HRSA services."/>
    </resource>
    <resource>
      <extension url="http://hl7.org/fhir/tools/StructureDefinition/resource-information">
        <valueString value="StructureDefinition:resource"/>
      </extension>
      <reference>
        <reference value="StructureDefinition/uds-plus-servicerequest"/>
      </reference>
      <name value="De-Identified UDS Plus ServiceRequest"/>
      <description value="The UDS+ profile is based on the ServiceRequest resource and establishes the core elements, extensions, vocabularies and value sets for representing ServiceRequest for UDS+ program."/>
    </resource>
    <resource>
      <extension url="http://hl7.org/fhir/tools/StructureDefinition/resource-information">
        <valueString value="StructureDefinition:resource"/>
      </extension>
      <reference>
        <reference value="StructureDefinition/uds-plus-sexual-orientation-observation"/>
      </reference>
      <name value="De-Identified UDS Plus Sexual Orientation"/>
      <description value="The UDS+ profile is based on the **US Core Sexual Orientation Observation profile and establishes the core elements, extensions, vocabularies and value sets for representing Sexual Orientation for UDS+ program."/>
    </resource>
    <resource>
      <extension url="http://hl7.org/fhir/tools/StructureDefinition/resource-information">
        <valueString value="StructureDefinition:extension"/>
      </extension>
      <reference>
        <reference value="StructureDefinition/uds-plus-veteran-status-extension"/>
      </reference>
      <name value="UDS Plus Veteran Status Extension"/>
      <description value="Indicates the Veteran status of the patient."/>
    </resource>
    <resource>
      <extension url="http://hl7.org/fhir/tools/StructureDefinition/resource-information">
        <valueString value="StructureDefinition:extension"/>
      </extension>
      <reference>
        <reference value="StructureDefinition/udsplus-agriculture-worker-status"/>
      </reference>
      <name value="UDS Plus Agriculture Worker Status Extension"/>
      <description value="Indicates the agriculture worker status of the patient at a specific time"/>
    </resource>
    <resource>
      <extension url="http://hl7.org/fhir/tools/StructureDefinition/resource-information">
        <valueString value="ValueSet"/>
      </extension>
      <reference>
        <reference value="ValueSet/udsplus-agriculture-worker-status"/>
      </reference>
      <name value="Uds Plus Agriculture Worker Status Codes"/>
      <description value="The Uds Plus Agriculture Worker Status Codes is a 'starter set' of codes for specifying agriculture worker status for Patients."/>
    </resource>
    <resource>
      <extension url="http://hl7.org/fhir/tools/StructureDefinition/resource-information">
        <valueString value="ValueSet"/>
      </extension>
      <reference>
        <reference value="ValueSet/uds-plus-birthsex-codes"/>
      </reference>
      <name value="Uds Plus Birth Sex Codes"/>
      <description value="The Uds Plus Birth Sex Codes is a set of codes for identifying the birth sex of Patients."/>
    </resource>
    <resource>
      <extension url="http://hl7.org/fhir/tools/StructureDefinition/resource-information">
        <valueString value="ValueSet"/>
      </extension>
      <reference>
        <reference value="ValueSet/uds-plus-gender-identity-codes"/>
      </reference>
      <name value="Uds Plus Gender Identity Codes"/>
      <description value="The Uds Plus Gender Identity Codes is a 'starter set' of codes for identifying the gender identity of Patients."/>
    </resource>
    <resource>
      <extension url="http://hl7.org/fhir/tools/StructureDefinition/resource-information">
        <valueString value="ValueSet"/>
      </extension>
      <reference>
        <reference value="ValueSet/udsplus-housing-status"/>
      </reference>
      <name value="Uds Plus Housing Status Codes"/>
      <description value="The Uds Plus Housing Status Codes is a 'starter set' of codes for identifying the Patient's housing status."/>
    </resource>
    <resource>
      <extension url="http://hl7.org/fhir/tools/StructureDefinition/resource-information">
        <valueString value="ValueSet"/>
      </extension>
      <reference>
        <reference value="ValueSet/uds-plus-insurance-codes"/>
      </reference>
      <name value="Uds Plus Insurance Codes"/>
      <description value="The Uds Plus Insurance Codes is a 'starter set' of codes for identifying the source of the insurance for Patients."/>
    </resource>
    <resource>
      <extension url="http://hl7.org/fhir/tools/StructureDefinition/resource-information">
        <valueString value="ValueSet"/>
      </extension>
      <reference>
        <reference value="ValueSet/uds-plus-service-delivery-codes"/>
      </reference>
      <name value="Uds Plus Service Delivery Codes"/>
      <description value="The UDS Plus CodeSystem is an 'addition set' of one code to the existing Location Service Delivery Codes value set for UDS+ purposes."/>
    </resource>
    <resource>
      <extension url="http://hl7.org/fhir/tools/StructureDefinition/resource-information">
        <valueString value="ValueSet"/>
      </extension>
      <reference>
        <reference value="ValueSet/uds-plus-sexual-orientation-codes"/>
      </reference>
      <name value="Uds Plus Sexual Orientation Codes"/>
      <description value="The Uds Plus Sexual Orientation Codes is a 'starter set' of codes for identifying the sexual orientation of Patients."/>
    </resource>
    <page>
      <extension url="http://hl7.org/fhir/StructureDefinition/structuredefinition-standards-status">
        <valueCode value="trial-use"/>
      </extension>
      <extension url="http://hl7.org/fhir/tools/StructureDefinition/ig-page-name">
        <valueUrl value="toc.html"/>
      </extension>
      <nameUrl value="toc.html"/>
      <title value="Table of Contents"/>
      <generation value="html"/>
      <page>
        <extension url="http://hl7.org/fhir/StructureDefinition/structuredefinition-standards-status">
          <valueCode value="trial-use"/>
        </extension>
        <extension url="http://hl7.org/fhir/tools/StructureDefinition/ig-page-name">
          <valueUrl value="index.html"/>
        </extension>
        <nameUrl value="index.html"/>
        <title value="UDS Plus Home Page"/>
        <generation value="html"/>
      </page>
      <page>
        <extension url="http://hl7.org/fhir/StructureDefinition/structuredefinition-standards-status">
          <valueCode value="trial-use"/>
        </extension>
        <extension url="http://hl7.org/fhir/tools/StructureDefinition/ig-page-name">
          <valueUrl value="background.html"/>
        </extension>
        <nameUrl value="background.html"/>
        <title value="Background"/>
        <generation value="markdown"/>
      </page>
      <page>
        <extension url="http://hl7.org/fhir/StructureDefinition/structuredefinition-standards-status">
          <valueCode value="trial-use"/>
        </extension>
        <extension url="http://hl7.org/fhir/tools/StructureDefinition/ig-page-name">
          <valueUrl value="spec.html"/>
        </extension>
        <nameUrl value="spec.html"/>
        <title value="FHIR API Reporting Specification"/>
        <generation value="markdown"/>
      </page>
      <page>
        <extension url="http://hl7.org/fhir/StructureDefinition/structuredefinition-standards-status">
          <valueCode value="trial-use"/>
        </extension>
        <extension url="http://hl7.org/fhir/tools/StructureDefinition/ig-page-name">
          <valueUrl value="implementation.html"/>
        </extension>
        <nameUrl value="implementation.html"/>
        <title value="Implementation Notes"/>
        <generation value="markdown"/>
      </page>
      <page>
        <extension url="http://hl7.org/fhir/StructureDefinition/structuredefinition-standards-status">
          <valueCode value="trial-use"/>
        </extension>
        <extension url="http://hl7.org/fhir/tools/StructureDefinition/ig-page-name">
          <valueUrl value="usecases.html"/>
        </extension>
        <nameUrl value="usecases.html"/>
        <title value="Use Cases and Workflows"/>
        <generation value="markdown"/>
      </page>
      <page>
        <extension url="http://hl7.org/fhir/StructureDefinition/structuredefinition-standards-status">
          <valueCode value="trial-use"/>
        </extension>
        <extension url="http://hl7.org/fhir/tools/StructureDefinition/ig-page-name">
          <valueUrl value="changes.html"/>
        </extension>
        <nameUrl value="changes.html"/>
        <title value="Change History"/>
        <generation value="markdown"/>
      </page>
      <page>
        <extension url="http://hl7.org/fhir/StructureDefinition/structuredefinition-standards-status">
          <valueCode value="trial-use"/>
        </extension>
        <extension url="http://hl7.org/fhir/tools/StructureDefinition/ig-page-name">
          <valueUrl value="dataelements.html"/>
        </extension>
        <nameUrl value="dataelements.html"/>
        <title value="Data Elements and FHIR Mappings"/>
        <generation value="markdown"/>
      </page>
      <page>
        <extension url="http://hl7.org/fhir/StructureDefinition/structuredefinition-standards-status">
          <valueCode value="trial-use"/>
        </extension>
        <extension url="http://hl7.org/fhir/tools/StructureDefinition/ig-page-name">
          <valueUrl value="reportingguidance.html"/>
        </extension>
        <nameUrl value="reportingguidance.html"/>
        <title value="Reporting Guidance"/>
        <generation value="markdown"/>
      </page>
      <page>
        <extension url="http://hl7.org/fhir/StructureDefinition/structuredefinition-standards-status">
          <valueCode value="trial-use"/>
        </extension>
        <extension url="http://hl7.org/fhir/tools/StructureDefinition/ig-page-name">
          <valueUrl value="downloads.html"/>
        </extension>
        <nameUrl value="downloads.html"/>
        <title value="Useful Downloads"/>
        <generation value="markdown"/>
      </page>
      <page>
        <extension url="http://hl7.org/fhir/StructureDefinition/structuredefinition-standards-status">
          <valueCode value="trial-use"/>
        </extension>
        <extension url="http://hl7.org/fhir/tools/StructureDefinition/ig-page-name">
          <valueUrl value="credits.html"/>
        </extension>
        <nameUrl value="credits.html"/>
        <title value="Credits"/>
        <generation value="markdown"/>
      </page>
      <page>
        <extension url="http://hl7.org/fhir/StructureDefinition/structuredefinition-standards-status">
          <valueCode value="trial-use"/>
        </extension>
        <extension url="http://hl7.org/fhir/tools/StructureDefinition/ig-page-name">
          <valueUrl value="license.html"/>
        </extension>
        <nameUrl value="license.html"/>
        <title value="License"/>
        <generation value="markdown"/>
      </page>
      <page>
        <extension url="http://hl7.org/fhir/StructureDefinition/structuredefinition-standards-status">
          <valueCode value="trial-use"/>
        </extension>
        <extension url="http://hl7.org/fhir/tools/StructureDefinition/ig-page-name">
          <valueUrl value="requestresponseexamples.html"/>
        </extension>
        <nameUrl value="requestresponseexamples.html"/>
        <title value="RequestResponseExamples"/>
        <generation value="markdown"/>
      </page>
    </page>
    <parameter>
      <code value="path-resource"/>
      <value value="input/capabilities"/>
    </parameter>
    <parameter>
      <code value="path-resource"/>
      <value value="input/examples"/>
    </parameter>
    <parameter>
      <code value="path-resource"/>
      <value value="input/extensions"/>
    </parameter>
    <parameter>
      <code value="path-resource"/>
      <value value="input/models"/>
    </parameter>
    <parameter>
      <code value="path-resource"/>
      <value value="input/operations"/>
    </parameter>
    <parameter>
      <code value="path-resource"/>
      <value value="input/profiles"/>
    </parameter>
    <parameter>
      <code value="path-resource"/>
      <value value="input/resources"/>
    </parameter>
    <parameter>
      <code value="path-resource"/>
      <value value="input/vocabulary"/>
    </parameter>
    <parameter>
      <code value="path-resource"/>
      <value value="input/maps"/>
    </parameter>
    <parameter>
      <code value="path-resource"/>
      <value value="input/testing"/>
    </parameter>
    <parameter>
      <code value="path-resource"/>
      <value value="input/history"/>
    </parameter>
    <parameter>
      <code value="path-resource"/>
      <value value="fsh-generated/resources"/>
    </parameter>
    <parameter>
      <code value="path-pages"/>
      <value value="template/config"/>
    </parameter>
    <parameter>
      <code value="path-pages"/>
      <value value="input/images"/>
    </parameter>
    <parameter>
      <code value="path-tx-cache"/>
      <value value="input-cache/txcache"/>
    </parameter>
  </definition>
</ImplementationGuide>