<?xml version="1.0" encoding="UTF-8"?>

<AdverseEvent xmlns="http://hl7.org/fhir">
  <id value="de-identified-example"/>
  <meta>
    <lastUpdated value="2017-05-26T11:56:57.250-04:00"/>
    <profile value="http://fhir.org/guides/hrsa/uds-plus/StructureDefinition/uds-plus-adverseevent"/>
  </meta>
  <actuality value="actual"/>
  <category>
    <coding>
      <system value="http://terminology.hl7.org/CodeSystem/adverse-event-category"/>
      <code value="medication-mishap"/>
      <display value="Medication Mishap"/>
    </coding>
    <text value="Medication Mishap - Wrong Dose"/>
  </category>
  <event>
    <coding>
      <system value="http://snomed.info/sct"/>
      <code value="140004"/>
      <display value="Chronic Pharyngitis"/>
    </coding>
    <text value="Chronic Pharyngitis"/>
  </event>
  <subject>
    <reference value="Patient/de-identified-example"/>
  </subject>
  <date value="2015"/>
  <recordedDate value="2017"/>
</AdverseEvent>