{
  "codeSystems" : [
    {
      "url" : "http://fhir.org/guides/hrsa/uds-plus/CodeSystem/uds-plus-insurance-codes",
      "version" : "1.1.0",
      "status" : "active",
      "name" : "UDSPlusInsuranceCodes",
      "title" : "UDS Plus Insurance Codes",
      "description" : "The UDS Plus CodeSystem is a 'starter set' of codes supported for identifying insurance types used by patients in UDS+ program.",
      "uses" : {
      },
      "ValueSet-uds-plus-insurance-codes.html" : "Uds Plus Insurance Codes"
    },
    {
      "url" : "http://fhir.org/guides/hrsa/uds-plus/CodeSystem/udsplus-agriculture-worker-status-codes",
      "version" : "1.1.0",
      "status" : "active",
      "name" : "UDSPlusAgricultureWorkerStatusCodes",
      "title" : "UDS Plus Agriculter Worker Status Codes",
      "description" : "The UDS Plus CodeSystem is a 'starter set' of codes supported for identifying agriculture worker status for UDS+ program.",
      "uses" : {
      },
      "ValueSet-udsplus-agriculture-worker-status.html" : "Uds Plus Agriculture Worker Status Codes"
    },
    {
      "url" : "http://fhir.org/guides/hrsa/uds-plus/CodeSystem/udsplus-housing-status-codes",
      "version" : "1.1.0",
      "status" : "active",
      "name" : "UDSPlusHousingStatusCodes",
      "title" : "UDS Plus Housing Status Codes",
      "description" : "The UDS Plus CodeSystem is a 'starter set' of codes supported for identifying Housing status of patients in UDS+ program.",
      "uses" : {
      },
      "ValueSet-udsplus-housing-status.html" : "Uds Plus Housing Status Codes"
    },
    {
      "url" : "http://fhir.org/guides/hrsa/uds-plus/CodeSystem/udsplus-service-delivery-codes",
      "version" : "1.1.0",
      "status" : "active",
      "name" : "UDSPlusServiceDeliveryCodes",
      "title" : "UDS Plus Housing Service Delivery Codes",
      "description" : "The UDS Plus CodeSystem is an 'addition set' of one code to the existing Location Service Delivery Codes value set for UDS+ purposes.",
      "uses" : {
      },
      "ValueSet-uds-plus-service-delivery-codes.html" : "Uds Plus Service Delivery Codes"
    },
    {
      "url" : "http://hl7.org/fhir/CodeSystem/medication-statement-status",
      "version" : "4.0.1",
      "status" : "draft",
      "name" : "Medication Status Codes",
      "title" : "Medication  status  codes",
      "description" : "Medication Status Codes",
      "oids" : ["2.16.840.1.113883.4.642.4.1379"],
      "uses" : {
      },
      "http://hl7.org/fhir/R4/valueset-medication-statement-status.html" : "Medication  status  codes"
    },
    {
      "url" : "http://hl7.org/fhir/CodeSystem/medicationrequest-intent",
      "version" : "4.0.1",
      "status" : "draft",
      "name" : "medicationRequest Intent",
      "title" : "Medication request  intent",
      "description" : "MedicationRequest Intent Codes",
      "oids" : ["2.16.840.1.113883.4.642.4.1378"],
      "uses" : {
      },
      "http://hl7.org/fhir/R4/valueset-medicationrequest-intent.html" : "Medication request  intent"
    },
    {
      "url" : "http://hl7.org/fhir/CodeSystem/medicationrequest-status",
      "version" : "4.0.1",
      "status" : "draft",
      "name" : "medicationrequest Status",
      "title" : "Medicationrequest  status",
      "description" : "MedicationRequest Status Codes",
      "oids" : ["2.16.840.1.113883.4.642.4.1377"],
      "uses" : {
      },
      "http://hl7.org/fhir/R4/valueset-medicationrequest-status.html" : "Medicationrequest  status"
    },
    {
      "url" : "http://hl7.org/fhir/address-type",
      "version" : "4.0.1",
      "status" : "active",
      "name" : "AddressType",
      "title" : "AddressType",
      "description" : "The type of an address (physical / postal).",
      "oids" : ["2.16.840.1.113883.4.642.4.70"],
      "uses" : {
      },
      "http://hl7.org/fhir/R4/valueset-address-type.html" : "AddressType"
    },
    {
      "url" : "http://hl7.org/fhir/address-use",
      "version" : "4.0.1",
      "status" : "active",
      "name" : "AddressUse",
      "title" : "AddressUse",
      "description" : "The use of an address.",
      "oids" : ["2.16.840.1.113883.4.642.4.68"],
      "uses" : {
      },
      "http://hl7.org/fhir/R4/valueset-address-use.html" : "AddressUse"
    },
    {
      "url" : "http://hl7.org/fhir/administrative-gender",
      "version" : "4.0.1",
      "status" : "active",
      "name" : "AdministrativeGender",
      "title" : "AdministrativeGender",
      "description" : "The gender of a person used for administrative purposes.",
      "oids" : ["2.16.840.1.113883.4.642.4.2"],
      "uses" : {
      },
      "http://hl7.org/fhir/R4/valueset-administrative-gender.html" : "AdministrativeGender"
    },
    {
      "url" : "http://hl7.org/fhir/adverse-event-actuality",
      "version" : "4.0.1",
      "status" : "draft",
      "name" : "AdverseEventActuality",
      "title" : "AdverseEventActuality",
      "description" : "Overall nature of the adverse event, e.g. real or potential.",
      "oids" : ["2.16.840.1.113883.4.642.4.832"],
      "uses" : {
      },
      "http://hl7.org/fhir/R4/valueset-adverse-event-actuality.html" : "AdverseEventActuality"
    },
    {
      "url" : "http://hl7.org/fhir/allergy-intolerance-category",
      "version" : "4.0.1",
      "status" : "draft",
      "name" : "AllergyIntoleranceCategory",
      "title" : "AllergyIntoleranceCategory",
      "description" : "Category of an identified substance associated with allergies or intolerances.",
      "oids" : ["2.16.840.1.113883.4.642.4.134"],
      "uses" : {
      },
      "http://hl7.org/fhir/R4/valueset-allergy-intolerance-category.html" : "AllergyIntoleranceCategory"
    },
    {
      "url" : "http://hl7.org/fhir/allergy-intolerance-criticality",
      "version" : "4.0.1",
      "status" : "draft",
      "name" : "AllergyIntoleranceCriticality",
      "title" : "AllergyIntoleranceCriticality",
      "description" : "Estimate of the potential clinical harm, or seriousness, of a reaction to an identified substance.",
      "oids" : ["2.16.840.1.113883.4.642.4.130"],
      "uses" : {
      },
      "http://hl7.org/fhir/R4/valueset-allergy-intolerance-criticality.html" : "AllergyIntoleranceCriticality"
    },
    {
      "url" : "http://hl7.org/fhir/allergy-intolerance-type",
      "version" : "4.0.1",
      "status" : "draft",
      "name" : "AllergyIntoleranceType",
      "title" : "AllergyIntoleranceType",
      "description" : "Identification of the underlying physiological mechanism for a Reaction Risk.",
      "oids" : ["2.16.840.1.113883.4.642.4.132"],
      "uses" : {
      },
      "http://hl7.org/fhir/R4/valueset-allergy-intolerance-type.html" : "AllergyIntoleranceType"
    },
    {
      "url" : "http://hl7.org/fhir/contact-point-system",
      "version" : "4.0.1",
      "status" : "active",
      "name" : "ContactPointSystem",
      "title" : "ContactPointSystem",
      "description" : "Telecommunications form for contact point.",
      "oids" : ["2.16.840.1.113883.4.642.4.72"],
      "uses" : {
      },
      "http://hl7.org/fhir/R4/valueset-contact-point-system.html" : "ContactPointSystem"
    },
    {
      "url" : "http://hl7.org/fhir/contact-point-use",
      "version" : "4.0.1",
      "status" : "active",
      "name" : "ContactPointUse",
      "title" : "ContactPointUse",
      "description" : "Use of contact point.",
      "oids" : ["2.16.840.1.113883.4.642.4.74"],
      "uses" : {
      },
      "http://hl7.org/fhir/R4/valueset-contact-point-use.html" : "ContactPointUse"
    },
    {
      "url" : "http://hl7.org/fhir/days-of-week",
      "version" : "4.0.1",
      "status" : "active",
      "name" : "DaysOfWeek",
      "title" : "DaysOfWeek",
      "description" : "The days of the week.",
      "oids" : ["2.16.840.1.113883.4.642.4.513"],
      "uses" : {
      },
      "http://hl7.org/fhir/R4/valueset-days-of-week.html" : "DaysOfWeek"
    },
    {
      "url" : "http://hl7.org/fhir/encounter-location-status",
      "version" : "4.0.1",
      "status" : "draft",
      "name" : "EncounterLocationStatus",
      "title" : "EncounterLocationStatus",
      "description" : "The status of the location.",
      "oids" : ["2.16.840.1.113883.4.642.4.263"],
      "uses" : {
      },
      "http://hl7.org/fhir/R4/valueset-encounter-location-status.html" : "EncounterLocationStatus"
    },
    {
      "url" : "http://hl7.org/fhir/encounter-status",
      "version" : "4.0.1",
      "status" : "draft",
      "name" : "EncounterStatus",
      "title" : "EncounterStatus",
      "description" : "Current state of the encounter.",
      "oids" : ["2.16.840.1.113883.4.642.4.247"],
      "uses" : {
      },
      "http://hl7.org/fhir/R4/valueset-encounter-status.html" : "EncounterStatus"
    },
    {
      "url" : "http://hl7.org/fhir/event-status",
      "version" : "4.0.1",
      "status" : "draft",
      "name" : "EventStatus",
      "title" : "EventStatus",
      "description" : "Codes identifying the lifecycle stage of an event.",
      "oids" : ["2.16.840.1.113883.4.642.4.110"],
      "uses" : {
      },
      "http://hl7.org/fhir/R4/valueset-immunization-status.html" : "Immunization Status Codes",
      "http://hl7.org/fhir/R4/valueset-event-status.html" : "EventStatus"
    },
    {
      "url" : "http://hl7.org/fhir/fm-status",
      "version" : "4.0.1",
      "status" : "draft",
      "name" : "FinancialResourceStatusCodes",
      "title" : "Financial Resource Status Codes",
      "description" : "This value set includes Status codes.",
      "oids" : ["2.16.840.1.113883.4.642.4.593"],
      "uses" : {
      },
      "http://hl7.org/fhir/R4/valueset-fm-status.html" : "Financial Resource Status Codes"
    },
    {
      "url" : "http://hl7.org/fhir/link-type",
      "version" : "4.0.1",
      "status" : "active",
      "name" : "LinkType",
      "title" : "LinkType",
      "description" : "The type of link between this patient resource and another patient resource.",
      "oids" : ["2.16.840.1.113883.4.642.4.424"],
      "uses" : {
      },
      "http://hl7.org/fhir/R4/valueset-link-type.html" : "LinkType"
    },
    {
      "url" : "http://hl7.org/fhir/location-mode",
      "version" : "4.0.1",
      "status" : "draft",
      "name" : "LocationMode",
      "title" : "LocationMode",
      "description" : "Indicates whether a resource instance represents a specific location or a class of locations.",
      "oids" : ["2.16.840.1.113883.4.642.4.331"],
      "uses" : {
      },
      "http://hl7.org/fhir/R4/valueset-location-mode.html" : "LocationMode"
    },
    {
      "url" : "http://hl7.org/fhir/location-status",
      "version" : "4.0.1",
      "status" : "draft",
      "name" : "LocationStatus",
      "title" : "LocationStatus",
      "description" : "Indicates whether the location is still in use.",
      "oids" : ["2.16.840.1.113883.4.642.4.333"],
      "uses" : {
      },
      "http://hl7.org/fhir/R4/valueset-location-status.html" : "LocationStatus"
    },
    {
      "url" : "http://hl7.org/fhir/name-use",
      "version" : "4.0.1",
      "status" : "active",
      "name" : "NameUse",
      "title" : "NameUse",
      "description" : "The use of a human name.",
      "oids" : ["2.16.840.1.113883.4.642.4.66"],
      "uses" : {
      },
      "http://hl7.org/fhir/R4/valueset-name-use.html" : "NameUse"
    },
    {
      "url" : "http://hl7.org/fhir/observation-status",
      "version" : "4.0.1",
      "status" : "active",
      "name" : "ObservationStatus",
      "title" : "ObservationStatus",
      "description" : "Codes providing the status of an observation.",
      "oids" : ["2.16.840.1.113883.4.642.4.401"],
      "uses" : {
      },
      "http://hl7.org/fhir/R4/valueset-observation-status.html" : "ObservationStatus"
    },
    {
      "url" : "http://hl7.org/fhir/reaction-event-severity",
      "version" : "4.0.1",
      "status" : "draft",
      "name" : "AllergyIntoleranceSeverity",
      "title" : "AllergyIntoleranceSeverity",
      "description" : "Clinical assessment of the severity of a reaction event as a whole, potentially considering multiple different manifestations.",
      "oids" : ["2.16.840.1.113883.4.642.4.136"],
      "uses" : {
      },
      "http://hl7.org/fhir/R4/valueset-reaction-event-severity.html" : "AllergyIntoleranceSeverity"
    },
    {
      "url" : "http://hl7.org/fhir/request-intent",
      "version" : "4.0.1",
      "status" : "draft",
      "name" : "RequestIntent",
      "title" : "RequestIntent",
      "description" : "Codes indicating the degree of authority/intentionality associated with a request.",
      "oids" : ["2.16.840.1.113883.4.642.4.114"],
      "uses" : {
      },
      "http://hl7.org/fhir/R4/valueset-request-intent.html" : "RequestIntent"
    },
    {
      "url" : "http://hl7.org/fhir/request-priority",
      "version" : "4.0.1",
      "status" : "draft",
      "name" : "RequestPriority",
      "title" : "RequestPriority",
      "description" : "Identifies the level of importance to be assigned to actioning the request.",
      "oids" : ["2.16.840.1.113883.4.642.4.116"],
      "uses" : {
      },
      "http://hl7.org/fhir/R4/valueset-request-priority.html" : "Request priority"
    },
    {
      "url" : "http://hl7.org/fhir/request-status",
      "version" : "4.0.1",
      "status" : "draft",
      "name" : "RequestStatus",
      "title" : "RequestStatus",
      "description" : "Codes identifying the lifecycle stage of a request.",
      "oids" : ["2.16.840.1.113883.4.642.4.112"],
      "uses" : {
      },
      "http://hl7.org/fhir/R4/valueset-request-status.html" : "RequestStatus"
    },
    {
      "url" : "http://hl7.org/fhir/resource-types",
      "version" : "4.0.1",
      "status" : "active",
      "name" : "ResourceType",
      "title" : "ResourceType",
      "description" : "One of the resource types defined as part of this version of FHIR.",
      "uses" : {
      },
      "http://hl7.org/fhir/R4/valueset-resource-types.html" : "ResourceType"
    },
    {
      "url" : "http://hl7.org/fhir/sid/cvx",
      "version" : "4.0.0",
      "status" : "active",
      "name" : "CVX",
      "title" : "Vaccine Administered Code Set (CVX)",
      "description" : "The CDC's National Center of Immunization and Respiratory Diseases (NCIRD - see [https://www.cdc.gov/ncird/](https://www.cdc.gov/ncird/)) developed and maintains the CVX (vaccine administered) code set. It includes both active and inactive vaccines available in the US. CVX codes for inactive vaccines allow transmission of historical immunization records. When a MVX (manufacturer) code is paired with a CVX (vaccine administered) code, the specific trade named vaccine may be indicated. These codes should be used for immunization messages using either HL7 Version 2.3.1 or HL7 Version 2.5.1. CVX is the underlying Master Code System for V2 table 0292 (Vaccines Administered). The machine readable name for CVX in PHIN VADS is PH_VaccinesAdministeredCVX_CDC_NIP. The version of the CVX code set for certification can be found on the archive page:[https://www2a.cdc.gov/vaccines/iis/iisstandards/mu3versioned_codes.asp](https://www2a.cdc.gov/vaccines/iis/iisstandards/mu3versioned_codes.asp) \r\n\r\nThe Status column indicates if the vaccine is currently available in the United States.\r\n\r\n*  Active: A currently available administrable vaccine \r\n\r\n*  Inactive: An administrable vaccine formulation that is no longer available for patient administration, but can be found in historical patient records OR A historical record of a vaccine administered where the exact formulation is unknown \r\n\r\n*  Pending: A vaccine that is expected to become active in the future \r\n\r\n*  Non-US: A vaccine that available outside the US only \r\n\r\n*  Never Active: A vaccine that was never available and is not in the pipeline of new vaccines \r\n\r\nThe Last Updated column indicates the last time this particular vaccine code was updated in this table.\r\n\r\nQuestions regarding this table should be directed to the IIS Technical Assistance Team via iisinfo@cdc.gov (or use mailing address via [https://www2a.cdc.gov/vaccines/iis/iisstandards/vaccines.asp?rpt=cvx#addr](https://www2a.cdc.gov/vaccines/iis/iisstandards/vaccines.asp?rpt=cvx#addr)) \r\n\r\nHL7 Implementers should note that 'Status' IS NOT CONCEPT STATUS as all codes are ACTIVE in this code system.\r\n\r\nThe current code system is available via [https://www2a.cdc.gov/vaccines/iis/iisstandards/vaccines.asp?rpt=cvx](https://www2a.cdc.gov/vaccines/iis/iisstandards/vaccines.asp?rpt=cvx)",
      "oids" : ["2.16.840.1.113883.12.292"],
      "uses" : {
      },
      "http://hl7.org/fhir/R4/valueset-vaccine-code.html" : "Vaccine Administered Value Set"
    },
    {
      "url" : "http://hl7.org/fhir/sid/icd-10-cm",
      "version" : "2.0.1",
      "status" : "active",
      "name" : "Icd10CM",
      "title" : "International Classification of Diseases, 10th Revision, Clinical Modification (ICD-10-CM)",
      "description" : "The International Classification of Diseases, 10th Revision, Clinical Modification (ICD-10-CM), describes the classification of morbidity and mortality information for statistical purposes and for the indexing of healthcare records by diseases. The ICD-10-CM codes can be used as the value of the Act.cd attribute.",
      "oids" : ["2.16.840.1.113883.6.90"],
      "uses" : {
      },
      "http://hl7.org/fhir/us/core/STU6.1/ValueSet-us-core-condition-code.html" : "US Core Condition Codes"
    },
    {
      "url" : "http://hl7.org/fhir/sid/icd-9-cm",
      "version" : "3.0.0",
      "status" : "active",
      "name" : "icd9CMProcedureCodes",
      "title" : "ICD-9-CM (procedure codes)",
      "description" : "The International Classification of Diseases, 9th Revision, Clinical Modification (ICD-9-CM), Volumes I, II (diagnoses) and III (procedures) describes the classification of morbidity and mortality information for statistical purposes and for the indexing of healthcare records by diseases and procedures. The ICD-9-CM codes can be used as the value of the Act.cd attribute.",
      "oids" : ["2.16.840.1.113883.6.104"],
      "uses" : {
      },
      "http://hl7.org/fhir/us/core/STU6.1/ValueSet-us-core-condition-code.html" : "US Core Condition Codes"
    },
    {
      "url" : "http://loinc.org",
      "version" : "3.1.0",
      "status" : "active",
      "name" : "LOINC",
      "title" : "Logical Observation Identifiers, Names and Codes (LOINC)",
      "description" : "LOINC provides a set of universal names and ID codes for identifying laboratory and clinical test results.1,2 LOINC facilitates the exchange and pooling of results, such as blood hemoglobin, serum potassium, or vital signs, for clinical care, outcomes management, and research. LOINC's universal identifiers (names and codes) can be used in the context of order and observation exchanges between information systems that use syntax standards such as HL73, CEN TC251, ISO TC215, ASTM4, and DICOM. Specifically, the identifier can be used as the coded value for an observation in any other standard that uses the observation/observation value paradigm, whether messages, documents, application programming interface (API), etc. For example, LOINC codes are used widely in the OBX segment Observation Identifier field (OBX-3) of an ORU HL7 (HL7 version 2.x or ASTM 1238-9410) message that may be sent between a Clinical Laboratory Information Management Systems (LIMS) and Electronic Health Record Systems (EHR).5, 6 In this way, LOINC codes provide universal identifiers that allow the exchange of clinical data between heterogeneous computing environments.",
      "oids" : ["2.16.840.1.113883.6.1"],
      "uses" : {
      },
      "http://hl7.org/fhir/us/core/STU6.1/ValueSet-us-core-laboratory-test-codes.html" : "US Core Laboratory Test Codes",
      "http://hl7.org/fhir/R4/valueset-observation-codes.html" : "LOINC Codes",
      "http://hl7.org/fhir/us/core/STU6.1/ValueSet-us-core-procedure-code.html" : "US Core Procedure Codes"
    },
    {
      "url" : "http://snomed.info/sct",
      "version" : null,
      "status" : "active",
      "name" : "SNOMED_CT",
      "title" : "SNOMED CT (all versions)",
      "description" : "SNOMED CT is the most comprehensive and precise clinical health terminology product in the world, owned and distributed around the world by The International Health Terminology Standards Development Organisation (IHTSDO).",
      "oids" : ["2.16.840.1.113883.6.96"],
      "uses" : {
      },
      "http://hl7.org/fhir/us/core/STU6.1/ValueSet-us-core-condition-code.html" : "US Core Condition Codes",
      "http://hl7.org/fhir/R4/valueset-immunization-reason.html" : "Immunization Reason Codes",
      "http://hl7.org/fhir/R4/valueset-immunization-status-reason.html" : "Immunization Status Reason Codes",
      "http://hl7.org/fhir/R4/valueset-approach-site-codes.html" : "SNOMED CT Anatomical Structure for Administration Site Codes",
      "http://hl7.org/fhir/R4/valueset-body-site.html" : "SNOMED CT Body Structures",
      "http://hl7.org/fhir/R4/valueset-device-action.html" : "Procedure Device Action Codes",
      "http://hl7.org/fhir/R4/valueset-condition-code.html" : "Condition/Problem/Diagnosis Codes",
      "http://hl7.org/fhir/R4/valueset-device-kind.html" : "FHIR Device Types",
      "http://hl7.org/fhir/R4/valueset-substance-code.html" : "Substance Code",
      "http://hl7.org/fhir/R4/valueset-observation-methods.html" : "Observation Methods",
      "http://hl7.org/fhir/R4/valueset-servicerequest-category.html" : "Service Request Category Codes",
      "http://hl7.org/fhir/R4/valueset-clinical-findings.html" : "SNOMED CT Clinical Findings",
      "http://hl7.org/fhir/R4/valueset-participant-role.html" : "Participant Roles",
      "http://hl7.org/fhir/R4/valueset-adverse-event-type.html" : "SNOMED CT Clinical Findings",
      "http://hl7.org/fhir/us/core/STU6.1/ValueSet-us-core-encounter-type.html" : "US Core Encounter Type",
      "http://hl7.org/fhir/R4/valueset-reason-medication-status-codes.html" : "SNOMED CT Drug Therapy Status codes ",
      "http://hl7.org/fhir/R4/valueset-medication-as-needed-reason.html" : "SNOMED CT Medication As Needed Reason Codes",
      "http://hl7.org/fhir/us/core/STU6.1/ValueSet-us-core-procedure-code.html" : "US Core Procedure Codes",
      "http://hl7.org/fhir/R4/valueset-manifestation-or-symptom.html" : "Manifestation and Symptom Codes",
      "http://hl7.org/fhir/R4/valueset-route-codes.html" : "SNOMED CT Route Codes",
      "http://hl7.org/fhir/R4/valueset-procedure-category.html" : "Procedure Category Codes (SNOMED CT)",
      "http://hl7.org/fhir/R4/valueset-procedure-not-performed-reason.html" : "Procedure Not Performed Reason (SNOMED-CT)",
      "http://hl7.org/fhir/R4/valueset-medication-codes.html" : "SNOMED CT Medication Codes",
      "http://hl7.org/fhir/R4/valueset-procedure-outcome.html" : "Procedure Outcome Codes (SNOMED CT)",
      "http://hl7.org/fhir/R4/valueset-additional-instruction-codes.html" : "SNOMED CT Additional Dosage Instructions",
      "http://hl7.org/fhir/R4/valueset-condition-severity.html" : "Condition/Diagnosis Severity",
      "http://hl7.org/fhir/R4/valueset-servicerequest-orderdetail.html" : "Service Request Order Details Codes",
      "http://hl7.org/fhir/R4/valueset-administration-method-codes.html" : "SNOMED CT Administration Method Codes",
      "http://hl7.org/fhir/R4/valueset-procedure-followup.html" : "Procedure Follow up Codes (SNOMED CT)",
      "http://hl7.org/fhir/R4/valueset-referencerange-appliesto.html" : "Observation Reference Range Applies To Codes",
      "http://hl7.org/fhir/R4/valueset-immunization-target-disease.html" : "Immunization Target Disease Codes",
      "http://hl7.org/fhir/R4/valueset-condition-stage.html" : "Condition Stage",
      "http://hl7.org/fhir/R4/valueset-condition-stage-type.html" : "Condition Stage Type",
      "http://hl7.org/fhir/R4/valueset-encounter-reason.html" : "Encounter Reason Codes",
      "http://hl7.org/fhir/R4/valueset-procedure-reason.html" : "Procedure Reason Codes",
      "http://hl7.org/fhir/R4/valueset-performer-role.html" : "Procedure Performer Role Codes"
    },
    {
      "url" : "http://terminology.hl7.org/CodeSystem/admit-source",
      "version" : "1.0.1",
      "status" : "active",
      "name" : "AdmitSource",
      "title" : "Admit source",
      "description" : "This value set defines a set of codes that can be used to indicate from where the patient came in.",
      "oids" : ["2.16.840.1.113883.4.642.1.1092"],
      "uses" : {
      },
      "http://hl7.org/fhir/R4/valueset-encounter-admit-source.html" : "Admit source"
    },
    {
      "url" : "http://terminology.hl7.org/CodeSystem/adverse-event-category",
      "version" : "1.0.1",
      "status" : "active",
      "name" : "AdverseEventCategory",
      "title" : "AdverseEventCategory",
      "description" : "Overall categorization of the event, e.g. product-related or situational.",
      "oids" : ["2.16.840.1.113883.4.642.1.1251"],
      "uses" : {
      },
      "http://hl7.org/fhir/R4/valueset-adverse-event-category.html" : "AdverseEventCategory"
    },
    {
      "url" : "http://terminology.hl7.org/CodeSystem/adverse-event-causality-assess",
      "version" : "1.0.1",
      "status" : "active",
      "name" : "AdverseEventCausalityAssessment",
      "title" : "AdverseEventCausalityAssessment",
      "description" : "Codes for the assessment of whether the entity caused the event.",
      "oids" : ["2.16.840.1.113883.4.642.1.1254"],
      "uses" : {
      },
      "http://hl7.org/fhir/R4/valueset-adverse-event-causality-assess.html" : "AdverseEventCausalityAssessment"
    },
    {
      "url" : "http://terminology.hl7.org/CodeSystem/adverse-event-causality-method",
      "version" : "1.0.1",
      "status" : "active",
      "name" : "AdverseEventCausalityMethod",
      "title" : "AdverseEventCausalityMethod",
      "description" : "TODO.",
      "oids" : ["2.16.840.1.113883.4.642.1.1255"],
      "uses" : {
      },
      "http://hl7.org/fhir/R4/valueset-adverse-event-causality-method.html" : "AdverseEventCausalityMethod"
    },
    {
      "url" : "http://terminology.hl7.org/CodeSystem/adverse-event-outcome",
      "version" : "4.0.1",
      "status" : "draft",
      "name" : "AdverseEventOutcome",
      "title" : "AdverseEventOutcome",
      "description" : "TODO (and should this be required?).",
      "oids" : ["2.16.840.1.113883.4.642.4.1252"],
      "uses" : {
      },
      "http://hl7.org/fhir/R4/valueset-adverse-event-outcome.html" : "AdverseEventOutcome"
    },
    {
      "url" : "http://terminology.hl7.org/CodeSystem/adverse-event-seriousness",
      "version" : "1.0.1",
      "status" : "active",
      "name" : "AdverseEventSeriousness",
      "title" : "AdverseEventSeriousness",
      "description" : "Overall seriousness of this event for the patient.",
      "oids" : ["2.16.840.1.113883.4.642.1.1253"],
      "uses" : {
      },
      "http://hl7.org/fhir/R4/valueset-adverse-event-seriousness.html" : "AdverseEventSeriousness"
    },
    {
      "url" : "http://terminology.hl7.org/CodeSystem/adverse-event-severity",
      "version" : "1.0.0",
      "status" : "draft",
      "name" : "AdverseEventSeverity",
      "title" : "AdverseEventSeverity",
      "description" : "The severity of the adverse event itself, in direct relation to the subject.",
      "oids" : ["2.16.840.1.113883.4.642.1.1256"],
      "uses" : {
      },
      "http://hl7.org/fhir/R4/valueset-adverse-event-severity.html" : "AdverseEventSeverity"
    },
    {
      "url" : "http://terminology.hl7.org/CodeSystem/allergyintolerance-clinical",
      "version" : "1.0.1",
      "status" : "active",
      "name" : "AllergyIntoleranceClinicalStatusCodes",
      "title" : "AllergyIntolerance Clinical Status Codes",
      "description" : "Preferred value set for AllergyIntolerance Clinical Status.",
      "oids" : ["2.16.840.1.113883.4.642.1.1373"],
      "uses" : {
      },
      "http://hl7.org/fhir/R4/valueset-allergyintolerance-clinical.html" : "AllergyIntolerance Clinical Status Codes"
    },
    {
      "url" : "http://terminology.hl7.org/CodeSystem/allergyintolerance-verification",
      "version" : "1.0.1",
      "status" : "active",
      "name" : "AllergyIntoleranceVerificationStatus",
      "title" : "AllergyIntolerance Verification Status",
      "description" : "The verification status to support or decline the clinical status of the allergy or intolerance.",
      "oids" : ["2.16.840.1.113883.4.642.1.1371"],
      "uses" : {
      },
      "http://hl7.org/fhir/R4/valueset-allergyintolerance-verification.html" : "AllergyIntolerance Verification Status Codes"
    },
    {
      "url" : "http://terminology.hl7.org/CodeSystem/condition-category",
      "version" : "1.0.1",
      "status" : "active",
      "name" : "ConditionCategoryCodes",
      "title" : "Condition Category Codes",
      "description" : "Preferred value set for Condition Categories.",
      "oids" : ["2.16.840.1.113883.4.642.1.1073"],
      "uses" : {
      },
      "http://hl7.org/fhir/R4/valueset-condition-category.html" : "Condition Category Codes"
    },
    {
      "url" : "http://terminology.hl7.org/CodeSystem/condition-clinical",
      "version" : "3.0.0",
      "status" : "active",
      "name" : "ConditionClinicalStatusCodes",
      "title" : "Condition Clinical Status Codes",
      "description" : "Preferred value set for Condition Clinical Status.",
      "oids" : ["2.16.840.1.113883.4.642.1.1074"],
      "uses" : {
      },
      "http://hl7.org/fhir/R4/valueset-condition-clinical.html" : "Condition Clinical Status Codes"
    },
    {
      "url" : "http://terminology.hl7.org/CodeSystem/condition-ver-status",
      "version" : "2.0.1",
      "status" : "active",
      "name" : "ConditionVerificationStatus",
      "title" : "ConditionVerificationStatus",
      "description" : "The verification status to support or decline the clinical status of the condition or diagnosis.",
      "oids" : ["2.16.840.1.113883.4.642.1.1075"],
      "uses" : {
      },
      "http://hl7.org/fhir/R4/valueset-condition-ver-status.html" : "ConditionVerificationStatus"
    },
    {
      "url" : "http://terminology.hl7.org/CodeSystem/coverage-class",
      "version" : "1.0.1",
      "status" : "active",
      "name" : "CoverageClassCodes",
      "title" : "Coverage Class Codes",
      "description" : "This value set includes Coverage Class codes.",
      "oids" : ["2.16.840.1.113883.4.642.1.1147"],
      "uses" : {
      },
      "http://hl7.org/fhir/R4/valueset-coverage-class.html" : "Coverage Class Codes"
    },
    {
      "url" : "http://terminology.hl7.org/CodeSystem/coverage-copay-type",
      "version" : "1.0.1",
      "status" : "active",
      "name" : "CoverageCopayTypeCodes",
      "title" : "Coverage Copay Type Codes",
      "description" : "This value set includes sample Coverage Copayment Type codes.",
      "oids" : ["2.16.840.1.113883.4.642.1.1149"],
      "uses" : {
      },
      "http://hl7.org/fhir/R4/valueset-coverage-copay-type.html" : "Coverage Copay Type Codes"
    },
    {
      "url" : "http://terminology.hl7.org/CodeSystem/data-absent-reason",
      "version" : "1.0.0",
      "status" : "active",
      "name" : "DataAbsentReason",
      "title" : "DataAbsentReason",
      "description" : "Used to specify why the normally expected content of the data element is missing.",
      "oids" : ["2.16.840.1.113883.4.642.4.1048"],
      "uses" : {
      },
      "http://hl7.org/fhir/R4/valueset-data-absent-reason.html" : "DataAbsentReason"
    },
    {
      "url" : "http://terminology.hl7.org/CodeSystem/diagnosis-role",
      "version" : "1.1.1",
      "status" : "active",
      "name" : "DiagnosisRole",
      "title" : "Diagnosis Role",
      "description" : "This value set defines a set of codes that can be used to express the role of a diagnosis on the Encounter or EpisodeOfCare record.",
      "oids" : ["2.16.840.1.113883.4.642.1.1054"],
      "uses" : {
      },
      "http://hl7.org/fhir/R4/valueset-diagnosis-role.html" : "DiagnosisRole"
    },
    {
      "url" : "http://terminology.hl7.org/CodeSystem/diet",
      "version" : "1.0.1",
      "status" : "active",
      "name" : "Diet",
      "title" : "Diet",
      "description" : "This value set defines a set of codes that can be used to indicate dietary preferences or restrictions a patient may have.",
      "oids" : ["2.16.840.1.113883.4.642.1.1091"],
      "uses" : {
      },
      "http://hl7.org/fhir/R4/valueset-encounter-diet.html" : "Diet"
    },
    {
      "url" : "http://terminology.hl7.org/CodeSystem/dose-rate-type",
      "version" : "1.0.0",
      "status" : "draft",
      "name" : "DoseAndRateType",
      "title" : "DoseAndRateType",
      "description" : "The kind of dose or rate specified.",
      "oids" : ["2.16.840.1.113883.4.642.1.1069"],
      "uses" : {
      },
      "http://hl7.org/fhir/R4/valueset-dose-rate-type.html" : "DoseAndRateType"
    },
    {
      "url" : "http://terminology.hl7.org/CodeSystem/encounter-special-arrangements",
      "version" : "1.0.1",
      "status" : "active",
      "name" : "SpecialArrangements",
      "title" : "Special arrangements",
      "description" : "This value set defines a set of codes that can be used to indicate the kinds of special arrangements in place for a patients visit.",
      "oids" : ["2.16.840.1.113883.4.642.1.1090"],
      "uses" : {
      },
      "http://hl7.org/fhir/R4/valueset-encounter-special-arrangements.html" : "Special arrangements"
    },
    {
      "url" : "http://terminology.hl7.org/CodeSystem/ex-coverage-financial-exception",
      "version" : "1.0.1",
      "status" : "active",
      "name" : "ExampleCoverageFinancialExceptionCodes",
      "title" : "Example Coverage Financial Exception Codes",
      "description" : "This value set includes Example Coverage Financial Exception Codes.",
      "oids" : ["2.16.840.1.113883.4.642.1.1329"],
      "uses" : {
      },
      "http://hl7.org/fhir/R4/valueset-coverage-financial-exception.html" : "Example Coverage Financial Exception Codes"
    },
    {
      "url" : "http://terminology.hl7.org/CodeSystem/immunization-funding-source",
      "version" : "1.0.1",
      "status" : "active",
      "name" : "ImmunizationFundingSource",
      "title" : "Immunization Funding Source",
      "description" : "The value set to instantiate this attribute should be drawn from a terminologically robust code system that consists of or contains concepts to support describing the source of the vaccine administered. This value set is provided as a suggestive example.",
      "oids" : ["2.16.840.1.113883.4.642.1.1100"],
      "uses" : {
      },
      "http://hl7.org/fhir/R4/valueset-immunization-funding-source.html" : "Immunization Funding Source"
    },
    {
      "url" : "http://terminology.hl7.org/CodeSystem/immunization-origin",
      "version" : "1.0.1",
      "status" : "active",
      "name" : "ImmunizationOriginCodes",
      "title" : "Immunization Origin Codes",
      "description" : "The value set to instantiate this attribute should be drawn from a terminologically robust code system that consists of or contains concepts to support describing the source of the data when the report of the immunization event is not based on information from the person, entity or organization who administered the vaccine. This value set is provided as a suggestive example.",
      "oids" : ["2.16.840.1.113883.4.642.1.1101"],
      "uses" : {
      },
      "http://hl7.org/fhir/R4/valueset-immunization-origin.html" : "Immunization Origin Codes"
    },
    {
      "url" : "http://terminology.hl7.org/CodeSystem/immunization-program-eligibility",
      "version" : "1.0.1",
      "status" : "active",
      "name" : "ImmunizationProgramEligibility",
      "title" : "Immunization Program Eligibility",
      "description" : "The value set to instantiate this attribute should be drawn from a terminologically robust code system that consists of or contains concepts to support describing the patient's eligibility for a vaccination program. This value set is provided as a suggestive example.",
      "oids" : ["2.16.840.1.113883.4.642.1.1099"],
      "uses" : {
      },
      "http://hl7.org/fhir/R4/valueset-immunization-program-eligibility.html" : "Immunization Program Eligibility"
    },
    {
      "url" : "http://terminology.hl7.org/CodeSystem/immunization-subpotent-reason",
      "version" : "1.0.1",
      "status" : "active",
      "name" : "ImmunizationSubpotentReason",
      "title" : "Immunization Subpotent Reason",
      "description" : "The value set to instantiate this attribute should be drawn from a terminologically robust code system that consists of or contains concepts to support describing the reason why a dose is considered to be subpotent. This value set is provided as a suggestive example.",
      "oids" : ["2.16.840.1.113883.4.642.1.1098"],
      "uses" : {
      },
      "http://hl7.org/fhir/R4/valueset-immunization-subpotent-reason.html" : "Immunization Subpotent Reason"
    },
    {
      "url" : "http://terminology.hl7.org/CodeSystem/location-physical-type",
      "version" : "2.0.1",
      "status" : "active",
      "name" : "LocationType",
      "title" : "Location type",
      "description" : "This example value set defines a set of codes that can be used to indicate the physical form of the Location.\r\rThis includes several 'non physical' codes which are still considered a location.",
      "oids" : ["2.16.840.1.113883.4.642.1.1108"],
      "uses" : {
      },
      "http://hl7.org/fhir/R4/valueset-location-physical-type.html" : "Location type"
    },
    {
      "url" : "http://terminology.hl7.org/CodeSystem/medication-statement-category",
      "version" : "4.0.1",
      "status" : "draft",
      "name" : "Medication usage category codes",
      "title" : "Medication usage category codes",
      "description" : "Medication Status Codes",
      "oids" : ["2.16.840.1.113883.4.642.4.1120"],
      "uses" : {
      },
      "http://hl7.org/fhir/R4/valueset-medication-statement-category.html" : "Medication usage category codes"
    },
    {
      "url" : "http://terminology.hl7.org/CodeSystem/medicationrequest-category",
      "version" : "1.0.0",
      "status" : "draft",
      "name" : "MedicationRequestCategoryCodes",
      "title" : "MedicationRequest Category Codes",
      "description" : "MedicationRequest Category Codes",
      "oids" : ["2.16.840.1.113883.4.642.1.1323"],
      "uses" : {
      },
      "http://hl7.org/fhir/R4/valueset-medicationrequest-category.html" : "Medication request  category  codes"
    },
    {
      "url" : "http://terminology.hl7.org/CodeSystem/medicationrequest-course-of-therapy",
      "version" : "1.0.1",
      "status" : "active",
      "name" : "MedicationRequestCourseOfTherapyCodes",
      "title" : "MedicationRequest Course of Therapy Codes",
      "description" : "MedicationRequest Course of Therapy Codes",
      "oids" : ["2.16.840.1.113883.4.642.1.1327"],
      "uses" : {
      },
      "http://hl7.org/fhir/R4/valueset-medicationrequest-course-of-therapy.html" : "Medication request  course of  therapy  codes"
    },
    {
      "url" : "http://terminology.hl7.org/CodeSystem/medicationrequest-status-reason",
      "version" : "1.0.1",
      "status" : "active",
      "name" : "MedicationRequestStatusReasonCodes",
      "title" : "MedicationRequest Status Reason Codes",
      "description" : "MedicationRequest Status Reason Codes",
      "oids" : ["2.16.840.1.113883.4.642.1.1325"],
      "uses" : {
      },
      "http://hl7.org/fhir/R4/valueset-medicationrequest-status-reason.html" : "Medication request  status  reason  codes"
    },
    {
      "url" : "http://terminology.hl7.org/CodeSystem/observation-category",
      "version" : "1.0.1",
      "status" : "active",
      "name" : "ObservationCategoryCodes",
      "title" : "Observation Category Codes",
      "description" : "Observation Category codes.",
      "oids" : ["2.16.840.1.113883.4.642.1.1125"],
      "uses" : {
      },
      "http://hl7.org/fhir/us/core/STU6.1/ValueSet-us-core-clinical-result-observation-category.html" : "US Core Clinical Result Observation Category",
      "http://hl7.org/fhir/R4/valueset-observation-category.html" : "Observation Category Codes"
    },
    {
      "url" : "http://terminology.hl7.org/CodeSystem/participant-type",
      "version" : "1.0.1",
      "status" : "active",
      "name" : "ParticipantType",
      "title" : "Participant type",
      "description" : "This value set defines a set of codes that can be used to indicate how an individual participates in an encounter.",
      "oids" : ["2.16.840.1.113883.4.642.1.1089"],
      "uses" : {
      },
      "http://hl7.org/fhir/R4/valueset-encounter-participant-type.html" : "Participant type"
    },
    {
      "url" : "http://terminology.hl7.org/CodeSystem/referencerange-meaning",
      "version" : "1.0.1",
      "status" : "active",
      "name" : "ObservationReferenceRangeMeaningCodes",
      "title" : "Observation Reference Range Meaning Codes",
      "description" : "This value set defines a set of codes that can be used to indicate the meaning/use of a reference range for a particular target population.",
      "oids" : ["2.16.840.1.113883.4.642.1.1124"],
      "uses" : {
      },
      "http://hl7.org/fhir/R4/valueset-referencerange-meaning.html" : "Observation Reference Range Meaning Codes"
    },
    {
      "url" : "http://terminology.hl7.org/CodeSystem/service-type",
      "version" : "1.1.1",
      "status" : "active",
      "name" : "ServiceType",
      "title" : "Service type",
      "description" : "This value set defines an example set of codes of service-types.",
      "oids" : ["2.16.840.1.113883.4.642.1.1145"],
      "uses" : {
      },
      "http://hl7.org/fhir/R4/valueset-service-type.html" : "Service type"
    },
    {
      "url" : "http://terminology.hl7.org/CodeSystem/subscriber-relationship",
      "version" : "1.0.1",
      "status" : "active",
      "name" : "SubscriberRelationshipCodes",
      "title" : "SubscriberPolicyholder Relationship Codes",
      "description" : "This value set includes codes for the relationship between the Subscriber and the Beneficiary (insured/covered party/patient).",
      "oids" : ["2.16.840.1.113883.4.642.1.1386"],
      "uses" : {
      },
      "http://hl7.org/fhir/R4/valueset-subscriber-relationship.html" : "SubscriberPolicyholder Relationship Codes"
    },
    {
      "url" : "http://terminology.hl7.org/CodeSystem/v2-0092",
      "version" : "2.1.0",
      "status" : "active",
      "name" : "ReAdmissionIndicator",
      "title" : "re-admissionIndicator",
      "description" : "Code system of concepts which are used to specify that a patient is being re admitted to a healthcare facilityin from which they were discharged, and indicates the circumstances around such re-admission.  Used in HL7 Version 2.x messagine in the PV1 segment.",
      "oids" : ["2.16.840.1.113883.18.36"],
      "uses" : {
      },
      "http://terminology.hl7.org/5.0.0/ValueSet-v2-0092.html" : "hl7VS-re-admissionIndicator"
    },
    {
      "url" : "http://terminology.hl7.org/CodeSystem/v2-0116",
      "version" : "2.2.0",
      "status" : "active",
      "name" : "BedStatus",
      "title" : "bedStatus",
      "description" : "Code system of concepts which specify the state of a bed in an inpatient setting, and is used to determine if a patient may be assigned to it or not.  Used in HL7 Version 2.x messaging in the DLD and PV1 segments.",
      "oids" : ["2.16.840.1.113883.18.47"],
      "uses" : {
      },
      "http://terminology.hl7.org/5.0.0/ValueSet-v2-0116.html" : "hl7VS-bedStatus"
    },
    {
      "url" : "http://terminology.hl7.org/CodeSystem/v2-0131",
      "version" : "2.1.0",
      "status" : "active",
      "name" : "ContactRole2",
      "title" : "contactRole2",
      "description" : "Code system of concepts which specify a relationship role that the next of kin/associated parties plays with regard to the patient. Also used in referrals, for example, it may be necessary to identify the contact representative at the clinic that sent a referral. Used in HL7 Version 2 messaging in the NK1 and CTD segments after 2.5, when it replace 2.16.840.1.113883.18.57.",
      "oids" : ["2.16.840.1.113883.18.58"],
      "uses" : {
      },
      "http://hl7.org/fhir/R4/valueset-relatedperson-relationshiptype.html" : "Patient relationship type",
      "http://hl7.org/fhir/R4/valueset-patient-contactrelationship.html" : "Patient Contact Relationship "
    },
    {
      "url" : "http://terminology.hl7.org/CodeSystem/v2-0443",
      "version" : "2.3.0",
      "status" : "active",
      "name" : "ProviderRole",
      "title" : "providerRole",
      "description" : "Code system of concepts specifying the functional involvement with the activity being transmitted (e.g., Case Manager, Evaluator, Transcriber, Nurse Care Practitioner, Midwife, Physician Assistant, etc.).  Used in HL7 Version 2.x messaging in the ROL segment.",
      "oids" : ["2.16.840.1.113883.18.283"],
      "uses" : {
      },
      "http://hl7.org/fhir/R4/valueset-immunization-function.html" : "Immunization Function Codes"
    },
    {
      "url" : "http://terminology.hl7.org/CodeSystem/v3-ActCode",
      "version" : "9.0.0",
      "status" : "active",
      "name" : "ActCode",
      "title" : "ActCode",
      "description" : "A code specifying the particular kind of Act that the Act-instance represents within its class.\r\n\r\n*Constraints:* The kind of Act (e.g. physical examination, serum potassium, inpatient encounter, charge financial transaction, etc.) is specified with a code from one of several, typically external, coding systems. The coding system will depend on the class of Act, such as LOINC for observations, etc.\r\n\r\nConceptually, the Act.code must be a specialization of the Act.classCode. This is why the structure of ActClass domain should be reflected in the superstructure of the ActCode domain and then individual codes or externally referenced vocabularies subordinated under these domains that reflect the ActClass structure.\r\n\r\nAct.classCode and Act.code are not modifiers of each other but the Act.code concept should really imply the Act.classCode concept. For a negative example, it is not appropriate to use an Act.code \"potassium\" together with and Act.classCode for \"laboratory observation\" to somehow mean \"potassium laboratory observation\" and then use the same Act.code for \"potassium\" together with Act.classCode for \"medication\" to mean \"substitution of potassium\". This mutually modifying use of Act.code and Act.classCode is not permitted.",
      "oids" : ["2.16.840.1.113883.5.4"],
      "uses" : {
      },
      "http://terminology.hl7.org/6.0.2/ValueSet-v3-ActEncounterCode.html" : "ActEncounterCode"
    },
    {
      "url" : "http://terminology.hl7.org/CodeSystem/v3-ActPriority",
      "version" : "3.0.0",
      "status" : "active",
      "name" : "ActPriority",
      "title" : "ActPriority",
      "description" : "A set of codes (e.g., for routine, emergency), specifying the urgency under which the Act happened, can happen, is happening, is intended to happen, or is requested/demanded to happen.",
      "oids" : ["2.16.840.1.113883.5.7"],
      "uses" : {
      },
      "http://terminology.hl7.org/6.0.2/ValueSet-v3-ActPriority.html" : "ActPriority"
    },
    {
      "url" : "http://terminology.hl7.org/CodeSystem/v3-ActReason",
      "version" : "3.1.0",
      "status" : "active",
      "name" : "ActReason",
      "title" : "ActReason",
      "description" : "A set of codes specifying the motivation, cause, or rationale of an Act, when such rationale is not reasonably represented as an ActRelationship of type \"has reason\" linking to another Act.\r\n\r\n*Examples:* Example reasons that might qualify for being coded in this field might be: \"routine requirement\", \"infectious disease reporting requirement\", \"on patient request\", \"required by law\".",
      "oids" : ["2.16.840.1.113883.5.8"],
      "uses" : {
      },
      "http://terminology.hl7.org/6.0.2/ValueSet-v3-SubstanceAdminSubstitutionReason.html" : "SubstanceAdminSubstitutionReason",
      "http://hl7.org/fhir/R4/valueset-immunization-status-reason.html" : "Immunization Status Reason Codes"
    },
    {
      "url" : "http://terminology.hl7.org/CodeSystem/v3-ActSite",
      "version" : "3.0.0",
      "status" : "active",
      "name" : "ActSite",
      "title" : "ActSite",
      "description" : "An anatomical location on an organism which can be the focus of an act.",
      "oids" : ["2.16.840.1.113883.5.1052"],
      "uses" : {
      },
      "http://hl7.org/fhir/R4/valueset-immunization-site.html" : "Codes for Immunization Site of Administration"
    },
    {
      "url" : "http://terminology.hl7.org/CodeSystem/v3-AdministrativeGender",
      "version" : "3.0.0",
      "status" : "active",
      "name" : "AdministrativeGender",
      "title" : "AdministrativeGender",
      "description" : "The gender of a person used for adminstrative purposes (as opposed to clinical gender)",
      "oids" : ["2.16.840.1.113883.5.1"],
      "uses" : {
      },
      "ValueSet-uds-plus-birthsex-codes.html" : "Uds Plus Birth Sex Codes"
    },
    {
      "url" : "http://terminology.hl7.org/CodeSystem/v3-EncounterSpecialCourtesy",
      "version" : "3.0.0",
      "status" : "active",
      "name" : "EncounterSpecialCourtesy",
      "title" : "EncounterSpecialCourtesy",
      "description" : "**** MISSING DESCRIPTION ****",
      "oids" : ["2.16.840.1.113883.5.40"],
      "uses" : {
      },
      "http://hl7.org/fhir/R4/valueset-encounter-special-courtesy.html" : "Special courtesy"
    },
    {
      "url" : "http://terminology.hl7.org/CodeSystem/v3-MaritalStatus",
      "version" : "3.0.0",
      "status" : "active",
      "name" : "MaritalStatus",
      "title" : "MaritalStatus",
      "description" : "\\* \\* \\* No description supplied \\* \\* \\*\r\n\r\n*Open Issue:* The specific meanings of these codes can vary somewhat by jurisdiction and implementation so caution should be used when determining equivalency.\r\n\r\n*Open Issue:* fixing and completion of the hierarchy and proper good definitions of all the concepts is badly needed.",
      "oids" : ["2.16.840.1.113883.5.2"],
      "uses" : {
      },
      "http://hl7.org/fhir/R4/valueset-marital-status.html" : "MaritalStatus"
    },
    {
      "url" : "http://terminology.hl7.org/CodeSystem/v3-NullFlavor",
      "version" : "3.0.0",
      "status" : "active",
      "name" : "NullFlavor",
      "title" : "NullFlavor",
      "description" : "A collection of codes specifying why a valid value is not present.",
      "oids" : ["2.16.840.1.113883.5.1008"],
      "uses" : {
      },
      "ValueSet-uds-plus-gender-identity-codes.html" : "Uds Plus Gender Identity Codes",
      "http://hl7.org/fhir/R4/valueset-encounter-special-courtesy.html" : "Special courtesy",
      "http://hl7.org/fhir/R4/valueset-marital-status.html" : "MaritalStatus",
      "ValueSet-uds-plus-sexual-orientation-codes.html" : "Uds Plus Sexual Orientation Codes"
    },
    {
      "url" : "http://terminology.hl7.org/CodeSystem/v3-ObservationInterpretation",
      "version" : "3.0.0",
      "status" : "active",
      "name" : "ObservationInterpretation",
      "title" : "ObservationInterpretation",
      "description" : "One or more codes providing a rough qualitative interpretation of the observation, such as \"normal\" / \"abnormal\", \"low\" / \"high\", \"better\" / \"worse\", \"resistant\" / \"susceptible\", \"expected\" / \"not expected\". The value set is intended to be for ANY use where coded representation of an interpretation is needed.",
      "oids" : ["2.16.840.1.113883.5.83"],
      "uses" : {
      },
      "http://hl7.org/fhir/R4/valueset-observation-interpretation.html" : "Observation Interpretation Codes"
    },
    {
      "url" : "http://terminology.hl7.org/CodeSystem/v3-ParticipationType",
      "version" : "5.0.0",
      "status" : "active",
      "name" : "ParticipationType",
      "title" : "ParticipationType",
      "description" : "A code specifying the meaning and purpose of every Participation instance. Each of its values implies specific constraints on the Roles undertaking the participation.",
      "oids" : ["2.16.840.1.113883.5.90"],
      "uses" : {
      },
      "http://hl7.org/fhir/R4/valueset-encounter-participant-type.html" : "Participant type"
    },
    {
      "url" : "http://terminology.hl7.org/CodeSystem/v3-RoleCode",
      "version" : "3.0.0",
      "status" : "active",
      "name" : "RoleCode",
      "title" : "RoleCode",
      "description" : "A set of codes further specifying the kind of Role; specific classification codes for further qualifying RoleClass codes.",
      "oids" : ["2.16.840.1.113883.5.111"],
      "uses" : {
      },
      "http://terminology.hl7.org/6.0.2/ValueSet-v3-ServiceDeliveryLocationRoleType.html" : "ServiceDeliveryLocationRoleType",
      "http://hl7.org/fhir/R4/valueset-relatedperson-relationshiptype.html" : "Patient relationship type"
    },
    {
      "url" : "http://terminology.hl7.org/CodeSystem/v3-RouteOfAdministration",
      "version" : "3.0.0",
      "status" : "active",
      "name" : "RouteOfAdministration",
      "title" : "RouteOfAdministration",
      "description" : "The path the administered medication takes to get into the body or into contact with the body.",
      "oids" : ["2.16.840.1.113883.5.112"],
      "uses" : {
      },
      "http://hl7.org/fhir/R4/valueset-immunization-route.html" : "Immunization Route Codes"
    },
    {
      "url" : "http://terminology.hl7.org/CodeSystem/v3-substanceAdminSubstitution",
      "version" : "3.0.0",
      "status" : "active",
      "name" : "SubstanceAdminSubstitution",
      "title" : "Substance Admin Substitution",
      "description" : "Identifies what sort of change is permitted or has occurred between the therapy that was ordered and the therapy that was/will be provided.",
      "oids" : ["2.16.840.1.113883.5.1070"],
      "uses" : {
      },
      "http://terminology.hl7.org/6.0.2/ValueSet-v3-ActSubstanceAdminSubstitutionCode.html" : "ActSubstanceAdminSubstitutionCode"
    },
    {
      "url" : "http://www.ada.org/cdt",
      "version" : "3.0.1",
      "status" : "active",
      "name" : "CDT",
      "title" : "Code on Dental Procedures and Nomenclature",
      "description" : "The purpose of the CDT Code is to achieve uniformity, consistency and specificity in accurately documenting dental treatment. One use of the CDT Code is to provide for the efficient processing of dental claims, and another is to populate an Electronic Health Record.",
      "oids" : ["2.16.840.1.113883.6.13"],
      "uses" : {
      },
      "http://hl7.org/fhir/us/core/STU6.1/ValueSet-us-core-procedure-code.html" : "US Core Procedure Codes"
    },
    {
      "url" : "http://www.ama-assn.org/go/cpt",
      "version" : "3.0.1",
      "status" : "active",
      "name" : "CPT",
      "title" : "Current Procedural Terminology (CPT®)",
      "description" : "The Current Procedural Terminology (CPT) code set, created and maintained by the American Medical Association, is the language of medicine today and the code to its future. This system of terminology is the most widely accepted medical nomenclature used to report medical procedures and services under public and private health insurance programs. CPT coding is also used for administrative management purposes such as claims processing and developing guidelines for medical care review. Each year, via a rigorous, evidence-based and transparent process, the independent CPT Editorial Panel revises, creates or deletes hundreds of codes in order to reflect current medical practice.\r\n\r\nDesignated by the U.S. Department of Health and Human Services under the Health Insurance Portability and Accountability Act (HIPAA) as a national coding set for physician and other health care professional services and procedures, CPT’s evidence-based codes accurately encompass the full range of health care services.\r\n\r\nAll CPT codes are five-digits and can be either numeric or alphanumeric, depending on the category. CPT code descriptors are clinically focused and utilize common standards so that a diverse set of users can have common understanding across the clinical health care paradigm.\r\n\r\nThere are various types of CPT codes:\r\n\r\nCategory I: These codes have descriptors that correspond to a procedure or service. Codes range from 00100–99499 and are generally ordered into sub-categories based on procedure/service type and anatomy.\r\n\r\nCategory II: These alphanumeric tracking codes are supplemental codes used for performance measurement. Using them is optional and not required for correct coding.\r\n\r\nCategory III: These are temporary alphanumeric codes for new and developing technology, procedures and services. They were created for data collection, assessment and in some instances, payment of new services and procedures that currently don’t meet the criteria for a Category I code.\r\n\r\nProprietary Laboratory Analyses (PLA) codes: These codes describe proprietary clinical laboratory analyses and can be either provided by a single (“solesource”) laboratory or licensed or marketed to multiple providing laboratories that are cleared or approved by the Food and Drug Administration (FDA)). This category includes but is not limited to Advanced Diagnostic Laboratory Tests (ADLTs) and Clinical Diagnostic Laboratory Tests (CDLTs), as defined under the Protecting Access to Medicare Act of 2014 (PAMA).",
      "oids" : ["2.16.840.1.113883.6.12"],
      "uses" : {
      },
      "http://hl7.org/fhir/us/core/STU6.1/ValueSet-us-core-encounter-type.html" : "US Core Encounter Type",
      "http://hl7.org/fhir/us/core/STU6.1/ValueSet-us-core-procedure-code.html" : "US Core Procedure Codes"
    },
    {
      "url" : "http://www.cms.gov/Medicare/Coding/ICD10",
      "version" : "2.0.1",
      "status" : "active",
      "name" : "Icd10PCS",
      "title" : "ICD-10 Procedure Codes",
      "description" : "ICD Procedure Coding System (ICD 10 PCS)",
      "oids" : ["2.16.840.1.113883.6.4"],
      "uses" : {
      },
      "http://hl7.org/fhir/us/core/STU6.1/ValueSet-us-core-procedure-code.html" : "US Core Procedure Codes"
    },
    {
      "url" : "https://www.cms.gov/Medicare/Coding/HCPCSReleaseCodeSets",
      "version" : "1.0.1",
      "status" : "active",
      "name" : "HCPCSLevelII",
      "title" : "Healthcare Common Procedure Coding System (HCPCS) level II alphanumeric codes",
      "description" : "The Level II HCPCS codes, which are established by CMS's Alpha-Numeric Editorial Panel, primarily represent items and supplies and non-physician services not covered by the American Medical Association's Current Procedural Terminology-4 (CPT-4) codes; Medicare, Medicaid, and private health insurers use HCPCS procedure and modifier codes for claims processing.  Level II alphanumeric procedure and modifier codes comprise the A to V range.",
      "oids" : ["2.16.840.1.113883.6.285"],
      "uses" : {
      },
      "http://hl7.org/fhir/us/core/STU6.1/ValueSet-us-core-procedure-code.html" : "US Core Procedure Codes"
    },
    {
      "url" : "urn:ietf:bcp:47",
      "version" : "2.0.1",
      "status" : "active",
      "name" : "Ietf3066",
      "title" : "Tags for the Identification of Languages",
      "description" : "Older value from OID registry.  Superceded; see recommendations in BCP-47.",
      "oids" : ["2.16.840.1.113883.6.121"],
      "uses" : {
      },
      "http://hl7.org/fhir/R4/valueset-languages.html" : "Common Languages",
      "http://hl7.org/fhir/us/core/STU6.1/ValueSet-simple-language.html" : "Language codes with language and optionally a region modifier"
    }
  ]
}
