<?xml version="1.0" encoding="UTF-8"?>

<Coverage xmlns="http://hl7.org/fhir">
  <id value="de-identified-example"/>
  <meta>
    <profile value="http://fhir.org/guides/hrsa/uds-plus/StructureDefinition/uds-plus-coverage"/>
  </meta>
  <extension url="http://fhir.org/guides/hrsa/uds-plus/StructureDefinition/uds-plus-capitated-member-months-extension">
    <valueQuantity>
      <value value="36"/>
      <unit value="yr"/>
      <system value="http://unitsofmeasure.org"/>
      <code value="a"/>
    </valueQuantity>
  </extension>
  <extension url="http://fhir.org/guides/hrsa/uds-plus/StructureDefinition/uds-plus-feeforservice-member-months-extension">
    <valueQuantity>
      <value value="36"/>
      <unit value="yr"/>
      <system value="http://unitsofmeasure.org"/>
      <code value="a"/>
    </valueQuantity>
  </extension>
  <status value="active"/>
  <type>
    <coding>
      <system value="http://fhir.org/guides/hrsa/uds-plus/CodeSystem/uds-plus-insurance-codes"/>
      <code value="private-insurance"/>
      <display value="Private Insurance"/>
    </coding>
  </type>
  <beneficiary>
    <reference value="Patient/de-identified-example"/>
  </beneficiary>
  <period>
    <start value="2019"/>
    <end value="2023"/>
  </period>
  <payor>
    <reference value="Organization/acme-payer"/>
  </payor>
</Coverage>