<?xml version="1.0" encoding="UTF-8"?>

<Observation xmlns="http://hl7.org/fhir">
  <id value="generic-observation-de-identified-example"/>
  <meta>
    <profile value="http://fhir.org/guides/hrsa/uds-plus/StructureDefinition/uds-plus-observation"/>
  </meta>
  <extension url="http://fhir.org/guides/hrsa/uds-plus/StructureDefinition/uds-plus-deidentified-instant-extension">
    <valueDateTime value="2005"/>
  </extension>
  <status value="final"/>
  <category>
    <coding>
      <system value="http://terminology.hl7.org/CodeSystem/observation-category"/>
      <code value="social-history"/>
      <display value="Social History"/>
    </coding>
  </category>
  <code>
    <coding>
      <system value="http://snomed.info/sct"/>
      <code value="160695008"/>
      <display value="Transport too expensive"/>
    </coding>
  </code>
  <subject>
    <reference value="Patient/de-identified-example"/>
  </subject>
  <effectiveDateTime value="2021"/>
  <valueBoolean value="true"/>
</Observation>