<?xml version="1.0" encoding="UTF-8"?>

<Patient xmlns="http://hl7.org/fhir">
  <id value="de-identified-example"/>
  <meta>
    <extension url="http://hl7.org/fhir/StructureDefinition/instance-name">
      <valueString value="De-identified Patient Example"/>
    </extension>
    <extension url="http://hl7.org/fhir/StructureDefinition/instance-description">
      <valueMarkdown value="This is a patient example for the *UDS+ Patient Profile*."/>
    </extension>
    <profile value="http://fhir.org/guides/hrsa/uds-plus/StructureDefinition/de-identified-uds-plus-patient"/>
  </meta>
  <extension url="http://hl7.org/fhir/us/core/StructureDefinition/us-core-race">
    <extension url="ombCategory">
      <valueCoding>
        <system value="urn:oid:2.16.840.1.113883.6.238"/>
        <code value="2106-3"/>
        <display value="White"/>
      </valueCoding>
    </extension>
    <extension url="detailed">
      <valueCoding>
        <system value="urn:oid:2.16.840.1.113883.6.238"/>
        <code value="2108-9"/>
        <display value="European"/>
      </valueCoding>
    </extension>
    <extension url="text">
      <valueString value="White"/>
    </extension>
  </extension>
  <extension url="http://hl7.org/fhir/us/core/StructureDefinition/us-core-ethnicity">
    <extension url="ombCategory">
      <valueCoding>
        <system value="urn:oid:2.16.840.1.113883.6.238"/>
        <code value="2135-2"/>
        <display value="Hispanic or Latino"/>
      </valueCoding>
    </extension>
    <extension url="detailed">
      <valueCoding>
        <system value="urn:oid:2.16.840.1.113883.6.238"/>
        <code value="2184-0"/>
        <display value="Dominican"/>
      </valueCoding>
    </extension>
    <extension url="text">
      <valueString value="Hispanic or Latino"/>
    </extension>
  </extension>
  <extension url="http://fhir.org/guides/hrsa/uds-plus/StructureDefinition/uds-plus-birthsex-extension">
    <valueCode value="F"/>
  </extension>
  <extension url="http://fhir.org/guides/hrsa/uds-plus/StructureDefinition/uds-plus-sex-extension">
    <valueCode value="248152002"/>
  </extension>
  <extension url="http://fhir.org/guides/hrsa/uds-plus/StructureDefinition/uds-plus-age-extension">
    <valueQuantity>
      <value value="37"/>
      <unit value="yr"/>
      <system value="http://unitsofmeasure.org"/>
      <code value="a"/>
    </valueQuantity>
  </extension>
  <extension url="http://fhir.org/guides/hrsa/uds-plus/StructureDefinition/udsplus-agriculture-worker-status">
    <valueCode value="migratory"/>
  </extension>
  <extension url="http://fhir.org/guides/hrsa/uds-plus/StructureDefinition/uds-plus-housing-status-extension">
    <valueCode value="permanent-supportive-housing"/>
  </extension>
  <extension url="http://fhir.org/guides/hrsa/uds-plus/StructureDefinition/uds-plus-veteran-status-extension">
    <valueBoolean value="false"/>
  </extension>
  <active value="true"/>
  <gender value="female"/>
  <address>
    <postalCode value="03600"/>
  </address>
</Patient>