{
  "resourceType": "StructureDefinition",
  "id": "hspc-opencounter-AdmitMedicationId",
  "url": "http://fhir.org/guides/hspc/StructureDefinition/hspc-opencounter-AdmitMedicationId",
  "name": "Admission Medication Identifier",
  "display": "Admission Medication Identifier",
  "status": "draft",
  "publisher": "HSPC",
  "contact": [
    {
      "telecom": [
        {
          "system": "other",
          "value": "http://healthcaresoa.org"
        }
      ]
    }
  ],
  "date": "2015-12-30",
  "description": "The identifying information that refers to the data that describes any and all medications a patient may be taking prior to admission.",
  "fhirVersion": "1.5.0",
  "mapping": [
    {
      "identity": "rim",
      "uri": "http://hl7.org/v3",
      "name": "RIM Mapping"
    }
  ],
  "kind": "complex-type",
  "abstract": false,
  "contextType": "resource",
  "context": [
    "Encounter"
  ],
  "type": "Extension",
  "baseDefinition": "http://hl7.org/fhir/StructureDefinition/Extension",
  "derivation": "constraint",
  "snapshot": {
    "element": [
      {
        "id": "Extension:admitmedicationid",
        "path": "Extension",
        "name": "AdmitMedicationId",
        "short": "Extension",
        "definition": "The identifying information that refers to the data that describes any and all medications a patient may be taking prior to admission.",
        "min": 0,
        "max": "*",
        "base": {
          "path": "Extension",
          "min": 0,
          "max": "*"
        },
        "constraint": [
          {
            "key": "ext-1",
            "severity": "error",
            "human": "Must have either extensions or value[x], not both",
            "expression": "extension.exists() != value.exists()",
            "xpath": "exists(f:extension)!=exists(f:*[starts-with(local-name(.), 'value')])"
          }
        ],
        "isModifier": false
      },
      {
        "id": "Extension:admitmedicationid.id",
        "path": "Extension.id",
        "representation": [
          "xmlAttr"
        ],
        "short": "xml:id (or equivalent in JSON)",
        "definition": "unique id for the element within a resource (for internal references). This may be any string value that does not contain spaces.",
        "min": 0,
        "max": "1",
        "base": {
          "path": "Element.id",
          "min": 0,
          "max": "*"
        },
        "type": [
          {
            "code": "string"
          }
        ],
        "mapping": [
          {
            "identity": "rim",
            "map": "n/a"
          }
        ]
      },
      {
        "id": "Extension:admitmedicationid.extension",
        "path": "Extension.extension",
        "short": "Additional Content defined by implementations",
        "definition": "May be used to represent additional information that is not part of the basic definition of the element. In order to make the use of extensions safe and manageable, there is a strict set of governance  applied to the definition and use of extensions. Though any implementer is allowed to define an extension, there is a set of requirements that SHALL be met as part of the definition of the extension.",
        "comments": "There can be no stigma associated with the use of extensions by any application, project, or standard - regardless of the institution or jurisdiction that uses or defines the extensions.  The use of extensions is what allows the FHIR specification to retain a core level of simplicity for everyone.",
        "alias": [
          "extensions",
          "user content"
        ],
        "min": 0,
        "max": "*",
        "base": {
          "path": "Element.extension",
          "min": 0,
          "max": "*"
        },
        "type": [
          {
            "code": "Extension"
          }
        ],
        "mapping": [
          {
            "identity": "rim",
            "map": "n/a"
          }
        ]
      },
      {
        "id": "Extension:admitmedicationid.url",
        "path": "Extension.url",
        "representation": [
          "xmlAttr"
        ],
        "short": "identifies the meaning of the extension",
        "definition": "Source of the definition for the extension code - a logical name or a URL.",
        "comments": "The definition may point directly to a computable or human-readable definition of the extensibility codes, or it may be a logical URI as declared in some other specification. The definition SHALL be a URI for the Structure Definition defining the extension.",
        "min": 1,
        "max": "1",
        "base": {
          "path": "Extension.url",
          "min": 1,
          "max": "1"
        },
        "type": [
          {
            "code": "uri"
          }
        ],
        "fixedUri": "http://fhir.org/guides/hspc/StructureDefinition/hspc-opencounter-AdmitMedicationId",
        "mapping": [
          {
            "identity": "rim",
            "map": "N/A"
          }
        ]
      },
      {
        "id": "Extension:admitmedicationid.valueIdentifier",
        "path": "Extension.valueIdentifier",
        "short": "An identifier intended for computation",
        "definition": "A technical identifier - identifies some entity uniquely and unambiguously.",
        "min": 0,
        "max": "1",
        "base": {
          "path": "Extension.value[x]",
          "min": 0,
          "max": "1"
        },
        "type": [
          {
            "code": "Identifier",
            "profile": "http://hl7.org/fhir/StructureDefinition/Identifier"
          }
        ],
        "mapping": [
          {
            "identity": "v2",
            "map": "CX / EI (occasionally, more often EI maps to a resource id or a URL)"
          },
          {
            "identity": "rim",
            "map": "II - see see identifier pattern at http://wiki.hl7.org/index.php?title=Common_Design_Patterns#Identifier_Pattern for relevant discussion. The Identifier class is a little looser than the v3 type II because it allows URIs as well as registered OIDs or GUIDs.  Also maps to Role[classCode=IDENT]"
          },
          {
            "identity": "servd",
            "map": "Identifier"
          }
        ]
      }
    ]
  },
  "differential": {
    "element": [
      {
        "id": "Extension:admitmedicationid",
        "path": "Extension",
        "name": "AdmitMedicationId",
        "definition": "The identifying information that refers to the data that describes any and all medications a patient may be taking prior to admission.",
        "min": 0,
        "max": "*",
        "isModifier": false
      },
      {
        "id": "Extension:admitmedicationid.url",
        "path": "Extension.url",
        "fixedUri": "http://fhir.org/guides/hspc/StructureDefinition/hspc-opencounter-AdmitMedicationId"
      },
      {
        "id": "Extension:admitmedicationid.value[x]",
        "path": "Extension.value[x]",
        "type": [
          {
            "code": "Identifier",
            "profile": "http://hl7.org/fhir/StructureDefinition/Identifier"
          }
        ]
      }
    ]
  }
}