{
  "resourceType": "StructureDefinition",
  "id": "hspc-organization",
  "url": "http://fhir.org/guides/hspc/StructureDefinition/hspc-organization",
  "name": "Profile hspc-organization",
  "status": "draft",
  "publisher": "HSPC",
  "contact": [
    {
      "telecom": [
        {
          "system": "other",
          "value": "http://healthcaresoa.org"
        }
      ]
    }
  ],
  "date": "2015-05-19",
  "mapping": [
    {
      "identity": "v2",
      "uri": "http://hl7.org/v2",
      "name": "HL7 v2 Mapping"
    },
    {
      "identity": "rim",
      "uri": "http://hl7.org/v3",
      "name": "RIM Mapping"
    },
    {
      "identity": "servd",
      "uri": "http://www.omg.org/spec/ServD/1.0/",
      "name": "ServD"
    },
    {
      "identity": "w5",
      "uri": "http://hl7.org/fhir/w5",
      "name": "W5 Mapping"
    }
  ],
  "kind": "resource",
  "abstract": false,
  "type": "Organization",
  "baseDefinition": "http://hl7.org/fhir/StructureDefinition/Organization",
  "derivation": "constraint",
  "snapshot": {
    "element": [
      {
        "id": "Organization:organization",
        "path": "Organization",
        "name": "Organization",
        "short": "A grouping of people or organizations with a common purpose",
        "definition": "A formally or informally recognized grouping of people or organizations formed for the purpose of achieving some form of collective action.  Includes companies, institutions, corporations, departments, community groups, healthcare practice groups, etc.",
        "min": 0,
        "max": "*",
        "base": {
          "path": "Organization",
          "min": 0,
          "max": "*"
        },
        "constraint": [
          {
            "key": "org-1",
            "severity": "error",
            "human": "The organization SHALL at least have a name or an id, and possibly more than one",
            "expression": "(identifier.count() + name.count()) > 0",
            "xpath": "count(f:identifier | f:name) > 0"
          }
        ],
        "mustSupport": false,
        "isSummary": false,
        "mapping": [
          {
            "identity": "v2",
            "map": "(also see master files messages)"
          },
          {
            "identity": "rim",
            "map": "Organization(classCode=ORG, determinerCode=INST)"
          },
          {
            "identity": "servd",
            "map": "Organization"
          },
          {
            "identity": "w5",
            "map": "administrative.group"
          }
        ]
      },
      {
        "id": "Organization:organization.id",
        "path": "Organization.id",
        "short": "Logical id of this artifact",
        "definition": "The logical id of the resource, as used in the URL for the resource. Once assigned, this value never changes.",
        "comments": "The only time that a resource does not have an id is when it is being submitted to the server using a create operation.",
        "min": 0,
        "max": "1",
        "base": {
          "path": "Resource.id",
          "min": 0,
          "max": "*"
        },
        "type": [
          {
            "code": "id"
          }
        ],
        "isSummary": true
      },
      {
        "id": "Organization:organization.meta",
        "path": "Organization.meta",
        "short": "Metadata about the resource",
        "definition": "The metadata about the resource. This is content that is maintained by the infrastructure. Changes to the content may not always be associated with version changes to the resource.",
        "min": 0,
        "max": "1",
        "base": {
          "path": "Resource.meta",
          "min": 0,
          "max": "*"
        },
        "type": [
          {
            "code": "Meta"
          }
        ],
        "isSummary": true
      },
      {
        "id": "Organization:organization.implicitRules",
        "path": "Organization.implicitRules",
        "short": "A set of rules under which this content was created",
        "definition": "A reference to a set of rules that were followed when the resource was constructed, and which must be understood when processing the content.",
        "comments": "Asserting this rule set restricts the content to be only understood by a limited set of trading partners. This inherently limits the usefulness of the data in the long term. However, the existing health eco-system is highly fractured, and not yet ready to define, collect, and exchange data in a generally computable sense. Wherever possible, implementers and/or specification writers should avoid using this element as much as possible.",
        "min": 0,
        "max": "1",
        "base": {
          "path": "Resource.implicitRules",
          "min": 0,
          "max": "*"
        },
        "type": [
          {
            "code": "uri"
          }
        ],
        "isModifier": true,
        "isSummary": true
      },
      {
        "id": "Organization:organization.language",
        "path": "Organization.language",
        "short": "Language of the resource content",
        "definition": "The base language in which the resource is written.",
        "comments": "Language is provided to support indexing and accessibility (typically, services such as text to speech use the language tag). The html language tag in the narrative applies  to the narrative. The language tag on the resource may be used to specify the language of other presentations generated from the data in the resource  Not all the content has to be in the base language. The Resource.language should not be assumed to apply to the narrative automatically. If a language is specified, it should it also be specified on the div element in the html (see rules in HTML5 for information about the relationship between xml:lang and the html lang attribute).",
        "min": 0,
        "max": "1",
        "base": {
          "path": "Resource.language",
          "min": 0,
          "max": "*"
        },
        "type": [
          {
            "code": "code"
          }
        ],
        "binding": {
          "extension": [
            {
              "url": "http://hl7.org/fhir/StructureDefinition/elementdefinition-maxValueSet",
              "valueReference": {
                "reference": "http://hl7.org/fhir/ValueSet/all-languages"
              }
            }
          ],
          "strength": "extensible",
          "description": "A human language.",
          "valueSetReference": {
            "reference": "http://hl7.org/fhir/ValueSet/languages"
          }
        }
      },
      {
        "id": "Organization:organization.text",
        "path": "Organization.text",
        "short": "Text summary of the resource, for human interpretation",
        "definition": "A human-readable narrative that contains a summary of the resource, and may be used to represent the content of the resource to a human. The narrative need not encode all the structured data, but is required to contain sufficient detail to make it \"clinically safe\" for a human to just read the narrative. Resource definitions may define what content should be represented in the narrative to ensure clinical safety.",
        "comments": "Contained resources do not have narrative. Resources that are not contained SHOULD have a narrative. In some cases, a resource may only have text with little or no additional discrete data (as long as all minOccurs=1 elements are satisfied).  This may be necessary for data from legacy systems where information is captured as a \"text blob\" or where text is additionally entered raw or narrated and encoded in formation is added later.",
        "alias": [
          "narrative",
          "html",
          "xhtml",
          "display"
        ],
        "min": 0,
        "max": "1",
        "base": {
          "path": "DomainResource.text",
          "min": 0,
          "max": "*"
        },
        "type": [
          {
            "code": "Narrative"
          }
        ],
        "condition": [
          "dom-1"
        ],
        "mapping": [
          {
            "identity": "rim",
            "map": "Act.text?"
          }
        ]
      },
      {
        "id": "Organization:organization.contained",
        "path": "Organization.contained",
        "short": "Contained, inline Resources",
        "definition": "These resources do not have an independent existence apart from the resource that contains them - they cannot be identified independently, and nor can they have their own independent transaction scope.",
        "comments": "This should never be done when the content can be identified properly, as once identification is lost, it is extremely difficult (and context dependent) to restore it again.",
        "alias": [
          "inline resources",
          "anonymous resources",
          "contained resources"
        ],
        "min": 0,
        "max": "*",
        "base": {
          "path": "DomainResource.contained",
          "min": 0,
          "max": "*"
        },
        "type": [
          {
            "code": "Resource"
          }
        ],
        "mapping": [
          {
            "identity": "rim",
            "map": "N/A"
          }
        ]
      },
      {
        "id": "Organization:organization.extension:organizationperiod$Extension",
        "path": "Organization.extension",
        "name": "OrganizationPeriod",
        "short": "Extension",
        "definition": "An Extension",
        "min": 0,
        "max": "1",
        "base": {
          "path": "DomainResource.extension",
          "min": 0,
          "max": "*"
        },
        "type": [
          {
            "code": "Extension",
            "profile": "http://hl7.org/fhir/StructureDefinition/Extension"
          }
        ],
        "constraint": [
          {
            "key": "ext-1",
            "severity": "error",
            "human": "Must have either extensions or value[x], not both",
            "expression": "extension.exists() != value.exists()",
            "xpath": "exists(f:extension)!=exists(f:*[starts-with(local-name(.), 'value')])"
          }
        ],
        "mustSupport": false,
        "isModifier": false,
        "isSummary": false
      },
      {
        "id": "Organization:organization.modifierExtension",
        "path": "Organization.modifierExtension",
        "short": "Extensions that cannot be ignored",
        "definition": "May be used to represent additional information that is not part of the basic definition of the resource, and that modifies the understanding of the element that contains it. Usually modifier elements provide negation or qualification. In order to make the use of extensions safe and manageable, there is a strict set of governance applied to the definition and use of extensions. Though any implementer is allowed to define an extension, there is a set of requirements that SHALL be met as part of the definition of the extension. Applications processing a resource are required to check for modifier extensions.",
        "comments": "There can be no stigma associated with the use of extensions by any application, project, or standard - regardless of the institution or jurisdiction that uses or defines the extensions.  The use of extensions is what allows the FHIR specification to retain a core level of simplicity for everyone.",
        "alias": [
          "extensions",
          "user content"
        ],
        "min": 0,
        "max": "*",
        "base": {
          "path": "DomainResource.modifierExtension",
          "min": 0,
          "max": "*"
        },
        "type": [
          {
            "code": "Extension"
          }
        ],
        "isModifier": true,
        "mapping": [
          {
            "identity": "rim",
            "map": "N/A"
          }
        ]
      },
      {
        "id": "Organization:organization.identifier",
        "path": "Organization.identifier",
        "short": "Identifies this organization  across multiple systems",
        "definition": "Identifier for the organization that is used to identify the organization across multiple disparate systems.",
        "requirements": "Organizations are known by a variety of ids. Some institutions maintain several, and most collect identifiers for exchange with other organizations concerning the organization.",
        "min": 0,
        "max": "*",
        "base": {
          "path": "Organization.identifier",
          "min": 0,
          "max": "*"
        },
        "type": [
          {
            "code": "Identifier"
          }
        ],
        "condition": [
          "org-1"
        ],
        "isSummary": true,
        "mapping": [
          {
            "identity": "v2",
            "map": "XON.10 / XON.3"
          },
          {
            "identity": "rim",
            "map": ".scopes[Role](classCode=IDENT)"
          },
          {
            "identity": "servd",
            "map": "./Identifiers"
          },
          {
            "identity": "w5",
            "map": "id"
          }
        ]
      },
      {
        "id": "Organization:organization.active",
        "path": "Organization.active",
        "short": "Whether the organization's record is still in active use",
        "definition": "Whether the organization's record is still in active use.",
        "comments": "Default is true.  This active flag is not intended to be used to mark an organizations as temporarily closed or under construction. Instead the Location(s) within the Organization should have the suspended status. If further details of the reason for the suspension are required, then an extension on this element should be used.",
        "requirements": "Need a flag to indicate a record is no longer to be used and should generally be hidden for the user in the UI.",
        "min": 0,
        "max": "1",
        "base": {
          "path": "Organization.active",
          "min": 0,
          "max": "1"
        },
        "type": [
          {
            "code": "boolean"
          }
        ],
        "defaultValueBoolean": true,
        "isModifier": true,
        "isSummary": true,
        "mapping": [
          {
            "identity": "v2",
            "map": "No equivalent in HL7 v2"
          },
          {
            "identity": "rim",
            "map": ".status"
          },
          {
            "identity": "servd",
            "map": "./Status (however this concept in ServD more covers why the organization is active or not, could be delisted, deregistered, not operational yet) this could alternatively be derived from ./StartDate and ./EndDate and given a context date."
          },
          {
            "identity": "w5",
            "map": "status"
          }
        ]
      },
      {
        "id": "Organization:organization.type",
        "path": "Organization.type",
        "short": "Concept - reference to a terminology or just  text",
        "definition": "A concept that may be defined by a formal reference to a terminology or ontology or may be provided by text.",
        "comments": "Not all terminology uses fit this general pattern. In some cases, models should not use CodeableConcept and use Coding directly and provide their own structure for managing text, codings, translations and the relationship between elements and pre- and post-coordination.",
        "min": 0,
        "max": "1",
        "base": {
          "path": "Organization.type",
          "min": 0,
          "max": "1"
        },
        "type": [
          {
            "code": "CodeableConcept",
            "profile": "http://hl7.org/fhir/StructureDefinition/CodeableConcept"
          }
        ],
        "mustSupport": false,
        "isSummary": false,
        "binding": {
          "strength": "preferred",
          "description": "The set of values that are in the ABO and Rh blood group.",
          "valueSetReference": {
            "reference": "ValueSet/organization-organizationtype"
          }
        },
        "mapping": [
          {
            "identity": "v2",
            "map": "CE/CNE/CWE"
          },
          {
            "identity": "rim",
            "map": "CD"
          },
          {
            "identity": "orim",
            "map": "fhir:CodeableConcept rdfs:subClassOf dt:CD"
          }
        ]
      },
      {
        "id": "Organization:organization.name:organizationname",
        "path": "Organization.name",
        "name": "OrganizationName",
        "short": "Name used for the organization",
        "definition": "A name associated with the organization.",
        "comments": "If the name of an organization changes, consider putting the old name in the alias column so that it can still be located through searches.",
        "requirements": "Need to use the name as the label of the organization.",
        "min": 0,
        "max": "1",
        "base": {
          "path": "Organization.name",
          "min": 0,
          "max": "1"
        },
        "type": [
          {
            "code": "string"
          }
        ],
        "condition": [
          "org-1"
        ],
        "mustSupport": false,
        "isSummary": false,
        "mapping": [
          {
            "identity": "v2",
            "map": "XON.1"
          },
          {
            "identity": "rim",
            "map": ".name"
          },
          {
            "identity": "servd",
            "map": ".PreferredName/Name"
          }
        ]
      },
      {
        "id": "Organization:organization.name:organizationname.id",
        "path": "Organization.name.id",
        "representation": [
          "xmlAttr"
        ],
        "short": "xml:id (or equivalent in JSON)",
        "definition": "unique id for the element within a resource (for internal references)",
        "min": 0,
        "max": "1",
        "base": {
          "path": "string.id",
          "min": 0,
          "max": "1"
        },
        "type": [
          {
            "code": "id"
          }
        ]
      },
      {
        "id": "Organization:organization.name:organizationname.extension",
        "path": "Organization.name.extension",
        "slicing": {
          "id": "11",
          "discriminator": [
            "url"
          ],
          "ordered": false,
          "rules": "open"
        },
        "short": "Extension",
        "definition": "An Extension",
        "min": 0,
        "max": "*",
        "base": {
          "path": "string.extension",
          "min": 0,
          "max": "*"
        },
        "type": [
          {
            "code": "Extension"
          }
        ]
      },
      {
        "id": "Organization:organization.name:organizationname.extension:organizationnameuse$Extension",
        "path": "Organization.name.extension",
        "name": "OrganizationNameUse",
        "short": "Extension",
        "definition": "An Extension",
        "min": 0,
        "max": "1",
        "base": {
          "path": "string.extension",
          "min": 0,
          "max": "*"
        },
        "type": [
          {
            "code": "Extension",
            "profile": "http://hl7.org/fhir/StructureDefinition/Extension"
          }
        ],
        "constraint": [
          {
            "key": "ext-1",
            "severity": "error",
            "human": "Must have either extensions or value[x], not both",
            "expression": "extension.exists() != value.exists()",
            "xpath": "exists(f:extension)!=exists(f:*[starts-with(local-name(.), 'value')])"
          }
        ],
        "mustSupport": false,
        "isModifier": false,
        "isSummary": false
      },
      {
        "id": "Organization:organization.name:organizationname.extension:nameperiod$Extension",
        "path": "Organization.name.extension",
        "name": "NamePeriod",
        "short": "Extension",
        "definition": "An Extension",
        "min": 0,
        "max": "1",
        "base": {
          "path": "string.extension",
          "min": 0,
          "max": "*"
        },
        "type": [
          {
            "code": "Extension",
            "profile": "http://hl7.org/fhir/StructureDefinition/Extension"
          }
        ],
        "constraint": [
          {
            "key": "ext-1",
            "severity": "error",
            "human": "Must have either extensions or value[x], not both",
            "expression": "extension.exists() != value.exists()",
            "xpath": "exists(f:extension)!=exists(f:*[starts-with(local-name(.), 'value')])"
          }
        ],
        "mustSupport": false,
        "isModifier": false,
        "isSummary": false
      },
      {
        "id": "Organization:organization.name:organizationname.value",
        "path": "Organization.name.value",
        "representation": [
          "xmlAttr"
        ],
        "short": "Primitive value for string",
        "definition": "The actual value",
        "min": 0,
        "max": "1",
        "base": {
          "path": "string.value",
          "min": 0,
          "max": "1"
        },
        "maxLength": 1048576
      },
      {
        "id": "Organization:organization.alias",
        "path": "Organization.alias",
        "short": "A list of alternate names that the organization is known as, or was known as in the past",
        "definition": "A list of alternate names that the organization is known as, or was known as in the past.",
        "comments": "There are no dates associated with the alias/historic names, as this is not intended to track when names were used, but to assist in searching so that older names can still result in identifying the organization.",
        "requirements": "Over time locations and organizations go through many changes and can be known by different names.  For searching knowing previous names that the location was known by can be very useful.",
        "min": 0,
        "max": "*",
        "base": {
          "path": "Organization.alias",
          "min": 0,
          "max": "*"
        },
        "type": [
          {
            "code": "string"
          }
        ]
      },
      {
        "id": "Organization:organization.telecom",
        "path": "Organization.telecom",
        "short": "A contact detail for the organization",
        "definition": "A contact detail for the organization.",
        "comments": "The use code home is not to be used. Note that these contacts are not the contact details of people who are employed by or represent the organization, but official contacts for the organization itself.",
        "requirements": "Human contact for the organization.",
        "min": 0,
        "max": "*",
        "base": {
          "path": "Organization.telecom",
          "min": 0,
          "max": "*"
        },
        "type": [
          {
            "code": "ContactPoint"
          }
        ],
        "condition": [
          "org-3"
        ],
        "constraint": [
          {
            "key": "org-3",
            "severity": "error",
            "human": "The telecom of an organization can never be of use 'home'",
            "expression": "select(use = 'home').empty()",
            "xpath": "count(f:use[@value='home']) = 0"
          }
        ],
        "mapping": [
          {
            "identity": "v2",
            "map": "ORC-22?"
          },
          {
            "identity": "rim",
            "map": ".telecom"
          },
          {
            "identity": "servd",
            "map": "./ContactPoints"
          }
        ]
      },
      {
        "id": "Organization:organization.address",
        "path": "Organization.address",
        "short": "An address for the organization",
        "definition": "An address for the organization.",
        "comments": "Organization may have multiple addresses with different uses or applicable periods. The use code home is not to be used.",
        "requirements": "May need to keep track of the organization's addresses for contacting, billing or reporting requirements.",
        "min": 0,
        "max": "*",
        "base": {
          "path": "Organization.address",
          "min": 0,
          "max": "*"
        },
        "type": [
          {
            "code": "Address"
          }
        ],
        "condition": [
          "org-2"
        ],
        "constraint": [
          {
            "key": "org-2",
            "severity": "error",
            "human": "An address of an organization can never be of use 'home'",
            "expression": "select(use = 'home').empty()",
            "xpath": "count(f:use[@value='home']) = 0"
          }
        ],
        "mapping": [
          {
            "identity": "v2",
            "map": "ORC-23?"
          },
          {
            "identity": "rim",
            "map": ".address"
          },
          {
            "identity": "servd",
            "map": "./PrimaryAddress and ./OtherAddresses"
          }
        ]
      },
      {
        "id": "Organization:organization.partOf",
        "path": "Organization.partOf",
        "short": "The organization of which this organization forms a part",
        "definition": "The organization of which this organization forms a part.",
        "requirements": "Need to be able to track the hierarchy of organizations within an organization.",
        "min": 0,
        "max": "1",
        "base": {
          "path": "Organization.partOf",
          "min": 0,
          "max": "1"
        },
        "type": [
          {
            "code": "Reference",
            "profile": "http://hl7.org/fhir/StructureDefinition/Organization"
          }
        ],
        "isSummary": true,
        "mapping": [
          {
            "identity": "v2",
            "map": "No equivalent in HL7 v2"
          },
          {
            "identity": "rim",
            "map": ".playedBy[classCode=Part].scoper"
          },
          {
            "identity": "servd",
            "map": "n/a"
          }
        ]
      },
      {
        "id": "Organization:organization.contact",
        "path": "Organization.contact",
        "short": "Contact for the organization for a certain purpose",
        "definition": "Contact for the organization for a certain purpose.",
        "comments": "Where multiple contacts for the same purpose are provided there is a standard extension that can be used to determine which one is the preferred contact to use.",
        "requirements": "Need to keep track of assigned contact points within bigger organization.",
        "min": 0,
        "max": "*",
        "base": {
          "path": "Organization.contact",
          "min": 0,
          "max": "*"
        },
        "type": [
          {
            "code": "BackboneElement"
          }
        ],
        "mustSupport": false,
        "isSummary": false,
        "mapping": [
          {
            "identity": "rim",
            "map": ".contactParty"
          }
        ]
      },
      {
        "id": "Organization:organization.contact.id",
        "path": "Organization.contact.id",
        "representation": [
          "xmlAttr"
        ],
        "short": "xml:id (or equivalent in JSON)",
        "definition": "unique id for the element within a resource (for internal references). This may be any string value that does not contain spaces.",
        "min": 0,
        "max": "1",
        "base": {
          "path": "Element.id",
          "min": 0,
          "max": "*"
        },
        "type": [
          {
            "code": "string"
          }
        ],
        "mapping": [
          {
            "identity": "rim",
            "map": "n/a"
          }
        ]
      },
      {
        "id": "Organization:organization.contact.extension",
        "path": "Organization.contact.extension",
        "slicing": {
          "id": "12",
          "discriminator": [
            "url"
          ],
          "ordered": false,
          "rules": "open"
        },
        "short": "Extension",
        "definition": "An Extension",
        "min": 0,
        "max": "*",
        "base": {
          "path": "Element.extension",
          "min": 0,
          "max": "*"
        },
        "type": [
          {
            "code": "Extension"
          }
        ]
      },
      {
        "id": "Organization:organization.contact.extension:contactperiod$Extension",
        "path": "Organization.contact.extension",
        "name": "ContactPeriod",
        "short": "Extension",
        "definition": "An Extension",
        "min": 0,
        "max": "1",
        "base": {
          "path": "Element.extension",
          "min": 0,
          "max": "*"
        },
        "type": [
          {
            "code": "Extension",
            "profile": "http://hl7.org/fhir/StructureDefinition/Extension"
          }
        ],
        "constraint": [
          {
            "key": "ext-1",
            "severity": "error",
            "human": "Must have either extensions or value[x], not both",
            "expression": "extension.exists() != value.exists()",
            "xpath": "exists(f:extension)!=exists(f:*[starts-with(local-name(.), 'value')])"
          }
        ],
        "mustSupport": false,
        "isModifier": false,
        "isSummary": false
      },
      {
        "id": "Organization:organization.contact.extension:primarylanguage$Extension",
        "path": "Organization.contact.extension",
        "name": "PrimaryLanguage",
        "short": "Extension",
        "definition": "An Extension",
        "min": 0,
        "max": "1",
        "base": {
          "path": "Element.extension",
          "min": 0,
          "max": "*"
        },
        "type": [
          {
            "code": "Extension",
            "profile": "http://hl7.org/fhir/StructureDefinition/Extension"
          }
        ],
        "constraint": [
          {
            "key": "ext-1",
            "severity": "error",
            "human": "Must have either extensions or value[x], not both",
            "expression": "extension.exists() != value.exists()",
            "xpath": "exists(f:extension)!=exists(f:*[starts-with(local-name(.), 'value')])"
          }
        ],
        "mustSupport": false,
        "isModifier": false,
        "isSummary": false
      },
      {
        "id": "Organization:organization.contact.modifierExtension",
        "path": "Organization.contact.modifierExtension",
        "short": "Extensions that cannot be ignored",
        "definition": "May be used to represent additional information that is not part of the basic definition of the element, and that modifies the understanding of the element that contains it. Usually modifier elements provide negation or qualification. In order to make the use of extensions safe and manageable, there is a strict set of governance applied to the definition and use of extensions. Though any implementer is allowed to define an extension, there is a set of requirements that SHALL be met as part of the definition of the extension. Applications processing a resource are required to check for modifier extensions.",
        "comments": "There can be no stigma associated with the use of extensions by any application, project, or standard - regardless of the institution or jurisdiction that uses or defines the extensions.  The use of extensions is what allows the FHIR specification to retain a core level of simplicity for everyone.",
        "alias": [
          "extensions",
          "user content",
          "modifiers"
        ],
        "min": 0,
        "max": "*",
        "base": {
          "path": "BackboneElement.modifierExtension",
          "min": 0,
          "max": "*"
        },
        "type": [
          {
            "code": "Extension"
          }
        ],
        "isModifier": true,
        "isSummary": true,
        "mapping": [
          {
            "identity": "rim",
            "map": "N/A"
          }
        ]
      },
      {
        "id": "Organization:organization.contact.purpose",
        "path": "Organization.contact.purpose",
        "short": "The type of contact",
        "definition": "Indicates a purpose for which the contact can be reached.",
        "requirements": "Need to distinguish between multiple contact persons.",
        "min": 0,
        "max": "1",
        "base": {
          "path": "Organization.contact.purpose",
          "min": 0,
          "max": "1"
        },
        "type": [
          {
            "code": "CodeableConcept"
          }
        ],
        "binding": {
          "strength": "extensible",
          "description": "The purpose for which you would contact a contact party",
          "valueSetReference": {
            "reference": "http://hl7.org/fhir/ValueSet/contactentity-type"
          }
        },
        "mapping": [
          {
            "identity": "rim",
            "map": "./type"
          }
        ]
      },
      {
        "id": "Organization:organization.contact.name",
        "path": "Organization.contact.name",
        "short": "A name associated with the contact",
        "definition": "A name associated with the contact.",
        "requirements": "Need to be able to track the person by name.",
        "min": 0,
        "max": "1",
        "base": {
          "path": "Organization.contact.name",
          "min": 0,
          "max": "1"
        },
        "type": [
          {
            "code": "HumanName"
          }
        ],
        "mapping": [
          {
            "identity": "v2",
            "map": "PID-5, PID-9"
          },
          {
            "identity": "rim",
            "map": "./name"
          }
        ]
      },
      {
        "id": "Organization:organization.contact.telecom",
        "path": "Organization.contact.telecom",
        "short": "Contact details (telephone, email, etc.)  for a contact",
        "definition": "A contact detail (e.g. a telephone number or an email address) by which the party may be contacted.",
        "requirements": "People have (primary) ways to contact them in some way such as phone, email.",
        "min": 0,
        "max": "*",
        "base": {
          "path": "Organization.contact.telecom",
          "min": 0,
          "max": "*"
        },
        "type": [
          {
            "code": "ContactPoint"
          }
        ],
        "mapping": [
          {
            "identity": "v2",
            "map": "PID-13, PID-14"
          },
          {
            "identity": "rim",
            "map": "./telecom"
          }
        ]
      },
      {
        "id": "Organization:organization.contact.address",
        "path": "Organization.contact.address",
        "short": "Visiting or postal addresses for the contact",
        "definition": "Visiting or postal addresses for the contact.",
        "requirements": "May need to keep track of a contact party's address for contacting, billing or reporting requirements.",
        "min": 0,
        "max": "1",
        "base": {
          "path": "Organization.contact.address",
          "min": 0,
          "max": "1"
        },
        "type": [
          {
            "code": "Address"
          }
        ],
        "mapping": [
          {
            "identity": "v2",
            "map": "PID-11"
          },
          {
            "identity": "rim",
            "map": "./addr"
          }
        ]
      },
      {
        "id": "Organization:organization.endpoint",
        "path": "Organization.endpoint",
        "short": "Technical endpoints providing access to services operated for the organization",
        "definition": "Technical endpoints providing access to services operated for the organization.",
        "requirements": "Organizations have multiple systems that provide various services and need to be able to define the technical connection details for how to connect to them, and for what purpose.",
        "min": 0,
        "max": "*",
        "base": {
          "path": "Organization.endpoint",
          "min": 0,
          "max": "*"
        },
        "type": [
          {
            "code": "Reference",
            "profile": "http://hl7.org/fhir/StructureDefinition/Endpoint"
          }
        ]
      }
    ]
  },
  "differential": {
    "element": [
      {
        "id": "Organization:organization",
        "path": "Organization",
        "name": "Organization",
        "mustSupport": false,
        "isModifier": false,
        "isSummary": false
      },
      {
        "id": "Organization:organization.extension:organizationperiod$Extension",
        "path": "Organization.extension",
        "name": "OrganizationPeriod",
        "min": 0,
        "max": "1",
        "type": [
          {
            "code": "Extension",
            "profile": "http://hl7.org/fhir/StructureDefinition/Extension"
          }
        ],
        "mustSupport": false,
        "isModifier": false,
        "isSummary": false
      },
      {
        "id": "Organization:organization.type",
        "path": "Organization.type",
        "min": 0,
        "max": "1",
        "type": [
          {
            "code": "CodeableConcept",
            "profile": "http://hl7.org/fhir/StructureDefinition/CodeableConcept"
          }
        ],
        "mustSupport": false,
        "isModifier": false,
        "isSummary": false,
        "binding": {
          "strength": "preferred",
          "description": "The set of values that are in the ABO and Rh blood group.",
          "valueSetReference": {
            "reference": "ValueSet/organization-organizationtype"
          }
        }
      },
      {
        "id": "Organization:organization.name:organizationname",
        "path": "Organization.name",
        "name": "OrganizationName",
        "mustSupport": false,
        "isModifier": false,
        "isSummary": false
      },
      {
        "id": "Organization:organization.name:organizationname.extension:organizationnameuse$Extension",
        "path": "Organization.name.extension",
        "name": "OrganizationNameUse",
        "min": 0,
        "max": "1",
        "type": [
          {
            "code": "Extension",
            "profile": "http://hl7.org/fhir/StructureDefinition/Extension"
          }
        ],
        "mustSupport": false,
        "isModifier": false,
        "isSummary": false
      },
      {
        "id": "Organization:organization.name:organizationname.extension:nameperiod$Extension",
        "path": "Organization.name.extension",
        "name": "NamePeriod",
        "min": 0,
        "max": "1",
        "type": [
          {
            "code": "Extension",
            "profile": "http://hl7.org/fhir/StructureDefinition/Extension"
          }
        ],
        "mustSupport": false,
        "isModifier": false,
        "isSummary": false
      },
      {
        "id": "Organization:organization.contact",
        "path": "Organization.contact",
        "mustSupport": false,
        "isModifier": false,
        "isSummary": false
      },
      {
        "id": "Organization:organization.contact.extension:contactperiod$Extension",
        "path": "Organization.contact.extension",
        "name": "ContactPeriod",
        "min": 0,
        "max": "1",
        "type": [
          {
            "code": "Extension",
            "profile": "http://hl7.org/fhir/StructureDefinition/Extension"
          }
        ],
        "mustSupport": false,
        "isModifier": false,
        "isSummary": false
      },
      {
        "id": "Organization:organization.contact.extension:primarylanguage$Extension",
        "path": "Organization.contact.extension",
        "name": "PrimaryLanguage",
        "min": 0,
        "max": "1",
        "type": [
          {
            "code": "Extension",
            "profile": "http://hl7.org/fhir/StructureDefinition/Extension"
          }
        ],
        "mustSupport": false,
        "isModifier": false,
        "isSummary": false
      }
    ]
  }
}