<?xml version="1.0" encoding="UTF-8"?>

<ValueSet xmlns="http://hl7.org/fhir">
  <id value="observation-dataOriginationMode"/>
  <meta>
    <profile value="http://hl7.org/fhir/StructureDefinition/valueset-shareable-definition"/>
  </meta>
  <url value="http://fhir.org/guides/hspc/ValueSet/observation-dataOriginationMode"/>
  <version value="0.01"/>
  <name value="HSPC Data Origination Mode"/>
  <status value="draft"/>
  <publisher value="HSPC"/>
  <contact>
    <telecom>
      <system value="other"/>
      <value value="http://healthcaresoa.org"/>
    </telecom>
  </contact>
  <date value="2015-05-19"/>
  <description value="The description of how the data came into being."/>
  <immutable value="true"/>
  <copyright value="TBD"/>
  <extensible value="true"/>
  <compose>
    <include>
      <system value="http://snomed.info/sct"/>
      <concept>
        <code value="414135002"/>
        <display value="Estimated"/>
      </concept>
      <concept>
        <code value="258104002"/>
        <display value="Measured"/>
      </concept>
    </include>
    <include>
      <system value="http://hl7.org/fhir/observation-hspc-dataOriginationMode"/>
    </include>
  </compose>
</ValueSet>