<?xml version="1.0" encoding="UTF-8"?>

<ValueSet xmlns="http://hl7.org/fhir">
  <id value="Ordinal-Abnormal-Union"/>
  <meta>
    <profile value="http://hl7.org/fhir/StructureDefinition/valueset-shareable-definition"/>
  </meta>
  <url value="http://fhir.org/guides/hspc/ValueSet/Ordinal-Abnormal-Union"/>
  <version value="0.01"/>
  <name value="Ordinal Assessment or Interpretation"/>
  <status value="draft"/>
  <publisher value="HSPC"/>
  <contact>
    <telecom>
      <system value="other"/>
      <value value="http://www.clinicaleleement.com"/>
    </telecom>
  </contact>
  <date value="2014-06-25"/>
  <description value="HL7 V3:ObservationInterpretation OID: 2.16.840.1.113883.5.83 + SNOMED CT SNOMED CT concepts from the Degree findings (qualifier value)272520006, Presence findings (qualifier value)260411009, Absence findings (qualifier value)272519000"/>
  <copyright value="IHC"/>
  <compose>
    <include>
      <system value="http://hl7.org/fhir/v3/ObservationInterpretation"/>
    </include>
    <include>
      <system value="http://snomed.info/sct"/>
      <filter>
        <property value="concept"/>
        <op value="is-a"/>
        <value value="272520006"/>
      </filter>
    </include>
    <include>
      <system value="http://snomed.info/sct"/>
      <filter>
        <property value="concept"/>
        <op value="is-a"/>
        <value value="260411009"/>
      </filter>
    </include>
    <include>
      <system value="http://snomed.info/sct"/>
      <filter>
        <property value="concept"/>
        <op value="is-a"/>
        <value value="272519000"/>
      </filter>
    </include>
  </compose>
</ValueSet>