<?xml version="1.0" encoding="UTF-8"?>

<ValueSet xmlns="http://hl7.org/fhir">
  <id value="abnInt-NumericNom"/>
  <meta>
    <profile value="http://hl7.org/fhir/StructureDefinition/valueset-shareable-definition"/>
  </meta>
  <url value="http://fhir.org/guides/hspc/ValueSet/abnInt-NumericNom"/>
  <version value="0.01"/>
  <name value="Abnormal Interpretation Numeric Nom"/>
  <status value="draft"/>
  <publisher value="HSPC"/>
  <contact>
    <telecom>
      <system value="other"/>
      <value value="http://healtcaresoa.org"/>
    </telecom>
  </contact>
  <date value="2015-04-14"/>
  <description value="HL7 V3:ObservationInterpretation OID: 2.16.840.1.113883.5.83 + SNOMED CT SNOMED CT concepts from the Degree findings (qualifier value)272520006, Presence findings (qualifier value)260411009, Absence findings (qualifier value)272519000"/>
  <copyright value="IHC"/>
  <compose>
    <include>
      <system value="http://hl7.org/fhir/v3/ObservationInterpretation"/>
      <concept>
        <code value="H"/>
        <display value="Higher Than Normal"/>
      </concept>
      <concept>
        <code value="L"/>
        <display value="Lower Than Normal"/>
      </concept>
      <concept>
        <code value="A"/>
        <display value="Abnormal"/>
      </concept>
      <concept>
        <code value="AA"/>
        <display value="Very Abnormal"/>
      </concept>
      <concept>
        <code value="HH"/>
        <display value="Panic High"/>
      </concept>
      <concept>
        <code value="LL"/>
        <display value="Panic Low"/>
      </concept>
    </include>
    <include>
      <system value="http://fhir.org/guides/hspc/CodeSystem/abnInt-NumericNom"/>
    </include>
  </compose>
</ValueSet>