{
  "resourceType" : "MedicationRequest",
  "id" : "benzo-order-example-1",
  "meta" : {
    "profile" : ["http://hl7.org/fhir/us/core/StructureDefinition/us-core-medicationrequest|6.1.0"]
  },
  "text" : {
    "status" : "generated",
    "div" : "<div xmlns=\"http://www.w3.org/1999/xhtml\"><p class=\"res-header-id\"><b>Generated Narrative: MedicationRequest benzo-order-example-1</b></p><a name=\"benzo-order-example-1\"> </a><a name=\"hcbenzo-order-example-1\"> </a><div style=\"display: inline-block; background-color: #d9e0e7; padding: 6px; margin: 4px; border: 1px solid #8da1b4; border-radius: 5px; line-height: 60%\"><p style=\"margin-bottom: 0px\"/><p style=\"margin-bottom: 0px\">Profile: <a href=\"http://hl7.org/fhir/us/core/STU6.1/StructureDefinition-us-core-medicationrequest.html\">US Core MedicationRequest Profileversion: null6.1.0)</a></p></div><p><b>identifier</b>: <code>urn:oid:2.16.840.1.113883.19.5.1.798</code>/101888811\u00a0(use:\u00a0usual,\u00a0)</p><p><b>status</b>: Completed</p><p><b>intent</b>: Order</p><p><b>medication</b>: <a href=\"Medication-benzo-medication-example-1.html\">lorazepam 0.5 MG Oral Tablet [Ativan]</a></p><p><b>subject</b>: <a href=\"Patient-bh-patient-example.html\">James Wolff</a></p><p><b>encounter</b>: <a href=\"Encounter-ed-encounter-example-1.html\">Emergency Department</a></p><p><b>requester</b>: <a href=\"Practitioner-ed-physician-example-1.html\">Practitioner Wise Owl </a></p><h3>DosageInstructions</h3><table class=\"grid\"><tr><td style=\"display: none\">-</td><td><b>Text</b></td></tr><tr><td style=\"display: none\">*</td><td>every 8 hours as needed</td></tr></table></div>"
  },
  "identifier" : [{
    "use" : "usual",
    "system" : "urn:oid:2.16.840.1.113883.19.5.1.798",
    "value" : "101888811"
  }],
  "status" : "completed",
  "intent" : "order",
  "medicationReference" : {
    "reference" : "Medication/benzo-medication-example-1",
    "display" : "lorazepam 0.5 MG Oral Tablet [Ativan]"
  },
  "subject" : {
    "reference" : "Patient/bh-patient-example",
    "display" : "James Wolff"
  },
  "encounter" : {
    "reference" : "Encounter/ed-encounter-example-1",
    "display" : "Emergency Department"
  },
  "requester" : {
    "reference" : "Practitioner/ed-physician-example-1"
  },
  "dosageInstruction" : [{
    "text" : "every 8 hours as needed"
  }]
}