{
  "resourceType" : "MedicationRequest",
  "id" : "metformin-discharge-med-example-1",
  "meta" : {
    "profile" : ["http://hl7.org/fhir/us/core/StructureDefinition/us-core-medicationrequest|6.1.0"]
  },
  "text" : {
    "status" : "generated",
    "div" : "<div xmlns=\"http://www.w3.org/1999/xhtml\"><p class=\"res-header-id\"><b>Generated Narrative: MedicationRequest metformin-discharge-med-example-1</b></p><a name=\"metformin-discharge-med-example-1\"> </a><a name=\"hcmetformin-discharge-med-example-1\"> </a><div style=\"display: inline-block; background-color: #d9e0e7; padding: 6px; margin: 4px; border: 1px solid #8da1b4; border-radius: 5px; line-height: 60%\"><p style=\"margin-bottom: 0px\"/><p style=\"margin-bottom: 0px\">Profile: <a href=\"http://hl7.org/fhir/us/core/STU6.1/StructureDefinition-us-core-medicationrequest.html\">US Core MedicationRequest Profileversion: null6.1.0)</a></p></div><p><b>status</b>: Completed</p><p><b>intent</b>: Order</p><p><b>category</b>: <span title=\"Codes:{http://terminology.hl7.org/CodeSystem/medicationrequest-category discharge}\">Discharge</span></p><p><b>medication</b>: <span title=\"Codes:{http://www.nlm.nih.gov/research/umls/rxnorm 1043563}\">24 HR metformin hydrochloride 1000 MG / saxagliptin 2.5 MG Extended Release Oral Tablet</span></p><p><b>subject</b>: <a href=\"Patient-bh-patient-example.html\">James Wolff</a></p><p><b>encounter</b>: <a href=\"Encounter-ed-encounter-example-1.html\">Emergency Department</a></p><p><b>requester</b>: <a href=\"Practitioner-ed-physician-example-1.html\">Practitioner Wise Owl </a></p></div>"
  },
  "status" : "completed",
  "intent" : "order",
  "category" : [{
    "coding" : [{
      "system" : "http://terminology.hl7.org/CodeSystem/medicationrequest-category",
      "code" : "discharge",
      "display" : "Discharge"
    }]
  }],
  "medicationCodeableConcept" : {
    "coding" : [{
      "system" : "http://www.nlm.nih.gov/research/umls/rxnorm",
      "code" : "1043563",
      "display" : "24 HR metformin hydrochloride 1000 MG / saxagliptin 2.5 MG Extended Release Oral Tablet"
    }]
  },
  "subject" : {
    "reference" : "Patient/bh-patient-example",
    "display" : "James Wolff"
  },
  "encounter" : {
    "reference" : "Encounter/ed-encounter-example-1",
    "display" : "Emergency Department"
  },
  "requester" : {
    "reference" : "Practitioner/ed-physician-example-1"
  }
}