{
  "resourceType" : "Observation",
  "id" : "heart-rate-example-1",
  "meta" : {
    "profile" : ["http://hl7.org/fhir/us/core/StructureDefinition/us-core-heart-rate|6.1.0"]
  },
  "text" : {
    "status" : "generated",
    "div" : "<div xmlns=\"http://www.w3.org/1999/xhtml\"><p class=\"res-header-id\"><b>Generated Narrative: Observation heart-rate-example-1</b></p><a name=\"heart-rate-example-1\"> </a><a name=\"hcheart-rate-example-1\"> </a><div style=\"display: inline-block; background-color: #d9e0e7; padding: 6px; margin: 4px; border: 1px solid #8da1b4; border-radius: 5px; line-height: 60%\"><p style=\"margin-bottom: 0px\"/><p style=\"margin-bottom: 0px\">Profile: <a href=\"http://hl7.org/fhir/us/core/STU6.1/StructureDefinition-us-core-heart-rate.html\">US Core Heart Rate Profileversion: null6.1.0)</a></p></div><p><b>status</b>: Final</p><p><b>category</b>: <span title=\"Codes:{http://terminology.hl7.org/CodeSystem/observation-category vital-signs}\">Vital Signs</span></p><p><b>code</b>: <span title=\"Codes:{http://loinc.org 8867-4}\">heart_rate</span></p><p><b>subject</b>: <a href=\"Patient-bh-patient-example.html\">James Wolff</a></p><p><b>effective</b>: 2024-02-01</p><p><b>performer</b>: <a href=\"Practitioner-pcp-provider-example-1.html\">Dr. Doc Family</a></p><p><b>value</b>: 110 beats/min<span style=\"background: LightGoldenRodYellow\"> (Details: UCUM  code/min = '/min')</span></p></div>"
  },
  "status" : "final",
  "category" : [{
    "coding" : [{
      "system" : "http://terminology.hl7.org/CodeSystem/observation-category",
      "code" : "vital-signs",
      "display" : "Vital Signs"
    }],
    "text" : "Vital Signs"
  }],
  "code" : {
    "coding" : [{
      "system" : "http://loinc.org",
      "code" : "8867-4",
      "display" : "Heart Rate"
    }],
    "text" : "heart_rate"
  },
  "subject" : {
    "reference" : "Patient/bh-patient-example",
    "display" : "James Wolff"
  },
  "effectiveDateTime" : "2024-02-01",
  "performer" : [{
    "reference" : "Practitioner/pcp-provider-example-1",
    "display" : "Dr. Doc Family"
  }],
  "valueQuantity" : {
    "value" : 110,
    "unit" : "beats/min",
    "system" : "http://unitsofmeasure.org",
    "code" : "/min"
  }
}