{
  "resourceType" : "Observation",
  "id" : "no-morphine-preference-observation-example-1",
  "meta" : {
    "profile" : ["http://hl7.org/fhir/us/core/StructureDefinition/us-core-treatment-intervention-preference"]
  },
  "text" : {
    "status" : "generated",
    "div" : "<div xmlns=\"http://www.w3.org/1999/xhtml\"><p class=\"res-header-id\"><b>Generated Narrative: Observation no-morphine-preference-observation-example-1</b></p><a name=\"no-morphine-preference-observation-example-1\"> </a><a name=\"hcno-morphine-preference-observation-example-1\"> </a><div style=\"display: inline-block; background-color: #d9e0e7; padding: 6px; margin: 4px; border: 1px solid #8da1b4; border-radius: 5px; line-height: 60%\"><p style=\"margin-bottom: 0px\"/><p style=\"margin-bottom: 0px\">Profile: <a href=\"http://hl7.org/fhir/us/core/STU7/StructureDefinition-us-core-treatment-intervention-preference.html\">US Core Treatment Intervention Preference Profile</a></p></div><p><b>status</b>: Final</p><p><b>category</b>: <span title=\"Codes:{http://hl7.org/fhir/us/core/CodeSystem/us-core-category treatment-intervention-preference}\">Treatment Intervention Preference</span></p><p><b>code</b>: <span title=\"Codes:{http://loinc.org 75773-2}\">Goals, preferences, and priorities for medical treatment Narrative - Reported</span></p><p><b>subject</b>: <a href=\"Patient-bh-patient-example.html\">James Wolff</a></p><p><b>effective</b>: 2024-02-01</p><p><b>performer</b>: <a href=\"Practitioner-pcp-provider-example-1.html\">Dr. Doc Family</a></p><p><b>value</b>: James made sure to let the staff know that he does NOT want morphine for his chest pain, citing a past struggle with opioids and other substances.</p></div>"
  },
  "status" : "final",
  "category" : [{
    "coding" : [{
      "system" : "http://hl7.org/fhir/us/core/CodeSystem/us-core-category",
      "code" : "treatment-intervention-preference",
      "display" : "Treatment Intervention Preference"
    }],
    "text" : "Treatment Intervention Preference"
  }],
  "code" : {
    "coding" : [{
      "system" : "http://loinc.org",
      "code" : "75773-2",
      "display" : "Goals, preferences, and priorities for medical treatment Narrative - Reported"
    }],
    "text" : "Goals, preferences, and priorities for medical treatment Narrative - Reported"
  },
  "subject" : {
    "reference" : "Patient/bh-patient-example",
    "display" : "James Wolff"
  },
  "effectiveDateTime" : "2024-02-01",
  "performer" : [{
    "reference" : "Practitioner/pcp-provider-example-1",
    "display" : "Dr. Doc Family"
  }],
  "valueString" : "James made sure to let the staff know that he does NOT want morphine for his chest pain, citing a past struggle with opioids and other substances."
}