{
  "resourceType" : "Organization",
  "id" : "mh-provider-example-1",
  "meta" : {
    "profile" : ["http://hl7.org/fhir/us/core/StructureDefinition/us-core-organization|6.1.0"]
  },
  "text" : {
    "status" : "generated",
    "div" : "<div xmlns=\"http://www.w3.org/1999/xhtml\"><p class=\"res-header-id\"><b>Generated Narrative: Organization mh-provider-example-1</b></p><a name=\"mh-provider-example-1\"> </a><a name=\"hcmh-provider-example-1\"> </a><div style=\"display: inline-block; background-color: #d9e0e7; padding: 6px; margin: 4px; border: 1px solid #8da1b4; border-radius: 5px; line-height: 60%\"><p style=\"margin-bottom: 0px\"/><p style=\"margin-bottom: 0px\">Profile: <a href=\"http://hl7.org/fhir/us/core/STU6.1/StructureDefinition-us-core-organization.html\">US Core Organization Profileversion: null6.1.0)</a></p></div><p><b>active</b>: true</p><p><b>type</b>: <span title=\"Codes:{http://terminology.hl7.org/CodeSystem/organization-type prov}\">Healthcare Provider</span></p><p><b>name</b>: Florida Mental Health Provider Associates</p><p><b>telecom</b>: ph: (+1) 734-677-7777</p><p><b>address</b>: 3300 WASHTENAW AVE STE 227 MIAMI FL 01002 USA </p></div>"
  },
  "active" : true,
  "type" : [{
    "coding" : [{
      "system" : "http://terminology.hl7.org/CodeSystem/organization-type",
      "code" : "prov",
      "display" : "Healthcare Provider"
    }]
  }],
  "name" : "Florida Mental Health Provider Associates",
  "telecom" : [{
    "system" : "phone",
    "value" : "(+1) 734-677-7777"
  }],
  "address" : [{
    "line" : ["3300 WASHTENAW AVE STE 227"],
    "city" : "MIAMI",
    "state" : "FL",
    "postalCode" : "01002",
    "country" : "USA"
  }]
}