{
  "resourceType" : "Parameters",
  "id" : "de-identify-data-operation-urls-example",
  "meta" : {
    "profile" : ["http://fhir.org/guides/hrsa/uds-plus/StructureDefinition/uds-plus-deidentify-operation-data-urls-parameter"]
  },
  "parameter" : [{
    "name" : "format",
    "valueCode" : "fhir+ndjson"
  },
  {
    "name" : "udsData",
    "part" : [{
      "name" : "resourceType",
      "valueCode" : "Patient"
    },
    {
      "name" : "resourceUrl",
      "valueUrl" : "http://example.com/Patient.ndjson"
    }]
  }]
}