"Path","Slice Name","Alias(s)","Label","Min","Max","Must Support?","Is Modifier?","Is Summary?","Type(s)","Short","Definition","Comments","Requirements","Default Value","Meaning When Missing","Fixed Value","Pattern","Example","Minimum Value","Maximum Value","Maximum Length","Binding Strength","Binding Description","Binding Value Set","Code","Slicing Discriminator","Slicing Description","Slicing Ordered","Slicing Rules","Base Path","Base Min","Base Max","Condition(s)","Constraint(s)","Mapping: US-Core (STU3)","Mapping: W5 Mapping","Mapping: HL7 v2","Mapping: RIM"
"AllergyIntolerance","argoprofile","Allergy
IntoleranceAdverse Reaction","",0,*,"","","","","Argonaut AllergyIntolerance Profile","Risk of harmful or undesirable, physiological response which is unique to an individual and associated with exposure to a substance.","Substances include, but are not limited to: a therapeutic substance administered correctly at an appropriate dosage for the individual; food; material derived from plants or animals; or venom from insect stings.","","","","","","","","",,,,,"",,,,"AllergyIntolerance",0,*,"","","AllergyIntolerance","clinical.general"
"AllergyIntolerance.id","","","",0,1,"","","Y","id
","Logical id of this artifact","The logical id of the resource, as used in the URL for the resource. Once assigned, this value never changes.","The only time that a resource does not have an id is when it is being submitted to the server using a create operation. Bundles always have an id, though it is usually a generated UUID.","","","","","","","","",,,,,"",,,,"AllergyIntolerance.id",0,1,"",""
"AllergyIntolerance.meta","","","",0,1,"","","Y","Meta
","Metadata about the resource","The metadata about the resource. This is content that is maintained by the infrastructure. Changes to the content may not always be associated with version changes to the resource.","","","","","","","","","",,,,,"",,,,"AllergyIntolerance.meta",0,1,"",""
"AllergyIntolerance.implicitRules","","","",0,1,"","Y","Y","uri
","A set of rules under which this content was created","A reference to a set of rules that were followed when the resource was constructed, and which must be understood when processing the content.","Asserting this rule set restricts the content to be only understood by a limited set of trading partners. This inherently limits the usefulness of the data in the long term. However, the existing health eco-system is highly fractured, and not yet ready to define, collect, and exchange data in a generally computable sense. Wherever possible, implementers and/or specification writers should avoid using this element as much as possible.","","","","","","","","",,,,,"",,,,"AllergyIntolerance.implicitRules",0,1,"",""
"AllergyIntolerance.language","","","",0,1,"","","","code
","Language of the resource content","The base language in which the resource is written.","Language is provided to support indexing and accessibility (typically, services such as text to speech use the language tag). The html language tag in the narrative applies  to the narrative. The language tag on the resource may be used to specify the language of other presentations generated from the data in the resource  Not all the content has to be in the base language. The Resource.language should not be assumed to apply to the narrative automatically. If a language is specified, it should it also be specified on the div element in the html (see rules in HTML5 for information about the relationship between xml:lang and the html lang attribute).","","","","","","","","",,"required","A human language.","http://tools.ietf.org/html/bcp47","",,,,"AllergyIntolerance.language",0,1,"",""
"AllergyIntolerance.text","","narrative
htmlxhtmldisplay","",0,1,"","","","Narrative
","Text summary of the resource, for human interpretation","A human-readable narrative that contains a summary of the resource, and may be used to represent the content of the resource to a human. The narrative need not encode all the structured data, but is required to contain sufficient detail to make it ""clinically safe"" for a human to just read the narrative. Resource definitions may define what content should be represented in the narrative to ensure clinical safety.","Contained resources do not have narrative. Resources that are not contained SHOULD have a narrative.","","","","","","","","",,,,,"",,,,"AllergyIntolerance.text",0,1,"dom-1
","","Act.text?"
"AllergyIntolerance.contained","","inline resources
anonymous resourcescontained resources","",0,*,"","","","Resource
","Contained, inline Resources","These resources do not have an independent existence apart from the resource that contains them - they cannot be identified independently, and nor can they have their own independent transaction scope.","This should never be done when the content can be identified properly, as once identification is lost, it is extremely difficult (and context dependent) to restore it again.","","","","","","","","",,,,,"",,,,"AllergyIntolerance.contained",0,*,"","","N/A"
"AllergyIntolerance.extension","","extensions
user content","",0,*,"","","","Extension
","Additional Content defined by implementations","May be used to represent additional information that is not part of the basic definition of the resource. In order to make the use of extensions safe and manageable, there is a strict set of governance  applied to the definition and use of extensions. Though any implementer is allowed to define an extension, there is a set of requirements that SHALL be met as part of the definition of the extension.","There can be no stigma associated with the use of extensions by any application, project, or standard - regardless of the institution or jurisdiction that uses or defines the extensions.  The use of extensions is what allows the FHIR specification to retain a core level of simplicity for everyone.","","","","","","","","",,,,,"",,,,"AllergyIntolerance.extension",0,*,"","","N/A"
"AllergyIntolerance.modifierExtension","","extensions
user content","",0,*,"","Y","","Extension
","Extensions that cannot be ignored","May be used to represent additional information that is not part of the basic definition of the resource, and that modifies the understanding of the element that contains it. Usually modifier elements provide negation or qualification. In order to make the use of extensions safe and manageable, there is a strict set of governance applied to the definition and use of extensions. Though any implementer is allowed to define an extension, there is a set of requirements that SHALL be met as part of the definition of the extension. Applications processing a resource are required to check for modifier extensions.","There can be no stigma associated with the use of extensions by any application, project, or standard - regardless of the institution or jurisdiction that uses or defines the extensions.  The use of extensions is what allows the FHIR specification to retain a core level of simplicity for everyone.","","","","","","","","",,,,,"",,,,"AllergyIntolerance.modifierExtension",0,*,"","","N/A"
"AllergyIntolerance.identifier","","","",0,*,"","","Y","Identifier
","External ids for this item","This records identifiers associated with this allergy/intolerance concern that are defined by business processes and/or used to refer to it when a direct URL reference to the resource itself is not appropriate (e.g. in CDA documents, or in written / printed documentation).","","","","","","","","","",,,,,"",,,,"AllergyIntolerance.identifier",0,*,"","","id","IAM-7",".id"
"AllergyIntolerance.onset","","","",0,1,"","","Y","dateTime
","Date(/time) when manifestations showed","Record of the date and/or time of the onset of the Allergy or Intolerance.","","","","","","","","","",,,,,"",,,,"AllergyIntolerance.onset",0,1,"",""
"AllergyIntolerance.recordedDate","","","",0,1,"","","Y","dateTime
","When recorded","Date when the sensitivity was recorded.","","","","","","","","","",,,,,"",,,,"AllergyIntolerance.recordedDate",0,1,"","","when.recorded","IAM-20",".participation[typeCode=AUT].time"
"AllergyIntolerance.recorder","","Author
","",0,1,"","","Y","Reference {http://hl7.org/fhir/StructureDefinition/Practitioner}
Reference {http://hl7.org/fhir/StructureDefinition/Patient}","Who recorded the sensitivity","Individual who recorded the record and takes responsibility for its conten.","","","","","","","","","",,,,,"",,,,"AllergyIntolerance.recorder",0,1,"","","who.author",".participation[typeCode=AUT].role"
"AllergyIntolerance.patient","","Patient
","",1,1,"Y","","","Reference {http://fhir.org/guides/argonaut/StructureDefinition/argo-patient}
","Who the sensitivity is for","The patient who has the allergy or intolerance.","","","","","","","","","",,,,,"",,,,"AllergyIntolerance.patient",1,1,"","","AllergyIntolerance.patient","who.focus","(PID-3)",".participation[typeCode=SBJ].role[classCode=PAT]"
"AllergyIntolerance.reporter","","Source
Informant","",0,1,"","","Y","Reference {http://hl7.org/fhir/StructureDefinition/Patient}
Reference {http://hl7.org/fhir/StructureDefinition/RelatedPerson}Reference {http://hl7.org/fhir/StructureDefinition/Practitioner}","Source of the information about the allergy","The source of the information about the allergy that is recorded.","The recorder takes repsonsibility for the content, but can reference the source from where they got it.","","","","","","","","",,,,,"",,,,"AllergyIntolerance.reporter",0,1,"","","who.source","IAM-14 (if patient) / IAM-18 (if practitioner)"
"AllergyIntolerance.substance","","Agent
","",1,1,"Y","","","CodeableConcept
","Substance, (or class) considered to be responsible for risk","Identification of a substance, or a class of substances, that is considered to be responsible for the adverse reaction risk.","It is strongly recommended that the substance be coded with a terminology, where possible. For example, some terminologies used include RxNorm, SNOMED CT, DM+D, NDFRT, ICD-9, IDC-10, UNI, ATC and CPT. Plain text should only be used if there is no appropriate terminology available. Additional details about a substance can be specified in the text.","","","","","","","","",,"extensible","Type of substance responsible for reaction.","http://fhir.org/guides/argonaut/ValueSet/substance","",,,,"AllergyIntolerance.substance",1,1,"","","AllergyIntolerance.code","what","AL1-3 / IAM-3"
"AllergyIntolerance.status","","State
","",1,1,"Y","Y","","code
","active | unconfirmed | confirmed | inactive | resolved | refuted | entered-in-error","Assertion about certainty associated with the propensity, or potential risk, of a reaction to the identified Substance.","Decision support would typically raise alerts for 'Unconfirmed', 'Confirmed', and 'Resolved' and ignore a 'Refuted' reaction. In particular, 'Refuted' may be useful for reconciliation of the Adverse Reaction List. Some implementations may choose to make this field mandatory.","","","","","","","","",,"required","","http://hl7.org/fhir/ValueSet/allergy-intolerance-status","",,,,"AllergyIntolerance.status",0,1,"","","AllergyIntolerance.clinicalStatus | AllergyIntolerance.verificationStatus","status","IAM-17"
"AllergyIntolerance.criticality","","Severity
SeriousnessContra-indicationRisk","",0,1,"","","Y","code
","CRITL | CRITH | CRITU","Estimate of the potential clinical harm, or seriousness, of the reaction to the identified Substance.","The default criticality value for any propensity to an adverse reaction should be 'Low Risk', indicating at the very least a relative contraindication to deliberate or voluntary exposure to the Substance. 'High Risk' is flagged if the clinician has identified a propensity for a more serious or potentially life-threatening reaction, such as anaphylaxis, and implies an absolute contraindication to deliberate or voluntary exposure to the substance. If this element is missing, the criticality is unknown (though it may be known elsewhere).","","","","","","","","",,"required","Estimate of the potential clinical harm, or seriousness, of a reaction to an identified Substance.","http://hl7.org/fhir/ValueSet/allergy-intolerance-criticality","",,,,"AllergyIntolerance.criticality",0,1,"","","grade"
"AllergyIntolerance.type","","Category
Class","",0,1,"","","Y","code
","allergy | intolerance - Underlying mechanism (if known)","Identification of the underlying physiological mechanism for the reaction risk.","Allergic (typically immune-mediated) reactions have been traditionally regarded as an indicator for potential escalation to significant future risk. Contemporary knowledge suggests that some reactions previously thought to be immune-mediated are, in fact, non-immune, but in some cases can still pose a life threatening risk. It is acknowledged that many clinicians may not be in a position to distinguish the mechanism of a particular reaction. Often the term ""allergy"" is used rather generically and may overlap with the use of ""intolerance"" - in practice the boundaries between these two concepts may not be well-defined or understood. This data element is included nevertheless, because many legacy systems have captured this attribute. Immunologic testing may provide supporting evidence for the basis of the reaction and the causative substance, but no tests are 100% sensitive or specific for sensitivity to a particular substance. If, as is commonly the case, it is unclear whether the reaction is due to an allergy or an intolerance, then the type element should be omitted from the resource.","","","","","","","","",,"required","Identification of the underlying physiological mechanism for a Reaction Risk.","http://hl7.org/fhir/ValueSet/allergy-intolerance-type","",,,,"AllergyIntolerance.type",0,1,"","","class","IAM-9"
"AllergyIntolerance.category","","Category
TypeReaction TypeClass","",0,1,"","","Y","code
","food | medication | environment | other - Category of Substance","Category of the identified Substance.","This data element has been included because it is currently being captured in some clinical systems. This data can be derived from the Substance where coding systems are used, and is effectively redundant in that situation.","","","","","","","","",,"required","Category of an identified Substance.","http://hl7.org/fhir/ValueSet/allergy-intolerance-category","",,,,"AllergyIntolerance.category",0,1,"","","class"
"AllergyIntolerance.lastOccurence","","","",0,1,"","","Y","dateTime
","Date(/time) of last known occurrence of a reaction","Represents the date and/or time of the last known occurrence of a reaction event.","This date may be replicated by one of the Onset of Reaction dates. Where a textual representation of the date of last occurrence is required e.g. 'In Childhood, '10 years ago' the Comment element should be used.","","","","","","","","",,,,,"",,,,"AllergyIntolerance.lastOccurence",0,1,"",""
"AllergyIntolerance.note","","","",0,1,"","","","Annotation
","Additional text not captured in other fields","Additional narrative about the propensity for the Adverse Reaction, not captured in other fields.","For example: including reason for flagging a seriousness of 'High Risk'; and instructions related to future exposure or administration of the Substance, such as administration within an Intensive Care Unit or under corticosteroid cover. The notes should be related to an allergy or intolerance as a condition in general and not related to any particular episode of it. For episode notes and descriptions, use AllergyIntolerance.event.description and  AllergyIntolerance.event.notes.","","","","","","","","",,,,,"",,,,"AllergyIntolerance.note",0,1,"",""
"AllergyIntolerance.reaction","","","",0,*,"","","","BackboneElement
","Adverse Reaction Events linked to exposure to substance","Details about each adverse reaction event linked to exposure to the identified Substance.","","","","","","","","","",,,,,"",,,,"AllergyIntolerance.reaction",0,*,"",""
"AllergyIntolerance.reaction.id","","","",0,1,"","","","id
","xml:id (or equivalent in JSON)","unique id for the element within a resource (for internal references).","","","","","","","","","",,,,,"",,,,"AllergyIntolerance.reaction.id",0,1,"","","n/a"
"AllergyIntolerance.reaction.extension","","extensions
user content","",0,*,"","","","Extension
","Additional Content defined by implementations","May be used to represent additional information that is not part of the basic definition of the element. In order to make the use of extensions safe and manageable, there is a strict set of governance  applied to the definition and use of extensions. Though any implementer is allowed to define an extension, there is a set of requirements that SHALL be met as part of the definition of the extension.","There can be no stigma associated with the use of extensions by any application, project, or standard - regardless of the institution or jurisdiction that uses or defines the extensions.  The use of extensions is what allows the FHIR specification to retain a core level of simplicity for everyone.","","","","","","","","",,,,,"",,,,"AllergyIntolerance.reaction.extension",0,*,"","","n/a"
"AllergyIntolerance.reaction.modifierExtension","","extensions
user contentmodifiers","",0,*,"","Y","","Extension
","Extensions that cannot be ignored","May be used to represent additional information that is not part of the basic definition of the element, and that modifies the understanding of the element that contains it. Usually modifier elements provide negation or qualification. In order to make the use of extensions safe and manageable, there is a strict set of governance applied to the definition and use of extensions. Though any implementer is allowed to define an extension, there is a set of requirements that SHALL be met as part of the definition of the extension. Applications processing a resource are required to check for modifier extensions.","There can be no stigma associated with the use of extensions by any application, project, or standard - regardless of the institution or jurisdiction that uses or defines the extensions.  The use of extensions is what allows the FHIR specification to retain a core level of simplicity for everyone.","","","","","","","","",,,,,"",,,,"AllergyIntolerance.reaction.modifierExtension",0,*,"","","N/A"
"AllergyIntolerance.reaction.substance","","","",0,1,"","","Y","CodeableConcept
","Specific substance considered to be responsible for event","Identification of the specific substance considered to be responsible for the Adverse Reaction event. Note: the substance for a specific reaction may be different to the substance identified as the cause of the risk, but must be consistent with it. For instance, it may be a more specific substance (e.g. a brand medication) or a composite substance that includes the identified substance. It must be clinically safe to only process the AllergyIntolerance.substance and ignore the AllergyIntolerance.event.substance.","Coding of the specific substance with a terminology capable of triggering decision support should be used wherever possible.  The substance field allows for the use of a specific substance or a group or class of substances, for example ""Penicillins"". The specific substance field could be used for Amoxycillin. Duplication is acceptable when a specific substance has been recorded in the 'substance' field.","","","","","","","","",,"example","Codes defining the type of the substance.","http://hl7.org/fhir/ValueSet/substance-code","",,,,"AllergyIntolerance.reaction.substance",0,1,"",""
"AllergyIntolerance.reaction.certainty","","Cause
","",0,1,"","","Y","code
","unlikely | likely | confirmed - clinical certainty about the specific substance","Statement about the degree of clinical certainty that the specific substance was the cause of the manifestation in this reaction event.","","","","","","","","","",,"required","Statement about the degree of clinical certainty that a Specific Substance was the cause of the Manifestation in an reaction event.","http://hl7.org/fhir/ValueSet/reaction-event-certainty","",,,,"AllergyIntolerance.reaction.certainty",0,1,"",""
"AllergyIntolerance.reaction.manifestation","","Symptoms
Signs","",1,*,"","","Y","CodeableConcept
","Clinical symptoms/signs associated with the Event","Clinical symptoms and/or signs that are observed or associated with the adverse reaction event.","Manifestation can be expressed as a single word, phrase or brief description. For example: nausea, rash or no reaction. It is preferable that manifestation should be coded with a terminology, where possible. The values entered here may be used to display on an application screen as part of a list of adverse reactions, as recommended in the UK NHS CUI guidelines.  Terminologies commonly used include, but are not limited to, SNOMED CT or ICD10.","","","","","","","","",,"example","Clinical symptoms and/or signs that are observed or associated with an Adverse Reaction Event.","http://hl7.org/fhir/ValueSet/manifestation-codes","",,,,"AllergyIntolerance.reaction.manifestation",1,*,"",""
"AllergyIntolerance.reaction.description","","Narrative
Text","",0,1,"","","","string
","Description of the event as a whole","Text description about the reaction as a whole, including details of the manifestation if required.","Use the description to provide any details of a particular event of the occurred reaction such as circumstances, reaction specifics, what happened before/after. Information, related to the event, but not describing a particular care should be captured in the comment field. For example: at the age of four, the patient was given penicillin for strep throat and subsequently developed severe hives.","","","","","","","","",,,,,"",,,,"AllergyIntolerance.reaction.description",0,1,"",""
"AllergyIntolerance.reaction.onset","","","",0,1,"","","Y","dateTime
","Date(/time) when manifestations showed","Record of the date and/or time of the onset of the Reaction.","","","","","","","","","",,,,,"",,,,"AllergyIntolerance.reaction.onset",0,1,"",""
"AllergyIntolerance.reaction.severity","","","",0,1,"","","Y","code
","mild | moderate | severe (of event as a whole)","Clinical assessment of the severity of the reaction event as a whole, potentially considering multiple different manifestations.","It is acknowledged that this assessment is very subjective. There may be some some specific practice domains where objective scales have been applied. Objective scales can be included in this model as extensions.","","","","","","","","",,"required","Clinical assessment of the severity of a reaction event as a whole, potentially considering multiple different manifestations.","http://hl7.org/fhir/ValueSet/reaction-event-severity","",,,,"AllergyIntolerance.reaction.severity",0,1,"",""
"AllergyIntolerance.reaction.exposureRoute","","","",0,1,"","","Y","CodeableConcept
","How the subject was exposed to the substance","Identification of the route by which the subject was exposed to the substance.","Coding of the route of exposure with a terminology should be used wherever possible.","","","","","","","","",,"example","A coded concept describing the route or physiological path of administration of a therapeutic agent into or onto the body of a subject.","http://hl7.org/fhir/ValueSet/route-codes","",,,,"AllergyIntolerance.reaction.exposureRoute",0,1,"",""
"AllergyIntolerance.reaction.note","","","",0,1,"","","","Annotation
","Text about event not captured in other fields","Additional text about the adverse reaction event not captured in other fields.","Use this field to record information indirectly related to a particular event and not captured in the description. For example: Clinical records are no longer available, recorded based on information provided to the patient by her mother and her mother is deceased.","","","","","","","","",,,,,"",,,,"AllergyIntolerance.reaction.note",0,1,"",""
