{
  "resourceType": "DocumentReference",
  "id": "episode-summary",
  "meta": {
    "profile": [
      "http://fhir.org/guides/argonaut/StructureDefinition/argo-documentreference"
    ]
  },
  "text": {
    "status": "generated",
    "div": "<div xmlns=\"http://www.w3.org/1999/xhtml\"><p><b>Generated Narrative with Details</b></p><p><b>id</b>: episode-summary</p><p><b>meta</b>: </p><p><b>identifier</b>: urn:oid:2.16.840.1.113883.19.5.99999.1</p><p><b>subject</b>: <a href=\"Patient-peter-chalmers.html\">Peter Chalmers. Generated Summary: id: peter-chalmers; Medical Record Number = 1032702; active; Peter James Chalmers (OFFICIAL); ph: (555)555-5555(WORK), person@example.org(WORK); gender: male; birthDate: 19/06/1964</a></p><p><b>type</b>: CCD Document <span style=\"background: LightGoldenRodYellow\">(Details : {LOINC code '34133-9' = 'Summary of episode note', given as 'Summary of episode note'})</span></p><p><b>author</b>: <a href=\"Practitioner-1234.html\">John Smith, MD. Generated Summary: id: 1234; 23; active; Adam Careful </a></p><p><b>created</b>: 01/09/2006</p><p><b>indexed</b>: 09/03/2016 3:29:46 PM</p><p><b>status</b>: current</p><p><b>description</b>: Pulmonology clinic acute visit</p><h3>Contents</h3><table class=\"grid\"><tr><td>-</td><td><b>Attachment</b></td><td><b>Format</b></td></tr><tr><td>*</td><td/><td>Documents following C-CDA constraints using a structured body (Details: urn:oid:1.3.6.1.4.1.19376.1.2.3 code urn:hl7-org:sdwg:ccda-structuredBody:2.1 = 'urn:hl7-org:sdwg:ccda-structuredBody:2.1', stated as 'Documents following C-CDA constraints using a structured body')</td></tr></table><h3>Contexts</h3><table class=\"grid\"><tr><td>-</td><td><b>Period</b></td></tr><tr><td>*</td><td>23/12/2004 8:00:00 AM --&gt; 23/12/2004 8:01:00 AM</td></tr></table></div>"
  },
  "identifier": [
    {
      "system": "urn:ietf:rfc:3986",
      "value": "urn:oid:2.16.840.1.113883.19.5.99999.1"
    }
  ],
  "subject": {
    "reference": "Patient/peter-chalmers",
    "display": "Peter Chalmers"
  },
  "type": {
    "coding": [
      {
        "system": "http://loinc.org",
        "code": "34133-9",
        "display": "Summary of episode note"
      }
    ],
    "text": "CCD Document"
  },
  "author": [
    {
      "reference": "Practitioner/1234",
      "display": "John Smith, MD"
    }
  ],
  "created": "2006-09-01",
  "indexed": "2016-03-09T15:29:46Z",
  "status": "current",
  "description": "Pulmonology clinic acute visit",
  "content": [
    {
      "attachment": {
        "contentType": "text/plain",
        "url": "/Binary/1-note",
        "title": "Uri where the data can be found: [base]/Binary/1-note"
      },
      "format": [
        {
          "system": "urn:oid:1.3.6.1.4.1.19376.1.2.3",
          "code": "urn:hl7-org:sdwg:ccda-structuredBody:2.1",
          "display": "Documents following C-CDA constraints using a structured body"
        }
      ]
    }
  ],
  "context": {
    "period": {
      "start": "2004-12-23T08:00:00+11:00",
      "end": "2004-12-23T08:01:00+11:00"
    }
  }
}