<?xml version="1.0" encoding="UTF-8"?>

<Goal xmlns="http://hl7.org/fhir">
  <id value="goal-1"/>
  <meta>
    <profile value="http://fhir.org/guides/argonaut/StructureDefinition/argo-goal"/>
  </meta>
  <text>
    <status value="generated"/><div xmlns="http://www.w3.org/1999/xhtml"><p><b>Generated Narrative with Details</b></p><p><b>id</b>: goal-1</p><p><b>meta</b>: </p><p><b>subject</b>: <a href="Patient-peter-chalmers.html">Peter Chalmers. Generated Summary: id: peter-chalmers; Medical Record Number = 1032702; active; Peter James Chalmers (OFFICIAL); ph: (555)555-5555(WORK), person@example.org(WORK); gender: male; birthDate: 19/06/1964</a></p><p><b>description</b>: Patient is targeting a pulse oximetry of 92% and a weight of 195 lbs</p><p><b>status</b>: in-progress</p></div>
  </text>
  <subject>
    <reference value="Patient/peter-chalmers"/>
    <display value="Peter Chalmers"/>
  </subject>
  <description value="Patient is targeting a pulse oximetry of 92% and a weight of 195 lbs"/>
  <status value="in-progress"/>
</Goal>