{
  "resourceType": "Observation",
  "id": "some-day-smoker",
  "meta": {
    "profile": [
      "http://fhir.org/guides/argonaut/StructureDefinition/argo-smokingstatus"
    ]
  },
  "text": {
    "status": "generated",
    "div": "<div xmlns=\"http://www.w3.org/1999/xhtml\"><p><b>Generated Narrative with Details</b></p><p><b>id</b>: some-day-smoker</p><p><b>meta</b>: </p><p><b>status</b>: final</p><p><b>category</b>: Social History <span style=\"background: LightGoldenRodYellow\">(Details : {http://hl7.org/fhir/observation-category code 'social-history' = 'Social History', given as 'Social History'})</span></p><p><b>code</b>: Tobacco smoking status <span style=\"background: LightGoldenRodYellow\">(Details : {LOINC code '72166-2' = 'Tobacco smoking status NHIS', given as 'Tobacco smoking status'})</span></p><p><b>subject</b>: <a href=\"Patient-peter-chalmers.html\">Peter Chalmers. Generated Summary: id: peter-chalmers; Medical Record Number = 1032702; active; Peter James Chalmers (OFFICIAL); ph: (555)555-5555(WORK), person@example.org(WORK); gender: male; birthDate: 19/06/1964</a></p><p><b>issued</b>: 18/03/2016 5:27:04 AM</p><p><b>value</b>: Current some day smoker <span style=\"background: LightGoldenRodYellow\">(Details : {SNOMED CT code '428041000124106' = 'Occasional tobacco smoker', given as 'Current some day smoker'})</span></p></div>"
  },
  "status": "final",
  "category": {
    "coding": [
      {
        "system": "http://hl7.org/fhir/observation-category",
        "code": "social-history",
        "display": "Social History"
      }
    ],
    "text": "Social History"
  },
  "code": {
    "coding": [
      {
        "system": "http://loinc.org",
        "code": "72166-2",
        "display": "Tobacco smoking status"
      }
    ],
    "text": "Tobacco smoking status"
  },
  "subject": {
    "reference": "Patient/peter-chalmers",
    "display": "Peter Chalmers"
  },
  "issued": "2016-03-18T05:27:04Z",
  "valueCodeableConcept": {
    "coding": [
      {
        "system": "http://snomed.info/sct",
        "code": "428041000124106",
        "display": "Current some day smoker"
      }
    ],
    "text": "Current some day smoker"
  }
}