<?xml version="1.0" encoding="UTF-8"?>

<Patient xmlns="http://hl7.org/fhir">
  <id value="peter-chalmers"/>
  <meta>
    <profile value="http://fhir.org/guides/argonaut/StructureDefinition/argo-patient"/>
  </meta>
  <text>
    <status value="generated"/><div xmlns="http://www.w3.org/1999/xhtml">
			<p>
				<b>Generated Narrative with Details</b>
			</p>
			<p>
				<b>id</b>: peter-chalmers</p>
			<p>
				<b>active</b>: true</p>
			<p>
				<b>http://hospital.smarthealthit.org MRN</b>: 1032702 </p>
			<p>
				<b>birthsex</b>: Male</p>
			<p>
				<b>birthdate</b>: June 19, 1964</p>
			<p>
				<b>name</b>: Peter James Chalmers (OFFICIAL)</p>
			<p>
				<b>telecom</b>: ph: (555)555-5555 (WORK), person@example.org (WORK)</p>
			<p>
				<b>address</b>: 534 Erewhon St, PleasantVille, CA 96666 (HOME)</p>
			<p>
				<b>race</b>:Mixed  (White, American Indian or Alaska Native, Asian, Shoshone, Filipino)</p>
			<p>
				<b>ethnicity</b>:Hispanic  (Hispanic or Latino, Dominican, Mexican)</p>
			<p>
				<b>Communication Language</b>: English</p>
		</div>
  </text>
  <extension url="http://fhir.org/guides/argonaut/StructureDefinition/argo-race">
    <extension url="ombCategory">
      <valueCoding>
        <system value="http://fhir.org/guides/argonaut/v3/Race"/>
        <code value="2106-3"/>
        <display value="White"/>
      </valueCoding>
    </extension>
    <extension url="ombCategory">
      <valueCoding>
        <system value="http://fhir.org/guides/argonaut/v3/Race"/>
        <code value="1002-5"/>
        <display value="American Indian or Alaska Native"/>
      </valueCoding>
    </extension>
    <extension url="ombCategory">
      <valueCoding>
        <system value="http://fhir.org/guides/argonaut/v3/Race"/>
        <code value="2028-9"/>
        <display value="Asian"/>
      </valueCoding>
    </extension>
    <extension url="detailed">
      <valueCoding>
        <system value="http://fhir.org/guides/argonaut/v3/Race"/>
        <code value="1586-7"/>
        <display value="Shoshone"/>
      </valueCoding>
    </extension>
    <extension url="detailed">
      <valueCoding>
        <system value="http://fhir.org/guides/argonaut/v3/Race"/>
        <code value="2036-2"/>
        <display value="Filipino"/>
      </valueCoding>
    </extension>
    <extension url="text">
      <valueString value="Mixed"/>
    </extension>
  </extension>
  <extension url="http://fhir.org/guides/argonaut/StructureDefinition/argo-ethnicity">
    <extension url="ombCategory">
      <valueCoding>
        <system value="http://fhir.org/guides/argonaut/v3/Ethnicity"/>
        <code value="2135-2"/>
        <display value="Hispanic or Latino"/>
      </valueCoding>
    </extension>
    <extension url="detailed">
      <valueCoding>
        <system value="http://fhir.org/guides/argonaut/v3/Ethnicity"/>
        <code value="2184-0"/>
        <display value="Dominican"/>
      </valueCoding>
    </extension>
    <extension url="detailed">
      <valueCoding>
        <system value="http://fhir.org/guides/argonaut/v3/Ethnicity"/>
        <code value="2148-5"/>
        <display value="Mexican"/>
      </valueCoding>
    </extension>
    <extension url="text">
      <valueString value="Hispanic"/>
    </extension>
  </extension>
  <extension url="http://fhir.org/guides/argonaut/StructureDefinition/argo-birthsex">
    <valueCode value="M"/>
  </extension>
  <identifier>
    <type>
      <coding>
        <system value="http://hl7.org/fhir/v2/0203"/>
        <code value="MR"/>
        <display value="Medical Record Number"/>
      </coding>
      <text value="Medical Record Number"/>
    </type>
    <system value="http://hospital.smarthealthit.org"/>
    <value value="1032702"/>
  </identifier>
  <active value="true"/>
<!--     Peter James Chalmers, but called "Jim"     -->
  <name>
    <use value="official"/>
    <family value="Chalmers"/>
    <given value="Peter"/>
    <given value="James"/>
  </name>
  <telecom>
    <system value="phone"/>
    <value value="(555)555-5555"/>
    <use value="work"/>
  </telecom>
  <telecom>
    <extension url="http://hl7.org/fhir/StructureDefinition/us-core-direct">
      <valueBoolean value="true"/>
    </extension>
    <system value="email"/>
    <value value="person@example.org"/>
    <use value="work"/>
  </telecom>
  <gender value="male"/>
  <birthDate value="1964-06-19"/>
  <address>
    <use value="home"/>
    <line value="534 Erewhon St"/>
    <city value="PleasantVille"/>
    <district value="Orange County"/>
    <state value="CA"/>
    <postalCode value="96666"/>
  </address>
  <communication>
    <language>
      <coding>
        <system value="urn:ietf:bcp:47"/>
        <code value="en"/>
        <display value="English"/>
      </coding>
      <text value="English"/>
    </language>
  </communication>
</Patient>