<?xml version="1.0" encoding="UTF-8"?>

<StructureDefinition xmlns="http://hl7.org/fhir">
  <id value="argo-diagnosticreport"/>
  <text>
    <status value="generated"/>
  </text>
  <url value="http://fhir.org/guides/argonaut/StructureDefinition/argo-diagnosticreport"/>
  <name value="Argonaut DiagnosticReport Profile"/>
  <status value="draft"/>
  <publisher value="Argonaut Project"/>
  <contact>
    <telecom>
      <system value="other"/>
      <value value="http://argonautwiki.hl7.org"/>
      <rank value="0"/>
    </telecom>
  </contact>
  <date value="2016-10-18T00:00:00+11:00"/>
  <fhirVersion value="1.0.2"/>
  <mapping>
    <identity value="us-core-(stu3)"/>
    <uri value="http://unknown.org/US Core (STU3)"/>
    <name value="US Core (STU3)"/>
  </mapping>
  <mapping>
    <identity value="v2"/>
    <uri value="http://hl7.org/v2"/>
    <name value="HL7 v2"/>
  </mapping>
  <mapping>
    <identity value="rim"/>
    <uri value="http://hl7.org/v3"/>
    <name value="RIM"/>
  </mapping>
  <mapping>
    <identity value="w5"/>
    <uri value="http://hl7.org/fhir/w5"/>
    <name value="W5 Mapping"/>
  </mapping>
  <kind value="resource"/>
  <constrainedType value="DiagnosticReport"/>
  <abstract value="false"/>
  <base value="http://hl7.org/fhir/StructureDefinition/DiagnosticReport"/>
  <snapshot>
    <element id="DiagnosticReport:argoprofile">
      <path value="DiagnosticReport"/>
      <name value="argoprofile"/>
      <short value="Argonaut DiagnosticReport Profile"/>
      <definition value="The findings and interpretation of diagnostic  tests performed on patients, groups of patients, devices, and locations, and/or specimens derived from these. The report includes clinical context such as requesting and provider information, and some mix of atomic results, images, textual and coded interpretations, and formatted representation of diagnostic reports."/>
      <comments value="This is intended to capture a single report, and is not suitable for use in displaying summary information that covers multiple reports.  For example, this resource has not been designed for laboratory cumulative reporting formats nor detailed structured reports for sequencing."/>
      <alias value="Report"/>
      <alias value="Test"/>
      <alias value="Result"/>
      <alias value="Results"/>
      <alias value="Labs"/>
      <alias value="Laboratory"/>
      <min value="0"/>
      <max value="*"/>
      <base>
        <path value="DiagnosticReport"/>
        <min value="0"/>
        <max value="*"/>
      </base>
      <type>
        <code value="DiagnosticReport"/>
      </type>
      <maxLength value="0"/>
      <mustSupport value="false"/>
      <isModifier value="false"/>
      <isSummary value="false"/>
      <mapping>
        <identity value="v2"/>
        <map value="ORU -&gt; OBR"/>
      </mapping>
      <mapping>
        <identity value="rim"/>
        <map value="Observation[classCode=OBS, moodCode=EVN]"/>
      </mapping>
      <mapping>
        <identity value="w5"/>
        <map value="clinical.diagnostics"/>
      </mapping>
      <mapping>
        <identity value="us-core-(stu3)"/>
        <map value="DiagnosticReport"/>
      </mapping>
    </element>
    <element id="DiagnosticReport:argoprofile.id">
      <path value="DiagnosticReport.id"/>
      <name value="DiagnosticReport:argoprofile.id"/>
      <short value="Logical id of this artifact"/>
      <definition value="The logical id of the resource, as used in the URL for the resource. Once assigned, this value never changes."/>
      <comments value="The only time that a resource does not have an id is when it is being submitted to the server using a create operation. Bundles always have an id, though it is usually a generated UUID."/>
      <min value="0"/>
      <max value="1"/>
      <base>
        <path value="DiagnosticReport.id"/>
        <min value="0"/>
        <max value="1"/>
      </base>
      <type>
        <code value="id"/>
      </type>
      <maxLength value="0"/>
      <mustSupport value="false"/>
      <isModifier value="false"/>
      <isSummary value="true"/>
    </element>
    <element id="DiagnosticReport:argoprofile.meta">
      <path value="DiagnosticReport.meta"/>
      <name value="DiagnosticReport:argoprofile.meta"/>
      <short value="Metadata about the resource"/>
      <definition value="The metadata about the resource. This is content that is maintained by the infrastructure. Changes to the content may not always be associated with version changes to the resource."/>
      <min value="0"/>
      <max value="1"/>
      <base>
        <path value="DiagnosticReport.meta"/>
        <min value="0"/>
        <max value="1"/>
      </base>
      <type>
        <code value="Meta"/>
      </type>
      <maxLength value="0"/>
      <mustSupport value="false"/>
      <isModifier value="false"/>
      <isSummary value="true"/>
    </element>
    <element id="DiagnosticReport:argoprofile.implicitRules">
      <path value="DiagnosticReport.implicitRules"/>
      <name value="DiagnosticReport:argoprofile.implicitRules"/>
      <short value="A set of rules under which this content was created"/>
      <definition value="A reference to a set of rules that were followed when the resource was constructed, and which must be understood when processing the content."/>
      <comments value="Asserting this rule set restricts the content to be only understood by a limited set of trading partners. This inherently limits the usefulness of the data in the long term. However, the existing health eco-system is highly fractured, and not yet ready to define, collect, and exchange data in a generally computable sense. Wherever possible, implementers and/or specification writers should avoid using this element as much as possible."/>
      <min value="0"/>
      <max value="1"/>
      <base>
        <path value="DiagnosticReport.implicitRules"/>
        <min value="0"/>
        <max value="1"/>
      </base>
      <type>
        <code value="uri"/>
      </type>
      <maxLength value="0"/>
      <mustSupport value="false"/>
      <isModifier value="true"/>
      <isSummary value="true"/>
    </element>
    <element id="DiagnosticReport:argoprofile.language">
      <path value="DiagnosticReport.language"/>
      <name value="DiagnosticReport:argoprofile.language"/>
      <short value="Language of the resource content"/>
      <definition value="The base language in which the resource is written."/>
      <comments value="Language is provided to support indexing and accessibility (typically, services such as text to speech use the language tag). The html language tag in the narrative applies  to the narrative. The language tag on the resource may be used to specify the language of other presentations generated from the data in the resource  Not all the content has to be in the base language. The Resource.language should not be assumed to apply to the narrative automatically. If a language is specified, it should it also be specified on the div element in the html (see rules in HTML5 for information about the relationship between xml:lang and the html lang attribute)."/>
      <min value="0"/>
      <max value="1"/>
      <base>
        <path value="DiagnosticReport.language"/>
        <min value="0"/>
        <max value="1"/>
      </base>
      <type>
        <code value="code"/>
      </type>
      <maxLength value="0"/>
      <mustSupport value="false"/>
      <isModifier value="false"/>
      <isSummary value="false"/>
      <binding>
        <strength value="required"/>
        <description value="A human language."/>
        <valueSetUri value="http://tools.ietf.org/html/bcp47"/>
      </binding>
    </element>
    <element id="DiagnosticReport:argoprofile.text">
      <path value="DiagnosticReport.text"/>
      <name value="DiagnosticReport:argoprofile.text"/>
      <short value="Text summary of the resource, for human interpretation"/>
      <definition value="A human-readable narrative that contains a summary of the resource, and may be used to represent the content of the resource to a human. The narrative need not encode all the structured data, but is required to contain sufficient detail to make it &quot;clinically safe&quot; for a human to just read the narrative. Resource definitions may define what content should be represented in the narrative to ensure clinical safety."/>
      <comments value="Contained resources do not have narrative. Resources that are not contained SHOULD have a narrative."/>
      <alias value="narrative"/>
      <alias value="html"/>
      <alias value="xhtml"/>
      <alias value="display"/>
      <min value="0"/>
      <max value="1"/>
      <base>
        <path value="DiagnosticReport.text"/>
        <min value="0"/>
        <max value="1"/>
      </base>
      <type>
        <code value="Narrative"/>
      </type>
      <maxLength value="0"/>
      <condition value="dom-1"/>
      <mustSupport value="false"/>
      <isModifier value="false"/>
      <isSummary value="false"/>
      <mapping>
        <identity value="rim"/>
        <map value="Act.text?"/>
      </mapping>
    </element>
    <element id="DiagnosticReport:argoprofile.contained">
      <path value="DiagnosticReport.contained"/>
      <name value="DiagnosticReport:argoprofile.contained"/>
      <short value="Contained, inline Resources"/>
      <definition value="These resources do not have an independent existence apart from the resource that contains them - they cannot be identified independently, and nor can they have their own independent transaction scope."/>
      <comments value="This should never be done when the content can be identified properly, as once identification is lost, it is extremely difficult (and context dependent) to restore it again."/>
      <alias value="inline resources"/>
      <alias value="anonymous resources"/>
      <alias value="contained resources"/>
      <min value="0"/>
      <max value="*"/>
      <base>
        <path value="DiagnosticReport.contained"/>
        <min value="0"/>
        <max value="*"/>
      </base>
      <type>
        <code value="Resource"/>
      </type>
      <maxLength value="0"/>
      <mustSupport value="false"/>
      <isModifier value="false"/>
      <isSummary value="false"/>
      <mapping>
        <identity value="rim"/>
        <map value="N/A"/>
      </mapping>
    </element>
    <element id="DiagnosticReport:argoprofile.extension">
      <path value="DiagnosticReport.extension"/>
      <name value="DiagnosticReport:argoprofile.extension"/>
      <short value="Additional Content defined by implementations"/>
      <definition value="May be used to represent additional information that is not part of the basic definition of the resource. In order to make the use of extensions safe and manageable, there is a strict set of governance  applied to the definition and use of extensions. Though any implementer is allowed to define an extension, there is a set of requirements that SHALL be met as part of the definition of the extension."/>
      <comments value="There can be no stigma associated with the use of extensions by any application, project, or standard - regardless of the institution or jurisdiction that uses or defines the extensions.  The use of extensions is what allows the FHIR specification to retain a core level of simplicity for everyone."/>
      <alias value="extensions"/>
      <alias value="user content"/>
      <min value="0"/>
      <max value="*"/>
      <base>
        <path value="DiagnosticReport.extension"/>
        <min value="0"/>
        <max value="*"/>
      </base>
      <type>
        <code value="Extension"/>
      </type>
      <maxLength value="0"/>
      <mustSupport value="false"/>
      <isModifier value="false"/>
      <isSummary value="false"/>
      <mapping>
        <identity value="rim"/>
        <map value="N/A"/>
      </mapping>
    </element>
    <element id="DiagnosticReport:argoprofile.modifierExtension">
      <path value="DiagnosticReport.modifierExtension"/>
      <name value="DiagnosticReport:argoprofile.modifierExtension"/>
      <short value="Extensions that cannot be ignored"/>
      <definition value="May be used to represent additional information that is not part of the basic definition of the resource, and that modifies the understanding of the element that contains it. Usually modifier elements provide negation or qualification. In order to make the use of extensions safe and manageable, there is a strict set of governance applied to the definition and use of extensions. Though any implementer is allowed to define an extension, there is a set of requirements that SHALL be met as part of the definition of the extension. Applications processing a resource are required to check for modifier extensions."/>
      <comments value="There can be no stigma associated with the use of extensions by any application, project, or standard - regardless of the institution or jurisdiction that uses or defines the extensions.  The use of extensions is what allows the FHIR specification to retain a core level of simplicity for everyone."/>
      <alias value="extensions"/>
      <alias value="user content"/>
      <min value="0"/>
      <max value="*"/>
      <base>
        <path value="DiagnosticReport.modifierExtension"/>
        <min value="0"/>
        <max value="*"/>
      </base>
      <type>
        <code value="Extension"/>
      </type>
      <maxLength value="0"/>
      <mustSupport value="false"/>
      <isModifier value="true"/>
      <isSummary value="false"/>
      <mapping>
        <identity value="rim"/>
        <map value="N/A"/>
      </mapping>
    </element>
    <element id="DiagnosticReport:argoprofile.identifier">
      <path value="DiagnosticReport.identifier"/>
      <name value="DiagnosticReport:argoprofile.identifier"/>
      <short value="Id for external references to this report"/>
      <definition value="The local ID assigned to the report by the order filler, usually by the Information System of the diagnostic service provider."/>
      <requirements value="Need to know what identifier to use when making queries about this report from the source laboratory, and for linking to the report outside FHIR context."/>
      <alias value="ReportID"/>
      <min value="0"/>
      <max value="*"/>
      <base>
        <path value="DiagnosticReport.identifier"/>
        <min value="0"/>
        <max value="*"/>
      </base>
      <type>
        <code value="Identifier"/>
      </type>
      <maxLength value="0"/>
      <mustSupport value="false"/>
      <isModifier value="false"/>
      <isSummary value="true"/>
      <mapping>
        <identity value="v2"/>
        <map value="OBR-51"/>
      </mapping>
      <mapping>
        <identity value="rim"/>
        <map value="id"/>
      </mapping>
      <mapping>
        <identity value="w5"/>
        <map value="id"/>
      </mapping>
    </element>
    <element id="DiagnosticReport:argoprofile.status">
      <path value="DiagnosticReport.status"/>
      <name value="DiagnosticReport:argoprofile.status"/>
      <short value="registered | partial | final | corrected | appended | cancelled | entered-in-error"/>
      <definition value="The status of the diagnostic report as a whole."/>
      <comments value="This is labeled as &quot;Is Modifier&quot; because applications need to take appropriate action if a report is withdrawn."/>
      <requirements value="Diagnostic services routinely issue provisional/incomplete reports, and sometimes withdraw previously released reports."/>
      <min value="1"/>
      <max value="1"/>
      <base>
        <path value="DiagnosticReport.status"/>
        <min value="1"/>
        <max value="1"/>
      </base>
      <type>
        <code value="code"/>
      </type>
      <maxLength value="0"/>
      <mustSupport value="true"/>
      <isModifier value="true"/>
      <isSummary value="false"/>
      <binding>
        <strength value="required"/>
        <valueSetReference>
          <reference value="http://hl7.org/fhir/ValueSet/diagnostic-report-status"/>
        </valueSetReference>
      </binding>
      <mapping>
        <identity value="v2"/>
        <map value="OBR-25 (not 1:1 mapping)"/>
      </mapping>
      <mapping>
        <identity value="rim"/>
        <map value="statusCode  Note: final and amended are distinguished by whether observation is the subject of a ControlAct event of type &quot;revise&quot;"/>
      </mapping>
      <mapping>
        <identity value="w5"/>
        <map value="status"/>
      </mapping>
      <mapping>
        <identity value="us-core-(stu3)"/>
        <map value="DiagnosticReport.status"/>
      </mapping>
    </element>
    <element id="DiagnosticReport:argoprofile.category">
      <path value="DiagnosticReport.category"/>
      <name value="DiagnosticReport:argoprofile.category"/>
      <short value="Service category"/>
      <definition value="A code that classifies the clinical discipline, department or diagnostic service that created the report (e.g. cardiology, biochemistry, hematology, MRI). This is used for searching, sorting and display purposes."/>
      <comments value="The level of granularity is defined by the category concepts in the value set. More fine-grained filtering can be performed using the metadata and/or terminology hierarchy in DiagnosticReport.code."/>
      <alias value="Department"/>
      <alias value="Sub-department"/>
      <alias value="service"/>
      <alias value="discipline"/>
      <min value="1"/>
      <max value="1"/>
      <base>
        <path value="DiagnosticReport.category"/>
        <min value="0"/>
        <max value="1"/>
      </base>
      <type>
        <code value="CodeableConcept"/>
      </type>
      <patternCodeableConcept>
        <coding>
          <system value="http://hl7.org/fhir/ValueSet/diagnostic-service-sections"/>
          <code value="LAB"/>
          <userSelected value="false"/>
        </coding>
      </patternCodeableConcept>
      <maxLength value="0"/>
      <mustSupport value="true"/>
      <isModifier value="false"/>
      <isSummary value="false"/>
      <binding>
        <strength value="example"/>
        <description value="Codes for diagnostic service sections."/>
        <valueSetReference>
          <reference value="http://hl7.org/fhir/ValueSet/diagnostic-service-sections"/>
        </valueSetReference>
      </binding>
      <mapping>
        <identity value="v2"/>
        <map value="OBR-24"/>
      </mapping>
      <mapping>
        <identity value="rim"/>
        <map value="inboundRelationship[typeCode=COMP].source[classCode=LIST, moodCode=EVN, code &lt; LabService].code"/>
      </mapping>
      <mapping>
        <identity value="w5"/>
        <map value="class"/>
      </mapping>
      <mapping>
        <identity value="us-core-(stu3)"/>
        <map value="DiagnosticReport.category"/>
      </mapping>
    </element>
    <element id="DiagnosticReport:argoprofile.code">
      <path value="DiagnosticReport.code"/>
      <name value="DiagnosticReport:argoprofile.code"/>
      <short value="Name/Code for this diagnostic report"/>
      <definition value="A code or name that describes this diagnostic report."/>
      <comments value="The test, panel or battery that was ordered."/>
      <requirements value="US Realm Laboratory Report Order Code."/>
      <min value="1"/>
      <max value="1"/>
      <base>
        <path value="DiagnosticReport.code"/>
        <min value="1"/>
        <max value="1"/>
      </base>
      <type>
        <code value="CodeableConcept"/>
      </type>
      <maxLength value="0"/>
      <mustSupport value="true"/>
      <isModifier value="false"/>
      <isSummary value="false"/>
      <binding>
        <strength value="extensible"/>
        <description value="LOINC codes"/>
        <valueSetReference>
          <reference value="http://hl7.org/fhir/ValueSet/report-codes"/>
        </valueSetReference>
      </binding>
      <mapping>
        <identity value="v2"/>
        <map value="OBR-4 (HL7 v2 doesn&#39;t provide an easy way to indicate both the ordered test and the performed panel)"/>
      </mapping>
      <mapping>
        <identity value="rim"/>
        <map value="code"/>
      </mapping>
      <mapping>
        <identity value="w5"/>
        <map value="what"/>
      </mapping>
      <mapping>
        <identity value="us-core-(stu3)"/>
        <map value="DiagnosticReport.code"/>
      </mapping>
    </element>
    <element id="DiagnosticReport:argoprofile.subject">
      <path value="DiagnosticReport.subject"/>
      <name value="DiagnosticReport:argoprofile.subject"/>
      <short value="The subject of the report, usually, but not always, the patient"/>
      <definition value="The subject of the report. Usually, but not always, this is a patient. However diagnostic services also perform analyses on specimens collected from a variety of other sources."/>
      <requirements value="SHALL know the subject context."/>
      <alias value="Patient"/>
      <min value="1"/>
      <max value="1"/>
      <base>
        <path value="DiagnosticReport.subject"/>
        <min value="1"/>
        <max value="1"/>
      </base>
      <type>
        <code value="Reference"/>
        <profile value="http://fhir.org/guides/argonaut/StructureDefinition/argo-patient"/>
      </type>
      <maxLength value="0"/>
      <mustSupport value="true"/>
      <isModifier value="false"/>
      <isSummary value="false"/>
      <mapping>
        <identity value="v2"/>
        <map value="PID-3 (no HL7 v2 mapping for Group or Device)"/>
      </mapping>
      <mapping>
        <identity value="rim"/>
        <map value="participation[typeCode=SBJ]"/>
      </mapping>
      <mapping>
        <identity value="w5"/>
        <map value="who.focus"/>
      </mapping>
      <mapping>
        <identity value="us-core-(stu3)"/>
        <map value="DiagnosticReport.subject"/>
      </mapping>
    </element>
    <element id="DiagnosticReport:argoprofile.encounter">
      <path value="DiagnosticReport.encounter"/>
      <name value="DiagnosticReport:argoprofile.encounter"/>
      <short value="Health care event when test ordered"/>
      <definition value="The link to the health care event (encounter) when the order was made."/>
      <min value="0"/>
      <max value="1"/>
      <base>
        <path value="DiagnosticReport.encounter"/>
        <min value="0"/>
        <max value="1"/>
      </base>
      <type>
        <code value="Reference"/>
        <profile value="http://hl7.org/fhir/StructureDefinition/Encounter"/>
      </type>
      <maxLength value="0"/>
      <mustSupport value="false"/>
      <isModifier value="false"/>
      <isSummary value="true"/>
      <mapping>
        <identity value="v2"/>
        <map value="PV1-19"/>
      </mapping>
      <mapping>
        <identity value="rim"/>
        <map value="inboundRelationship[typeCode=COMP].source[classCode=ENC, moodCode=EVN]"/>
      </mapping>
      <mapping>
        <identity value="w5"/>
        <map value="context"/>
      </mapping>
    </element>
    <element id="DiagnosticReport:argoprofile.effective[x]">
      <path value="DiagnosticReport.effective[x]"/>
      <name value="DiagnosticReport:argoprofile.effective[x]"/>
      <short value="Clinically Relevant time/time-period for report"/>
      <definition value="The time or time-period the observed values are related to. When the subject of the report is a patient, this is usually either the time of the procedure or of specimen collection(s), but very often the source of the date/time is not known, only the date/time itself."/>
      <comments value="This is the Specimen Collection Datetime or Period which is the physically relevent dateTime for laboratory tests."/>
      <requirements value="Specimen Collection Datetime or Period."/>
      <alias value="Observation time"/>
      <alias value="Effective Time"/>
      <min value="1"/>
      <max value="1"/>
      <base>
        <path value="DiagnosticReport.effective[x]"/>
        <min value="1"/>
        <max value="1"/>
      </base>
      <type>
        <code value="dateTime"/>
      </type>
      <type>
        <code value="Period"/>
      </type>
      <maxLength value="0"/>
      <mustSupport value="true"/>
      <isModifier value="false"/>
      <isSummary value="false"/>
      <mapping>
        <identity value="v2"/>
        <map value="OBR-7"/>
      </mapping>
      <mapping>
        <identity value="rim"/>
        <map value="effectiveTime"/>
      </mapping>
      <mapping>
        <identity value="w5"/>
        <map value="when.done"/>
      </mapping>
      <mapping>
        <identity value="us-core-(stu3)"/>
        <map value="DiagnosticReport.effective[x]"/>
      </mapping>
    </element>
    <element id="DiagnosticReport:argoprofile.issued">
      <path value="DiagnosticReport.issued"/>
      <name value="DiagnosticReport:argoprofile.issued"/>
      <short value="DateTime this version was released"/>
      <definition value="The date and time that this version of the report was released from the source diagnostic service."/>
      <comments value="May be different from the update time of the resource itself, because that is the status of the record (potentially a secondary copy), not the actual release time of the report."/>
      <requirements value="Clinicians need to be able to check the date that the report was released."/>
      <alias value="Date Created"/>
      <alias value="Date published"/>
      <alias value="Date Issued"/>
      <min value="1"/>
      <max value="1"/>
      <base>
        <path value="DiagnosticReport.issued"/>
        <min value="1"/>
        <max value="1"/>
      </base>
      <type>
        <code value="instant"/>
      </type>
      <maxLength value="0"/>
      <mustSupport value="true"/>
      <isModifier value="false"/>
      <isSummary value="false"/>
      <mapping>
        <identity value="v2"/>
        <map value="OBR-22"/>
      </mapping>
      <mapping>
        <identity value="rim"/>
        <map value="participation[typeCode=VRF or AUT].time"/>
      </mapping>
      <mapping>
        <identity value="w5"/>
        <map value="when.recorded"/>
      </mapping>
      <mapping>
        <identity value="us-core-(stu3)"/>
        <map value="DiagnosticReport.issued"/>
      </mapping>
    </element>
    <element id="DiagnosticReport:argoprofile.performer">
      <path value="DiagnosticReport.performer"/>
      <name value="DiagnosticReport:argoprofile.performer"/>
      <short value="Responsible Diagnostic Service"/>
      <definition value="The diagnostic service that is responsible for issuing the report."/>
      <comments value="This is not necessarily the source of the atomic data items. It is the entity that takes responsibility for the clinical report."/>
      <requirements value="Need to know whom to contact if there are queries about the results. Also may need to track the source of reports for secondary data analysis."/>
      <alias value="Laboratory"/>
      <alias value="Service"/>
      <alias value="Practitioner"/>
      <alias value="Department"/>
      <alias value="Company"/>
      <min value="1"/>
      <max value="1"/>
      <base>
        <path value="DiagnosticReport.performer"/>
        <min value="1"/>
        <max value="1"/>
      </base>
      <type>
        <code value="Reference"/>
        <profile value="http://hl7.org/fhir/StructureDefinition/Practitioner"/>
      </type>
      <type>
        <code value="Reference"/>
        <profile value="http://hl7.org/fhir/StructureDefinition/Organization"/>
      </type>
      <maxLength value="0"/>
      <mustSupport value="true"/>
      <isModifier value="false"/>
      <isSummary value="false"/>
      <mapping>
        <identity value="v2"/>
        <map value="PRT-8 (where this PRT-4-Participation = &quot;PO&quot;)"/>
      </mapping>
      <mapping>
        <identity value="rim"/>
        <map value="participation[typeCode=AUT].role[classCode=ASSIGN].scoper"/>
      </mapping>
      <mapping>
        <identity value="w5"/>
        <map value="who.witness"/>
      </mapping>
      <mapping>
        <identity value="us-core-(stu3)"/>
        <map value="DiagnosticReport.performer"/>
      </mapping>
    </element>
    <element id="DiagnosticReport:argoprofile.request">
      <path value="DiagnosticReport.request"/>
      <name value="DiagnosticReport:argoprofile.request"/>
      <short value="What was requested"/>
      <definition value="Details concerning a test or procedure requested."/>
      <comments value="Note: Usually there is one test request for each result, however in some circumstances multiple test requests may be represented using a single test result resource. Note that there are also cases where one request leads to multiple reports."/>
      <requirements value="Need to be able to track completion of requests based on reports issued and also to report what diagnostic tests were requested (not always the same as what is delivered)."/>
      <min value="0"/>
      <max value="*"/>
      <base>
        <path value="DiagnosticReport.request"/>
        <min value="0"/>
        <max value="*"/>
      </base>
      <type>
        <code value="Reference"/>
        <profile value="http://hl7.org/fhir/StructureDefinition/DiagnosticOrder"/>
      </type>
      <type>
        <code value="Reference"/>
        <profile value="http://hl7.org/fhir/StructureDefinition/ProcedureRequest"/>
      </type>
      <type>
        <code value="Reference"/>
        <profile value="http://hl7.org/fhir/StructureDefinition/ReferralRequest"/>
      </type>
      <maxLength value="0"/>
      <mustSupport value="false"/>
      <isModifier value="false"/>
      <isSummary value="false"/>
      <mapping>
        <identity value="v2"/>
        <map value="ORC? OBR-2/3?"/>
      </mapping>
      <mapping>
        <identity value="rim"/>
        <map value="outboundRelationship[typeCode=FLFS].target"/>
      </mapping>
    </element>
    <element id="DiagnosticReport:argoprofile.specimen">
      <path value="DiagnosticReport.specimen"/>
      <name value="DiagnosticReport:argoprofile.specimen"/>
      <short value="Specimens this report is based on"/>
      <definition value="Details about the specimens on which this diagnostic report is based."/>
      <comments value="If the specimen is sufficiently specified with a code in the test result name, then this additional data may be redundant. If there are multiple specimens, these may be represented per Observation or group."/>
      <requirements value="Need to be able to report information about the collected specimens on which the report is based."/>
      <min value="0"/>
      <max value="*"/>
      <base>
        <path value="DiagnosticReport.specimen"/>
        <min value="0"/>
        <max value="*"/>
      </base>
      <type>
        <code value="Reference"/>
        <profile value="http://hl7.org/fhir/StructureDefinition/Specimen"/>
      </type>
      <maxLength value="0"/>
      <mustSupport value="false"/>
      <isModifier value="false"/>
      <isSummary value="false"/>
      <mapping>
        <identity value="v2"/>
        <map value="SPM"/>
      </mapping>
      <mapping>
        <identity value="rim"/>
        <map value="participation[typeCode=SBJ]"/>
      </mapping>
    </element>
    <element id="DiagnosticReport:argoprofile.result">
      <path value="DiagnosticReport.result"/>
      <name value="DiagnosticReport:argoprofile.result"/>
      <short value="Observations - simple, or complex nested groups"/>
      <definition value="Observations that are part of this diagnostic report. Observations can be simple name/value pairs (e.g. &quot;atomic&quot; results), or they can be grouping observations that include references to other members of the group (e.g. &quot;panels&quot;)."/>
      <requirements value="Need to support individual results, or report groups of results, where the result grouping is arbitrary, but meaningful. This structure is recursive - observations can contain observations."/>
      <alias value="Data"/>
      <alias value="Atomic Value"/>
      <alias value="Result"/>
      <alias value="Atomic result"/>
      <alias value="Data"/>
      <alias value="Test"/>
      <alias value="Analyte"/>
      <alias value="Battery"/>
      <alias value="Organizer"/>
      <min value="0"/>
      <max value="*"/>
      <base>
        <path value="DiagnosticReport.result"/>
        <min value="0"/>
        <max value="*"/>
      </base>
      <type>
        <code value="Reference"/>
        <profile value="http://fhir.org/guides/argonaut/StructureDefinition/argo-observationresults"/>
      </type>
      <maxLength value="0"/>
      <mustSupport value="true"/>
      <isModifier value="false"/>
      <isSummary value="false"/>
      <mapping>
        <identity value="v2"/>
        <map value="OBXs"/>
      </mapping>
      <mapping>
        <identity value="rim"/>
        <map value="outboundRelationship[typeCode=COMP].target"/>
      </mapping>
      <mapping>
        <identity value="us-core-(stu3)"/>
        <map value="DiagnosticReport.result"/>
      </mapping>
    </element>
    <element id="DiagnosticReport:argoprofile.imagingStudy">
      <path value="DiagnosticReport.imagingStudy"/>
      <name value="DiagnosticReport:argoprofile.imagingStudy"/>
      <short value="Reference to full details of imaging associated with the diagnostic report"/>
      <definition value="One or more links to full details of any imaging performed during the diagnostic investigation. Typically, this is imaging performed by DICOM enabled modalities, but this is not required. A fully enabled PACS viewer can use this information to provide views of the source images."/>
      <comments value="ImagingStudy and ImageObjectStudy and the image element are somewhat overlapping - typically, the list of image references in the image element will also be found in one of the imaging study resources. However each caters to different types of displays for different types of purposes. Neither, either, or both may be provided."/>
      <min value="0"/>
      <max value="*"/>
      <base>
        <path value="DiagnosticReport.imagingStudy"/>
        <min value="0"/>
        <max value="*"/>
      </base>
      <type>
        <code value="Reference"/>
        <profile value="http://hl7.org/fhir/StructureDefinition/ImagingStudy"/>
      </type>
      <type>
        <code value="Reference"/>
        <profile value="http://hl7.org/fhir/StructureDefinition/ImagingObjectSelection"/>
      </type>
      <maxLength value="0"/>
      <mustSupport value="false"/>
      <isModifier value="false"/>
      <isSummary value="false"/>
      <mapping>
        <identity value="rim"/>
        <map value="outboundRelationship[typeCode=COMP].target[classsCode=DGIMG, moodCode=EVN]"/>
      </mapping>
    </element>
    <element id="DiagnosticReport:argoprofile.image">
      <path value="DiagnosticReport.image"/>
      <name value="DiagnosticReport:argoprofile.image"/>
      <short value="Key images associated with this report"/>
      <definition value="A list of key images associated with this report. The images are generally created during the diagnostic process, and may be directly of the patient, or of treated specimens (i.e. slides of interest)."/>
      <requirements value="Many diagnostic services include images in the report as part of their service."/>
      <alias value="DICOM"/>
      <alias value="Slides"/>
      <alias value="Scans"/>
      <min value="0"/>
      <max value="*"/>
      <base>
        <path value="DiagnosticReport.image"/>
        <min value="0"/>
        <max value="*"/>
      </base>
      <type>
        <code value="BackboneElement"/>
      </type>
      <maxLength value="0"/>
      <mustSupport value="true"/>
      <isModifier value="false"/>
      <isSummary value="false"/>
      <mapping>
        <identity value="v2"/>
        <map value="OBX?"/>
      </mapping>
      <mapping>
        <identity value="rim"/>
        <map value="outboundRelationship[typeCode=COMP].target"/>
      </mapping>
      <mapping>
        <identity value="us-core-(stu3)"/>
        <map value="DiagnosticReport.presentedForm"/>
      </mapping>
    </element>
    <element id="DiagnosticReport:argoprofile.image.id">
      <path value="DiagnosticReport.image.id"/>
      <representation value="xmlAttr"/>
      <name value="DiagnosticReport:argoprofile.image.id"/>
      <short value="xml:id (or equivalent in JSON)"/>
      <definition value="unique id for the element within a resource (for internal references)."/>
      <min value="0"/>
      <max value="1"/>
      <base>
        <path value="DiagnosticReport.image.id"/>
        <min value="0"/>
        <max value="1"/>
      </base>
      <type>
        <code value="id"/>
      </type>
      <maxLength value="0"/>
      <mustSupport value="false"/>
      <isModifier value="false"/>
      <isSummary value="false"/>
      <mapping>
        <identity value="rim"/>
        <map value="n/a"/>
      </mapping>
    </element>
    <element id="DiagnosticReport:argoprofile.image.extension">
      <path value="DiagnosticReport.image.extension"/>
      <name value="DiagnosticReport:argoprofile.image.extension"/>
      <short value="Additional Content defined by implementations"/>
      <definition value="May be used to represent additional information that is not part of the basic definition of the element. In order to make the use of extensions safe and manageable, there is a strict set of governance  applied to the definition and use of extensions. Though any implementer is allowed to define an extension, there is a set of requirements that SHALL be met as part of the definition of the extension."/>
      <comments value="There can be no stigma associated with the use of extensions by any application, project, or standard - regardless of the institution or jurisdiction that uses or defines the extensions.  The use of extensions is what allows the FHIR specification to retain a core level of simplicity for everyone."/>
      <alias value="extensions"/>
      <alias value="user content"/>
      <min value="0"/>
      <max value="*"/>
      <base>
        <path value="DiagnosticReport.image.extension"/>
        <min value="0"/>
        <max value="*"/>
      </base>
      <type>
        <code value="Extension"/>
      </type>
      <maxLength value="0"/>
      <mustSupport value="false"/>
      <isModifier value="false"/>
      <isSummary value="false"/>
      <mapping>
        <identity value="rim"/>
        <map value="n/a"/>
      </mapping>
    </element>
    <element id="DiagnosticReport:argoprofile.image.modifierExtension">
      <path value="DiagnosticReport.image.modifierExtension"/>
      <name value="DiagnosticReport:argoprofile.image.modifierExtension"/>
      <short value="Extensions that cannot be ignored"/>
      <definition value="May be used to represent additional information that is not part of the basic definition of the element, and that modifies the understanding of the element that contains it. Usually modifier elements provide negation or qualification. In order to make the use of extensions safe and manageable, there is a strict set of governance applied to the definition and use of extensions. Though any implementer is allowed to define an extension, there is a set of requirements that SHALL be met as part of the definition of the extension. Applications processing a resource are required to check for modifier extensions."/>
      <comments value="There can be no stigma associated with the use of extensions by any application, project, or standard - regardless of the institution or jurisdiction that uses or defines the extensions.  The use of extensions is what allows the FHIR specification to retain a core level of simplicity for everyone."/>
      <alias value="extensions"/>
      <alias value="user content"/>
      <alias value="modifiers"/>
      <min value="0"/>
      <max value="*"/>
      <base>
        <path value="DiagnosticReport.image.modifierExtension"/>
        <min value="0"/>
        <max value="*"/>
      </base>
      <type>
        <code value="Extension"/>
      </type>
      <maxLength value="0"/>
      <mustSupport value="false"/>
      <isModifier value="true"/>
      <isSummary value="false"/>
      <mapping>
        <identity value="rim"/>
        <map value="N/A"/>
      </mapping>
    </element>
    <element id="DiagnosticReport:argoprofile.image.comment">
      <path value="DiagnosticReport.image.comment"/>
      <name value="DiagnosticReport:argoprofile.image.comment"/>
      <short value="Comment about the image (e.g. explanation)"/>
      <definition value="A comment about the image. Typically, this is used to provide an explanation for why the image is included, or to draw the viewer&#39;s attention to important features."/>
      <comments value="The comment should be displayed with the image. It would be common for the report to include additional discussion of the image contents in other sections such as the conclusion."/>
      <requirements value="The provider of the report should make a comment about each image included in the report."/>
      <min value="0"/>
      <max value="1"/>
      <base>
        <path value="DiagnosticReport.image.comment"/>
        <min value="0"/>
        <max value="1"/>
      </base>
      <type>
        <code value="string"/>
      </type>
      <maxLength value="0"/>
      <mustSupport value="false"/>
      <isModifier value="false"/>
      <isSummary value="false"/>
      <mapping>
        <identity value="rim"/>
        <map value=".inboundRelationship[typeCode=COMP].source[classCode=OBS, moodCode=EVN, code=&quot;annotation&quot;].value"/>
      </mapping>
    </element>
    <element id="DiagnosticReport:argoprofile.image.link">
      <path value="DiagnosticReport.image.link"/>
      <name value="DiagnosticReport:argoprofile.image.link"/>
      <short value="Reference to the image source"/>
      <definition value="Reference to the image source."/>
      <min value="1"/>
      <max value="1"/>
      <base>
        <path value="DiagnosticReport.image.link"/>
        <min value="1"/>
        <max value="1"/>
      </base>
      <type>
        <code value="Reference"/>
        <profile value="http://hl7.org/fhir/StructureDefinition/Media"/>
      </type>
      <maxLength value="0"/>
      <mustSupport value="false"/>
      <isModifier value="false"/>
      <isSummary value="true"/>
      <mapping>
        <identity value="rim"/>
        <map value=".value.reference"/>
      </mapping>
    </element>
    <element id="DiagnosticReport:argoprofile.conclusion">
      <path value="DiagnosticReport.conclusion"/>
      <name value="DiagnosticReport:argoprofile.conclusion"/>
      <short value="Clinical Interpretation of test results"/>
      <definition value="Concise and clinically contextualized narrative interpretation of the diagnostic report."/>
      <comments value="Typically, a report is either [all data, no narrative (e.g. Core lab)] or [a mix of data with some concluding narrative (e.g. Structured Pathology Report, Bone Density)], or [all narrative (e.g. typical imaging report, histopathology)]. In all of these cases, the narrative goes in &quot;text&quot;."/>
      <requirements value="Need to be able to provide a conclusion that is not lost among the basic result data."/>
      <alias value="Report"/>
      <min value="0"/>
      <max value="1"/>
      <base>
        <path value="DiagnosticReport.conclusion"/>
        <min value="0"/>
        <max value="1"/>
      </base>
      <type>
        <code value="string"/>
      </type>
      <maxLength value="0"/>
      <mustSupport value="false"/>
      <isModifier value="false"/>
      <isSummary value="false"/>
      <mapping>
        <identity value="v2"/>
        <map value="OBX"/>
      </mapping>
      <mapping>
        <identity value="rim"/>
        <map value="inboundRelationship[typeCode=&quot;SPRT&quot;].source[classCode=OBS, moodCode=EVN, code=LOINC:48767-8].value (type=ST)"/>
      </mapping>
    </element>
    <element id="DiagnosticReport:argoprofile.codedDiagnosis">
      <path value="DiagnosticReport.codedDiagnosis"/>
      <name value="DiagnosticReport:argoprofile.codedDiagnosis"/>
      <short value="Codes for the conclusion"/>
      <definition value="Codes for the conclusion."/>
      <min value="0"/>
      <max value="*"/>
      <base>
        <path value="DiagnosticReport.codedDiagnosis"/>
        <min value="0"/>
        <max value="*"/>
      </base>
      <type>
        <code value="CodeableConcept"/>
      </type>
      <maxLength value="0"/>
      <mustSupport value="false"/>
      <isModifier value="false"/>
      <isSummary value="false"/>
      <binding>
        <strength value="example"/>
        <description value="Diagnoses codes provided as adjuncts to the report."/>
        <valueSetReference>
          <reference value="http://hl7.org/fhir/ValueSet/clinical-findings"/>
        </valueSetReference>
      </binding>
      <mapping>
        <identity value="v2"/>
        <map value="OBX"/>
      </mapping>
      <mapping>
        <identity value="rim"/>
        <map value="inboundRelationship[typeCode=SPRT].source[classCode=OBS, moodCode=EVN, code=LOINC:54531-9].value (type=CD)"/>
      </mapping>
    </element>
    <element id="DiagnosticReport:argoprofile.presentedForm">
      <path value="DiagnosticReport.presentedForm"/>
      <name value="DiagnosticReport:argoprofile.presentedForm"/>
      <short value="Entire report as issued"/>
      <definition value="Rich text representation of the entire result as issued by the diagnostic service. Multiple formats are allowed but they SHALL be semantically equivalent."/>
      <comments value="&quot;application/pdf&quot; is recommended as the most reliable and interoperable in this context."/>
      <requirements value="Gives Laboratory the ability to provide its own fully formatted report for clinical fidelity."/>
      <min value="0"/>
      <max value="*"/>
      <base>
        <path value="DiagnosticReport.presentedForm"/>
        <min value="0"/>
        <max value="*"/>
      </base>
      <type>
        <code value="Attachment"/>
      </type>
      <maxLength value="0"/>
      <mustSupport value="true"/>
      <isModifier value="false"/>
      <isSummary value="false"/>
      <mapping>
        <identity value="v2"/>
        <map value="OBX"/>
      </mapping>
      <mapping>
        <identity value="rim"/>
        <map value="text (type=ED)"/>
      </mapping>
      <mapping>
        <identity value="us-core-(stu3)"/>
        <map value="DiagnosticReport.presentedForm"/>
      </mapping>
    </element>
  </snapshot>
  <differential>
    <element id="DiagnosticReport:argoprofile">
      <path value="DiagnosticReport"/>
      <name value="argoprofile"/>
      <short value="Argonaut DiagnosticReport Profile"/>
      <min value="0"/>
      <type>
        <code value="DiagnosticReport"/>
      </type>
      <maxLength value="0"/>
      <mustSupport value="false"/>
      <isModifier value="false"/>
      <isSummary value="false"/>
      <mapping>
        <identity value="us-core-(stu3)"/>
        <map value="DiagnosticReport"/>
      </mapping>
    </element>
    <element id="DiagnosticReport:argoprofile.status">
      <path value="DiagnosticReport.status"/>
      <name value="DiagnosticReport:argoprofile.status"/>
      <min value="1"/>
      <max value="1"/>
      <type>
        <code value="code"/>
      </type>
      <maxLength value="0"/>
      <mustSupport value="true"/>
      <isModifier value="false"/>
      <isSummary value="false"/>
      <binding>
        <strength value="required"/>
        <valueSetReference>
          <reference value="http://hl7.org/fhir/ValueSet/diagnostic-report-status"/>
        </valueSetReference>
      </binding>
      <mapping>
        <identity value="us-core-(stu3)"/>
        <map value="DiagnosticReport.status"/>
      </mapping>
    </element>
    <element id="DiagnosticReport:argoprofile.category">
      <path value="DiagnosticReport.category"/>
      <name value="DiagnosticReport:argoprofile.category"/>
      <alias value="Department"/>
      <alias value="Sub-department"/>
      <alias value="service"/>
      <alias value="discipline"/>
      <min value="1"/>
      <max value="1"/>
      <type>
        <code value="CodeableConcept"/>
      </type>
      <patternCodeableConcept>
        <coding>
          <system value="http://hl7.org/fhir/ValueSet/diagnostic-service-sections"/>
          <code value="LAB"/>
          <userSelected value="false"/>
        </coding>
      </patternCodeableConcept>
      <maxLength value="0"/>
      <mustSupport value="true"/>
      <isModifier value="false"/>
      <isSummary value="false"/>
      <mapping>
        <identity value="us-core-(stu3)"/>
        <map value="DiagnosticReport.category"/>
      </mapping>
    </element>
    <element id="DiagnosticReport:argoprofile.code">
      <path value="DiagnosticReport.code"/>
      <name value="DiagnosticReport:argoprofile.code"/>
      <comments value="The test, panel or battery that was ordered."/>
      <requirements value="US Realm Laboratory Report Order Code."/>
      <min value="1"/>
      <max value="1"/>
      <type>
        <code value="CodeableConcept"/>
      </type>
      <maxLength value="0"/>
      <mustSupport value="true"/>
      <isModifier value="false"/>
      <isSummary value="false"/>
      <binding>
        <strength value="extensible"/>
        <description value="LOINC codes"/>
        <valueSetReference>
          <reference value="http://hl7.org/fhir/ValueSet/report-codes"/>
        </valueSetReference>
      </binding>
      <mapping>
        <identity value="us-core-(stu3)"/>
        <map value="DiagnosticReport.code"/>
      </mapping>
    </element>
    <element id="DiagnosticReport:argoprofile.subject">
      <path value="DiagnosticReport.subject"/>
      <name value="DiagnosticReport:argoprofile.subject"/>
      <min value="1"/>
      <max value="1"/>
      <type>
        <code value="Reference"/>
        <profile value="http://fhir.org/guides/argonaut/StructureDefinition/argo-patient"/>
      </type>
      <maxLength value="0"/>
      <mustSupport value="true"/>
      <isModifier value="false"/>
      <isSummary value="false"/>
      <mapping>
        <identity value="us-core-(stu3)"/>
        <map value="DiagnosticReport.subject"/>
      </mapping>
    </element>
    <element id="DiagnosticReport:argoprofile.effective[x]">
      <path value="DiagnosticReport.effective[x]"/>
      <name value="DiagnosticReport:argoprofile.effective[x]"/>
      <comments value="This is the Specimen Collection Datetime or Period which is the physically relevent dateTime for laboratory tests."/>
      <requirements value="Specimen Collection Datetime or Period."/>
      <min value="1"/>
      <max value="1"/>
      <type>
        <code value="dateTime"/>
      </type>
      <type>
        <code value="Period"/>
      </type>
      <maxLength value="0"/>
      <mustSupport value="true"/>
      <isModifier value="false"/>
      <isSummary value="false"/>
      <mapping>
        <identity value="us-core-(stu3)"/>
        <map value="DiagnosticReport.effective[x]"/>
      </mapping>
    </element>
    <element id="DiagnosticReport:argoprofile.issued">
      <path value="DiagnosticReport.issued"/>
      <name value="DiagnosticReport:argoprofile.issued"/>
      <min value="1"/>
      <max value="1"/>
      <type>
        <code value="instant"/>
      </type>
      <maxLength value="0"/>
      <mustSupport value="true"/>
      <isModifier value="false"/>
      <isSummary value="false"/>
      <mapping>
        <identity value="us-core-(stu3)"/>
        <map value="DiagnosticReport.issued"/>
      </mapping>
    </element>
    <element id="DiagnosticReport:argoprofile.performer">
      <path value="DiagnosticReport.performer"/>
      <name value="DiagnosticReport:argoprofile.performer"/>
      <min value="1"/>
      <max value="1"/>
      <type>
        <code value="Reference"/>
        <profile value="http://hl7.org/fhir/StructureDefinition/Practitioner"/>
      </type>
      <type>
        <code value="Reference"/>
        <profile value="http://hl7.org/fhir/StructureDefinition/Organization"/>
      </type>
      <maxLength value="0"/>
      <mustSupport value="true"/>
      <isModifier value="false"/>
      <isSummary value="false"/>
      <mapping>
        <identity value="us-core-(stu3)"/>
        <map value="DiagnosticReport.performer"/>
      </mapping>
    </element>
    <element id="DiagnosticReport:argoprofile.result">
      <path value="DiagnosticReport.result"/>
      <name value="DiagnosticReport:argoprofile.result"/>
      <min value="0"/>
      <max value="*"/>
      <type>
        <code value="Reference"/>
        <profile value="http://fhir.org/guides/argonaut/StructureDefinition/argo-observationresults"/>
      </type>
      <maxLength value="0"/>
      <mustSupport value="true"/>
      <isModifier value="false"/>
      <isSummary value="false"/>
      <mapping>
        <identity value="us-core-(stu3)"/>
        <map value="DiagnosticReport.result"/>
      </mapping>
    </element>
    <element id="DiagnosticReport:argoprofile.image">
      <path value="DiagnosticReport.image"/>
      <name value="DiagnosticReport:argoprofile.image"/>
      <min value="0"/>
      <max value="*"/>
      <maxLength value="0"/>
      <mustSupport value="true"/>
      <isModifier value="false"/>
      <isSummary value="false"/>
      <mapping>
        <identity value="us-core-(stu3)"/>
        <map value="DiagnosticReport.presentedForm"/>
      </mapping>
    </element>
    <element id="DiagnosticReport:argoprofile.presentedForm">
      <path value="DiagnosticReport.presentedForm"/>
      <name value="DiagnosticReport:argoprofile.presentedForm"/>
      <min value="0"/>
      <max value="*"/>
      <type>
        <code value="Attachment"/>
      </type>
      <maxLength value="0"/>
      <mustSupport value="true"/>
      <isModifier value="false"/>
      <isSummary value="false"/>
      <mapping>
        <identity value="us-core-(stu3)"/>
        <map value="DiagnosticReport.presentedForm"/>
      </mapping>
    </element>
  </differential>
</StructureDefinition>