{
  "resourceType": "ValueSet",
  "id": "vacc-status",
  "text": {
    "status": "generated"
  },
  "url": "http://fhir.org/guides/argonaut/ValueSet/vacc-status",
  "name": "Argonaut Immunization Status",
  "status": "draft",
  "publisher": "Argonaut Project",
  "contact": [
    {
      "telecom": [
        {
          "system": "other",
          "value": "http://argonautwiki.hl7.org",
          "rank": 0
        }
      ]
    }
  ],
  "date": "2016-10-18T00:00:00+11:00",
  "description": "Immunization codes constrained from the DSTU2 core to include only 'completed' and 'enter-in-error'  which are the only two clinically relevent values.",
  "immutable": false,
  "requirements": "Codes that may be used for implementation of the Argonaut Immunization IG and MU2015 certification.",
  "extensible": false,
  "compose": {
    "include": [
      {
        "system": "http://hl7.org/fhir/medication-admin-status",
        "concept": [
          {
            "code": "completed",
            "display": "Completed",
            "designation": [
              {
                "value": "All actions that are implied by the administration have occurred"
              }
            ]
          },
          {
            "code": "entered-in-error",
            "display": "Entered in Error",
            "designation": [
              {
                "value": "The administration was entered in error and therefore nullified"
              }
            ]
          }
        ]
      }
    ]
  }
}