{
  "resourceType": "ValueSet",
  "id": "languages",
  "text": {
    "status": "generated"
  },
  "url": "http://fhir.org/guides/argonaut/ValueSet/languages",
  "name": "All Languages",
  "status": "draft",
  "experimental": true,
  "publisher": "Argonaut Project",
  "contact": [
    {
      "telecom": [
        {
          "system": "other",
          "value": "http://argonautwiki.hl7.org",
          "rank": 0
        }
      ]
    }
  ],
  "date": "2016-11-02T09:04:05+11:00",
  "description": "This value set includes all possible codes from BCP-47 (http://tools.ietf.org/html/bcp47)",
  "immutable": false,
  "extensible": false,
  "compose": {
    "include": [
      {
        "system": "urn:ietf:bcp:47"
      }
    ]
  }
}