{
  "resourceType" : "Observation",
  "id" : "de-identified-example",
  "meta" : {
    "profile" : ["http://fhir.org/guides/hrsa/uds-plus/StructureDefinition/uds-plus-lab-observation"]
  },
  "status" : "final",
  "category" : [{
    "coding" : [{
      "system" : "http://terminology.hl7.org/CodeSystem/observation-category",
      "code" : "laboratory",
      "display" : "Laboratory"
    }]
  }],
  "code" : {
    "coding" : [{
      "system" : "http://loinc.org",
      "code" : "718-7",
      "display" : "Hemoglobin [Mass/volume] in Blood"
    }]
  },
  "subject" : {
    "reference" : "Patient/de-identified-example"
  },
  "encounter" : {
    "reference" : "Encounter/de-identified-example"
  },
  "effectiveDateTime" : "2005",
  "issued" : "2005-04-03T15:30:10+01:00",
  "performer" : [{
    "reference" : "Practitioner/example"
  }],
  "valueQuantity" : {
    "value" : 17,
    "unit" : "g/dL",
    "system" : "http://unitsofmeasure.org"
  },
  "bodySite" : {
    "coding" : [{
      "system" : "http://snomed.info/sct",
      "code" : "368208006",
      "display" : "Left upper arm structure"
    }]
  }
}