{
  "codeSystems" : [
    {
      "url" : "http://fhir.org/guides/hrsa/uds-plus/ValueSet/uds-plus-birthsex-codes",
      "version" : "1.0.1",
      "status" : "active",
      "name" : "UdsPlusBirthSexCodes",
      "title" : "Uds Plus Birth Sex Codes",
      "description" : "The Uds Plus Birth Sex Codes is a set of codes for identifying the birth sex of Patients.",
      "systems" : [
        "http://terminology.hl7.org/CodeSystem/v3-AdministrativeGender"
      ]
    },
    {
      "url" : "http://fhir.org/guides/hrsa/uds-plus/ValueSet/uds-plus-gender-identity-codes",
      "version" : "1.0.1",
      "status" : "active",
      "name" : "UdsPlusGenderIdentityCodes",
      "title" : "Uds Plus Gender Identity Codes",
      "description" : "The Uds Plus Gender Identity Codes is a 'starter set' of codes for identifying the gender identity of Patients.",
      "systems" : [
        "http://terminology.hl7.org/CodeSystem/v3-NullFlavor",
        "http://snomed.info/sct"
      ]
    },
    {
      "url" : "http://fhir.org/guides/hrsa/uds-plus/ValueSet/uds-plus-insurance-codes",
      "version" : "1.0.1",
      "status" : "draft",
      "name" : "UdsPlusInsuranceCodes",
      "title" : "Uds Plus Insurance Codes",
      "description" : "The Uds Plus Insurance Codes is a 'starter set' of codes for identifying the source of the insurance for Patients.",
      "systems" : [
        "http://fhir.org/guides/hrsa/uds-plus/CodeSystem/uds-plus-insurance-codes"
      ]
    },
    {
      "url" : "http://fhir.org/guides/hrsa/uds-plus/ValueSet/uds-plus-service-delivery-codes",
      "version" : "1.0.1",
      "status" : "active",
      "name" : "UdsPlusServiceDeliveryCodes",
      "title" : "Uds Plus Service Delivery Codes",
      "description" : "The UDS Plus CodeSystem is an 'addition set' of one code to the existing Location Service Delivery Codes value set for UDS+ purposes.",
      "systems" : [
        "http://terminology.hl7.org/ValueSet/v3-ServiceDeliveryLocationRoleType",
        "http://fhir.org/guides/hrsa/uds-plus/CodeSystem/udsplus-service-delivery-codes"
      ]
    },
    {
      "url" : "http://fhir.org/guides/hrsa/uds-plus/ValueSet/uds-plus-sexual-orientation-codes",
      "version" : "1.0.1",
      "status" : "active",
      "name" : "UdsPlusSexualOrientationCodes",
      "title" : "Uds Plus Sexual Orientation Codes",
      "description" : "The Uds Plus Sexual Orientation Codes is a 'starter set' of codes for identifying the sexual orientation of Patients.",
      "systems" : [
        "http://terminology.hl7.org/CodeSystem/v3-NullFlavor",
        "http://hl7.org/fhir/us/core/ValueSet/us-core-sexual-orientation"
      ]
    },
    {
      "url" : "http://fhir.org/guides/hrsa/uds-plus/ValueSet/udsplus-agriculture-worker-status",
      "version" : "1.0.1",
      "status" : "draft",
      "name" : "UdsPlusAgricultureWorkerStatusCodes",
      "title" : "Uds Plus Agriculture Worker Status Codes",
      "description" : "The Uds Plus Agriculture Worker Status Codes is a 'starter set' of codes for specifying agriculture worker status for Patients.",
      "systems" : [
        "http://fhir.org/guides/hrsa/uds-plus/CodeSystem/udsplus-agriculture-worker-status-codes"
      ]
    },
    {
      "url" : "http://fhir.org/guides/hrsa/uds-plus/ValueSet/udsplus-housing-status",
      "version" : "1.0.1",
      "status" : "draft",
      "name" : "UdsPlusHousingStatusCodes",
      "title" : "Uds Plus Housing Status Codes",
      "description" : "The Uds Plus Housing Status Codes is a 'starter set' of codes for identifying the Patient's housing status.",
      "systems" : [
        "http://fhir.org/guides/hrsa/uds-plus/CodeSystem/udsplus-housing-status-codes"
      ]
    }
  ]
}
