{
  "codeSystems" : [
    {
      "url" : "http://cts.nlm.nih.gov/fhir/ValueSet/2.16.840.1.113762.1.4.1021.32",
      "version" : "20220316",
      "status" : "active",
      "name" : "GenderIdentity",
      "title" : "Gender Identity",
      "description" : "Changed 2021-10-27 to grouping to include unknown and refused to answer. Also removed transgender codes.",
      "systems" : [
        "http://terminology.hl7.org/CodeSystem/v3-NullFlavor",
        "http://snomed.info/sct"
      ],
      "oids" : ["2.16.840.1.113762.1.4.1021.32"],
      "sources" : ["2.16.840.1.113762.1.4.1021.32"],
      "uses" : {
      },
      "ValueSet-uds-plus-gender-identity-codes.html" : "Uds Plus Gender Identity Codes"
    },
    {
      "url" : "http://cts.nlm.nih.gov/fhir/ValueSet/2.16.840.1.113762.1.4.1186.8",
      "version" : "20210622",
      "status" : "active",
      "name" : "CommonSubstancesForAllergyAndIntoleranceDocumentationIncludingRefutations",
      "title" : "Common substances for allergy and intolerance documentation including refutations",
      "description" : "As noted in https://jira.hl7.org/browse/FHIR-32953, Drug class value set changed 2021-06-21 to align with C-CDA member value set 2.16.840.1.113762.1.4.1114.14",
      "systems" : [
        "http://www.nlm.nih.gov/research/umls/rxnorm",
        "http://snomed.info/sct"
      ],
      "oids" : ["2.16.840.1.113762.1.4.1186.8"],
      "sources" : ["2.16.840.1.113762.1.4.1186.8"],
      "uses" : {
      },
      "StructureDefinition-uds-plus-allergyintolerance.html" : "De-Identified UDS Plus AllergyIntolerance"
    },
    {
      "url" : "http://fhir.org/guides/hrsa/uds-plus/ValueSet/uds-plus-birthsex-codes",
      "version" : "1.0.1",
      "status" : "active",
      "name" : "UdsPlusBirthSexCodes",
      "title" : "Uds Plus Birth Sex Codes",
      "description" : "The Uds Plus Birth Sex Codes is a set of codes for identifying the birth sex of Patients.",
      "systems" : [
        "http://terminology.hl7.org/CodeSystem/v3-AdministrativeGender"
      ],
      "uses" : {
      },
      "StructureDefinition-uds-plus-birthsex-extension.html" : "UDS Plus Birth Sex Extension"
    },
    {
      "url" : "http://fhir.org/guides/hrsa/uds-plus/ValueSet/uds-plus-gender-identity-codes",
      "version" : "1.0.1",
      "status" : "active",
      "name" : "UdsPlusGenderIdentityCodes",
      "title" : "Uds Plus Gender Identity Codes",
      "description" : "The Uds Plus Gender Identity Codes is a 'starter set' of codes for identifying the gender identity of Patients.",
      "systems" : [
        "http://terminology.hl7.org/CodeSystem/v3-NullFlavor",
        "http://snomed.info/sct"
      ],
      "uses" : {
      },
      "StructureDefinition-uds-plus-gender-identity-extension.html" : "UDS Plus Gender Identity Extension"
    },
    {
      "url" : "http://fhir.org/guides/hrsa/uds-plus/ValueSet/uds-plus-insurance-codes",
      "version" : "1.0.1",
      "status" : "draft",
      "name" : "UdsPlusInsuranceCodes",
      "title" : "Uds Plus Insurance Codes",
      "description" : "The Uds Plus Insurance Codes is a 'starter set' of codes for identifying the source of the insurance for Patients.",
      "systems" : [
        "http://fhir.org/guides/hrsa/uds-plus/CodeSystem/uds-plus-insurance-codes"
      ],
      "uses" : {
      },
      "StructureDefinition-uds-plus-coverage.html" : "DeIdentified UDS Plus Coverage"
    },
    {
      "url" : "http://fhir.org/guides/hrsa/uds-plus/ValueSet/uds-plus-service-delivery-codes",
      "version" : "1.0.1",
      "status" : "active",
      "name" : "UdsPlusServiceDeliveryCodes",
      "title" : "Uds Plus Service Delivery Codes",
      "description" : "The UDS Plus CodeSystem is an 'addition set' of one code to the existing Location Service Delivery Codes value set for UDS+ purposes.",
      "systems" : [
        "http://terminology.hl7.org/ValueSet/v3-ServiceDeliveryLocationRoleType",
        "http://fhir.org/guides/hrsa/uds-plus/CodeSystem/udsplus-service-delivery-codes"
      ],
      "uses" : {
      },
      "StructureDefinition-uds-plus-location.html" : "UDS Plus Location"
    },
    {
      "url" : "http://fhir.org/guides/hrsa/uds-plus/ValueSet/uds-plus-sexual-orientation-codes",
      "version" : "1.0.1",
      "status" : "active",
      "name" : "UdsPlusSexualOrientationCodes",
      "title" : "Uds Plus Sexual Orientation Codes",
      "description" : "The Uds Plus Sexual Orientation Codes is a 'starter set' of codes for identifying the sexual orientation of Patients.",
      "systems" : [
        "http://terminology.hl7.org/CodeSystem/v3-NullFlavor",
        "http://hl7.org/fhir/us/core/ValueSet/us-core-sexual-orientation"
      ],
      "uses" : {
      },
      "StructureDefinition-uds-plus-sexual-orientation-observation.html" : "De-Identified UDS Plus Sexual Orientation"
    },
    {
      "url" : "http://fhir.org/guides/hrsa/uds-plus/ValueSet/udsplus-agriculture-worker-status",
      "version" : "1.0.1",
      "status" : "draft",
      "name" : "UdsPlusAgricultureWorkerStatusCodes",
      "title" : "Uds Plus Agriculture Worker Status Codes",
      "description" : "The Uds Plus Agriculture Worker Status Codes is a 'starter set' of codes for specifying agriculture worker status for Patients.",
      "systems" : [
        "http://fhir.org/guides/hrsa/uds-plus/CodeSystem/udsplus-agriculture-worker-status-codes"
      ],
      "uses" : {
      },
      "StructureDefinition-udsplus-agriculture-worker-status.html" : "UDS Plus Agriculture Worker Status Extension"
    },
    {
      "url" : "http://fhir.org/guides/hrsa/uds-plus/ValueSet/udsplus-housing-status",
      "version" : "1.0.1",
      "status" : "draft",
      "name" : "UdsPlusHousingStatusCodes",
      "title" : "Uds Plus Housing Status Codes",
      "description" : "The Uds Plus Housing Status Codes is a 'starter set' of codes for identifying the Patient's housing status.",
      "systems" : [
        "http://fhir.org/guides/hrsa/uds-plus/CodeSystem/udsplus-housing-status-codes"
      ],
      "uses" : {
      },
      "StructureDefinition-uds-plus-housing-status-extension.html" : "UDS Plus Housing Status Extension"
    },
    {
      "url" : "http://hl7.org/fhir/ValueSet/address-type",
      "version" : "4.0.1",
      "status" : "active",
      "name" : "AddressType",
      "title" : "AddressType",
      "description" : "The type of an address (physical / postal).",
      "systems" : ["http://hl7.org/fhir/address-type"],
      "oids" : ["2.16.840.1.113883.4.642.3.69"],
      "sources" : ["2.16.840.1.113883.4.642.3.69"],
      "uses" : {
      },
      "StructureDefinition-uds-plus-import-manifest.html" : "UDS Plus Import Manifest",
      "StructureDefinition-uds-plus-location.html" : "UDS Plus Location",
      "StructureDefinition-de-identified-uds-plus-patient.html" : "De-Identified UDS Plus Patient"
    },
    {
      "url" : "http://hl7.org/fhir/ValueSet/address-use",
      "version" : "4.0.1",
      "status" : "active",
      "name" : "AddressUse",
      "title" : "AddressUse",
      "description" : "The use of an address.",
      "systems" : ["http://hl7.org/fhir/address-use"],
      "oids" : ["2.16.840.1.113883.4.642.3.67"],
      "sources" : ["2.16.840.1.113883.4.642.3.67"],
      "uses" : {
      },
      "StructureDefinition-uds-plus-import-manifest.html" : "UDS Plus Import Manifest",
      "StructureDefinition-uds-plus-location.html" : "UDS Plus Location",
      "StructureDefinition-de-identified-uds-plus-patient.html" : "De-Identified UDS Plus Patient"
    },
    {
      "url" : "http://hl7.org/fhir/ValueSet/administrative-gender",
      "version" : "4.0.1",
      "status" : "active",
      "name" : "AdministrativeGender",
      "title" : "AdministrativeGender",
      "description" : "The gender of a person used for administrative purposes.",
      "systems" : ["http://hl7.org/fhir/administrative-gender"],
      "oids" : ["2.16.840.1.113883.4.642.3.1"],
      "sources" : ["2.16.840.1.113883.4.642.3.1"],
      "uses" : {
      },
      "StructureDefinition-de-identified-uds-plus-relatedperson.html" : "De-Identified UDS Plus RelatedPerson",
      "StructureDefinition-de-identified-uds-plus-patient.html" : "De-Identified UDS Plus Patient"
    },
    {
      "url" : "http://hl7.org/fhir/ValueSet/adverse-event-actuality",
      "version" : "4.0.1",
      "status" : "draft",
      "name" : "AdverseEventActuality",
      "title" : "AdverseEventActuality",
      "description" : "Overall nature of the adverse event, e.g. real or potential.",
      "systems" : ["http://hl7.org/fhir/adverse-event-actuality"],
      "oids" : ["2.16.840.1.113883.4.642.3.831"],
      "sources" : ["2.16.840.1.113883.4.642.3.831"],
      "uses" : {
      },
      "StructureDefinition-uds-plus-adverseevent.html" : "De-Identified UDS Plus AdverseEvent"
    },
    {
      "url" : "http://hl7.org/fhir/ValueSet/adverse-event-category",
      "version" : "4.0.1",
      "status" : "draft",
      "name" : "AdverseEventCategory",
      "title" : "AdverseEventCategory",
      "description" : "Overall categorization of the event, e.g. product-related or situational.",
      "systems" : [
        "http://terminology.hl7.org/CodeSystem/adverse-event-category"
      ],
      "oids" : ["2.16.840.1.113883.4.642.3.833"],
      "sources" : ["2.16.840.1.113883.4.642.3.833"],
      "uses" : {
      },
      "StructureDefinition-uds-plus-adverseevent.html" : "De-Identified UDS Plus AdverseEvent"
    },
    {
      "url" : "http://hl7.org/fhir/ValueSet/adverse-event-causality-assess",
      "version" : "4.0.1",
      "status" : "draft",
      "name" : "AdverseEventCausalityAssessment",
      "title" : "AdverseEventCausalityAssessment",
      "description" : "Codes for the assessment of whether the entity caused the event.",
      "systems" : [
        "http://terminology.hl7.org/CodeSystem/adverse-event-causality-assess"
      ],
      "oids" : ["2.16.840.1.113883.4.642.3.840"],
      "sources" : ["2.16.840.1.113883.4.642.3.840"],
      "uses" : {
      },
      "StructureDefinition-uds-plus-adverseevent.html" : "De-Identified UDS Plus AdverseEvent"
    },
    {
      "url" : "http://hl7.org/fhir/ValueSet/adverse-event-causality-method",
      "version" : "4.0.1",
      "status" : "draft",
      "name" : "AdverseEventCausalityMethod",
      "title" : "AdverseEventCausalityMethod",
      "description" : "TODO.",
      "systems" : [
        "http://terminology.hl7.org/CodeSystem/adverse-event-causality-method"
      ],
      "oids" : ["2.16.840.1.113883.4.642.3.842"],
      "sources" : ["2.16.840.1.113883.4.642.3.842"],
      "uses" : {
      },
      "StructureDefinition-uds-plus-adverseevent.html" : "De-Identified UDS Plus AdverseEvent"
    },
    {
      "url" : "http://hl7.org/fhir/ValueSet/adverse-event-outcome",
      "version" : "4.0.1",
      "status" : "draft",
      "name" : "AdverseEventOutcome",
      "title" : "AdverseEventOutcome",
      "description" : "TODO (and should this be required?).",
      "systems" : [
        "http://terminology.hl7.org/CodeSystem/adverse-event-outcome"
      ],
      "oids" : ["2.16.840.1.113883.4.642.3.836"],
      "sources" : ["2.16.840.1.113883.4.642.3.836"],
      "uses" : {
      },
      "StructureDefinition-uds-plus-adverseevent.html" : "De-Identified UDS Plus AdverseEvent"
    },
    {
      "url" : "http://hl7.org/fhir/ValueSet/adverse-event-seriousness",
      "version" : "4.0.1",
      "status" : "draft",
      "name" : "AdverseEventSeriousness",
      "title" : "AdverseEventSeriousness",
      "description" : "Overall seriousness of this event for the patient.",
      "systems" : [
        "http://terminology.hl7.org/CodeSystem/adverse-event-seriousness"
      ],
      "oids" : ["2.16.840.1.113883.4.642.3.838"],
      "sources" : ["2.16.840.1.113883.4.642.3.838"],
      "uses" : {
      },
      "StructureDefinition-uds-plus-adverseevent.html" : "De-Identified UDS Plus AdverseEvent"
    },
    {
      "url" : "http://hl7.org/fhir/ValueSet/adverse-event-severity",
      "version" : "4.0.1",
      "status" : "draft",
      "name" : "AdverseEventSeverity",
      "title" : "AdverseEventSeverity",
      "description" : "The severity of the adverse event itself, in direct relation to the subject.",
      "systems" : [
        "http://terminology.hl7.org/CodeSystem/adverse-event-severity"
      ],
      "oids" : ["2.16.840.1.113883.4.642.3.844"],
      "sources" : ["2.16.840.1.113883.4.642.3.844"],
      "uses" : {
      },
      "StructureDefinition-uds-plus-adverseevent.html" : "De-Identified UDS Plus AdverseEvent"
    },
    {
      "url" : "http://hl7.org/fhir/ValueSet/adverse-event-type",
      "version" : "4.0.1",
      "status" : "draft",
      "name" : "SNOMEDCTClinicalFindings",
      "title" : "SNOMED CT Clinical Findings",
      "description" : "This value set includes all SNOMED CT Clinical Findings.",
      "systems" : ["http://snomed.info/sct"],
      "oids" : ["2.16.840.1.113883.4.642.3.835"],
      "sources" : ["2.16.840.1.113883.4.642.3.835"],
      "uses" : {
      },
      "StructureDefinition-uds-plus-adverseevent.html" : "De-Identified UDS Plus AdverseEvent"
    },
    {
      "url" : "http://hl7.org/fhir/ValueSet/allergy-intolerance-category",
      "version" : "4.0.1",
      "status" : "draft",
      "name" : "AllergyIntoleranceCategory",
      "title" : "AllergyIntoleranceCategory",
      "description" : "Category of an identified substance associated with allergies or intolerances.",
      "systems" : ["http://hl7.org/fhir/allergy-intolerance-category"],
      "oids" : ["2.16.840.1.113883.4.642.3.133"],
      "sources" : ["2.16.840.1.113883.4.642.3.133"],
      "uses" : {
      },
      "StructureDefinition-uds-plus-allergyintolerance.html" : "De-Identified UDS Plus AllergyIntolerance"
    },
    {
      "url" : "http://hl7.org/fhir/ValueSet/allergy-intolerance-criticality",
      "version" : "4.0.1",
      "status" : "draft",
      "name" : "AllergyIntoleranceCriticality",
      "title" : "AllergyIntoleranceCriticality",
      "description" : "Estimate of the potential clinical harm, or seriousness, of a reaction to an identified substance.",
      "systems" : ["http://hl7.org/fhir/allergy-intolerance-criticality"],
      "oids" : ["2.16.840.1.113883.4.642.3.129"],
      "sources" : ["2.16.840.1.113883.4.642.3.129"],
      "uses" : {
      },
      "StructureDefinition-uds-plus-allergyintolerance.html" : "De-Identified UDS Plus AllergyIntolerance"
    },
    {
      "url" : "http://hl7.org/fhir/ValueSet/allergy-intolerance-type",
      "version" : "4.0.1",
      "status" : "draft",
      "name" : "AllergyIntoleranceType",
      "title" : "AllergyIntoleranceType",
      "description" : "Identification of the underlying physiological mechanism for a Reaction Risk.",
      "systems" : ["http://hl7.org/fhir/allergy-intolerance-type"],
      "oids" : ["2.16.840.1.113883.4.642.3.131"],
      "sources" : ["2.16.840.1.113883.4.642.3.131"],
      "uses" : {
      },
      "StructureDefinition-uds-plus-allergyintolerance.html" : "De-Identified UDS Plus AllergyIntolerance"
    },
    {
      "url" : "http://hl7.org/fhir/ValueSet/allergyintolerance-clinical",
      "version" : "4.0.1",
      "status" : "draft",
      "name" : "AllergyIntoleranceClinicalStatusCodes",
      "title" : "AllergyIntolerance Clinical Status Codes",
      "description" : "Preferred value set for AllergyIntolerance Clinical Status.",
      "systems" : [
        "http://terminology.hl7.org/CodeSystem/allergyintolerance-clinical"
      ],
      "oids" : ["2.16.840.1.113883.4.642.3.1372"],
      "sources" : ["2.16.840.1.113883.4.642.3.1372"],
      "uses" : {
      },
      "StructureDefinition-uds-plus-allergyintolerance.html" : "De-Identified UDS Plus AllergyIntolerance"
    },
    {
      "url" : "http://hl7.org/fhir/ValueSet/allergyintolerance-verification",
      "version" : "4.0.1",
      "status" : "draft",
      "name" : "AllergyIntoleranceVerificationStatusCodes",
      "title" : "AllergyIntolerance Verification Status Codes",
      "description" : "Preferred value set for AllergyIntolerance Verification Status.",
      "systems" : [
        "http://terminology.hl7.org/CodeSystem/allergyintolerance-verification"
      ],
      "oids" : ["2.16.840.1.113883.4.642.3.1370"],
      "sources" : ["2.16.840.1.113883.4.642.3.1370"],
      "uses" : {
      },
      "StructureDefinition-uds-plus-allergyintolerance.html" : "De-Identified UDS Plus AllergyIntolerance"
    },
    {
      "url" : "http://hl7.org/fhir/ValueSet/body-site",
      "version" : "4.0.1",
      "status" : "draft",
      "name" : "SNOMEDCTBodyStructures",
      "title" : "SNOMED CT Body Structures",
      "description" : "This value set includes all codes from [SNOMED CT](http://snomed.info/sct) where concept is-a 442083009 (Anatomical or acquired body site (body structure)).",
      "systems" : ["http://snomed.info/sct"],
      "oids" : ["2.16.840.1.113883.4.642.3.141"],
      "sources" : ["2.16.840.1.113883.4.642.3.141"],
      "uses" : {
      },
      "StructureDefinition-uds-plus-sexual-orientation-observation.html" : "De-Identified UDS Plus Sexual Orientation",
      "StructureDefinition-uds-plus-lab-observation.html" : "De-Identified UDS Plus Lab Observation",
      "StructureDefinition-de-identified-uds-plus-income-observation.html" : "De-Identified UDS Plus Income",
      "StructureDefinition-uds-plus-servicerequest.html" : "De-Identified UDS Plus ServiceRequest",
      "StructureDefinition-uds-plus-procedure.html" : "De-Identified UDS Plus Procedure",
      "StructureDefinition-uds-plus-clinical-result-observation.html" : "De-Identified UDS Plus Clinical Result Observation",
      "StructureDefinition-uds-plus-diagnosis.html" : "De-Identified UDS Plus Diagnosis"
    },
    {
      "url" : "http://hl7.org/fhir/ValueSet/clinical-findings",
      "version" : "4.0.1",
      "status" : "draft",
      "name" : "SNOMEDCTClinicalFindings",
      "title" : "SNOMED CT Clinical Findings",
      "description" : "This value set includes all the \"Clinical finding\" [SNOMED CT](http://snomed.info/sct) codes - concepts where concept is-a 404684003 (Clinical finding (finding)).",
      "systems" : ["http://snomed.info/sct"],
      "oids" : ["2.16.840.1.113883.4.642.3.232"],
      "sources" : ["2.16.840.1.113883.4.642.3.232"],
      "uses" : {
      },
      "StructureDefinition-uds-plus-allergyintolerance.html" : "De-Identified UDS Plus AllergyIntolerance"
    },
    {
      "url" : "http://hl7.org/fhir/ValueSet/condition-category",
      "version" : "4.0.1",
      "status" : "draft",
      "name" : "ConditionCategoryCodes",
      "title" : "Condition Category Codes",
      "description" : "Preferred value set for Condition Categories.",
      "systems" : ["http://terminology.hl7.org/CodeSystem/condition-category"],
      "oids" : ["2.16.840.1.113883.4.642.3.162"],
      "sources" : ["2.16.840.1.113883.4.642.3.162"],
      "uses" : {
      },
      "StructureDefinition-uds-plus-diagnosis.html" : "De-Identified UDS Plus Diagnosis"
    },
    {
      "url" : "http://hl7.org/fhir/ValueSet/condition-clinical",
      "version" : "4.0.1",
      "status" : "draft",
      "name" : "ConditionClinicalStatusCodes",
      "title" : "Condition Clinical Status Codes",
      "description" : "Preferred value set for Condition Clinical Status.",
      "systems" : ["http://terminology.hl7.org/CodeSystem/condition-clinical"],
      "oids" : ["2.16.840.1.113883.4.642.3.164"],
      "sources" : ["2.16.840.1.113883.4.642.3.164"],
      "uses" : {
      },
      "StructureDefinition-uds-plus-diagnosis.html" : "De-Identified UDS Plus Diagnosis"
    },
    {
      "url" : "http://hl7.org/fhir/ValueSet/condition-code",
      "version" : "4.0.1",
      "status" : "draft",
      "name" : "Condition/Problem/DiagnosisCodes",
      "title" : "Condition/Problem/Diagnosis Codes",
      "description" : "Example value set for Condition/Problem/Diagnosis codes.",
      "systems" : ["http://snomed.info/sct"],
      "oids" : ["2.16.840.1.113883.4.642.3.161"],
      "sources" : ["2.16.840.1.113883.4.642.3.161"],
      "uses" : {
      },
      "StructureDefinition-uds-plus-procedure.html" : "De-Identified UDS Plus Procedure",
      "StructureDefinition-uds-plus-medicationrequest.html" : "De-Identified UDS Plus MedicationRequest",
      "StructureDefinition-uds-plus-medicationstatement.html" : "De-Identified UDS Plus MedicationStatement"
    },
    {
      "url" : "http://hl7.org/fhir/ValueSet/condition-severity",
      "version" : "4.0.1",
      "status" : "draft",
      "name" : "Condition/DiagnosisSeverity",
      "title" : "Condition/Diagnosis Severity",
      "description" : "Preferred value set for Condition/Diagnosis severity grading.",
      "systems" : ["http://snomed.info/sct"],
      "oids" : ["2.16.840.1.113883.4.642.3.168"],
      "sources" : ["2.16.840.1.113883.4.642.3.168"],
      "uses" : {
      },
      "StructureDefinition-uds-plus-diagnosis.html" : "De-Identified UDS Plus Diagnosis"
    },
    {
      "url" : "http://hl7.org/fhir/ValueSet/condition-stage",
      "version" : "4.0.1",
      "status" : "draft",
      "name" : "ConditionStage",
      "title" : "Condition Stage",
      "description" : "Example value set for stages of cancer and other conditions.",
      "systems" : ["http://snomed.info/sct"],
      "oids" : ["2.16.840.1.113883.4.642.3.170"],
      "sources" : ["2.16.840.1.113883.4.642.3.170"],
      "uses" : {
      },
      "StructureDefinition-uds-plus-diagnosis.html" : "De-Identified UDS Plus Diagnosis"
    },
    {
      "url" : "http://hl7.org/fhir/ValueSet/condition-stage-type",
      "version" : "4.0.1",
      "status" : "draft",
      "name" : "ConditionStageType",
      "title" : "Condition Stage Type",
      "description" : "Example value set for the type of stages of cancer and other conditions",
      "systems" : ["http://snomed.info/sct"],
      "oids" : ["2.16.840.1.113883.4.642.3.171"],
      "sources" : ["2.16.840.1.113883.4.642.3.171"],
      "uses" : {
      },
      "StructureDefinition-uds-plus-diagnosis.html" : "De-Identified UDS Plus Diagnosis"
    },
    {
      "url" : "http://hl7.org/fhir/ValueSet/condition-ver-status",
      "version" : "4.0.1",
      "status" : "draft",
      "name" : "ConditionVerificationStatus",
      "title" : "ConditionVerificationStatus",
      "description" : "The verification status to support or decline the clinical status of the condition or diagnosis.",
      "systems" : ["http://terminology.hl7.org/CodeSystem/condition-ver-status"],
      "oids" : ["2.16.840.1.113883.4.642.3.166"],
      "sources" : ["2.16.840.1.113883.4.642.3.166"],
      "uses" : {
      },
      "StructureDefinition-uds-plus-diagnosis.html" : "De-Identified UDS Plus Diagnosis"
    },
    {
      "url" : "http://hl7.org/fhir/ValueSet/contact-point-system",
      "version" : "4.0.1",
      "status" : "active",
      "name" : "ContactPointSystem",
      "title" : "ContactPointSystem",
      "description" : "Telecommunications form for contact point.",
      "systems" : ["http://hl7.org/fhir/contact-point-system"],
      "oids" : ["2.16.840.1.113883.4.642.3.71"],
      "sources" : ["2.16.840.1.113883.4.642.3.71"],
      "uses" : {
      },
      "StructureDefinition-uds-plus-import-manifest.html" : "UDS Plus Import Manifest"
    },
    {
      "url" : "http://hl7.org/fhir/ValueSet/contact-point-use",
      "version" : "4.0.1",
      "status" : "active",
      "name" : "ContactPointUse",
      "title" : "ContactPointUse",
      "description" : "Use of contact point.",
      "systems" : ["http://hl7.org/fhir/contact-point-use"],
      "oids" : ["2.16.840.1.113883.4.642.3.73"],
      "sources" : ["2.16.840.1.113883.4.642.3.73"],
      "uses" : {
      },
      "StructureDefinition-uds-plus-import-manifest.html" : "UDS Plus Import Manifest"
    },
    {
      "url" : "http://hl7.org/fhir/ValueSet/coverage-class",
      "version" : "4.0.1",
      "status" : "draft",
      "name" : "CoverageClassCodes",
      "title" : "Coverage Class Codes",
      "description" : "This value set includes Coverage Class codes.",
      "systems" : ["http://terminology.hl7.org/CodeSystem/coverage-class"],
      "oids" : ["2.16.840.1.113883.4.642.3.1009"],
      "sources" : ["2.16.840.1.113883.4.642.3.1009"],
      "uses" : {
      },
      "StructureDefinition-uds-plus-coverage.html" : "DeIdentified UDS Plus Coverage"
    },
    {
      "url" : "http://hl7.org/fhir/ValueSet/coverage-copay-type",
      "version" : "4.0.1",
      "status" : "draft",
      "name" : "CoverageCopayTypeCodes",
      "title" : "Coverage Copay Type Codes",
      "description" : "This value set includes sample Coverage Copayment Type codes.",
      "systems" : ["http://terminology.hl7.org/CodeSystem/coverage-copay-type"],
      "oids" : ["2.16.840.1.113883.4.642.3.527"],
      "sources" : ["2.16.840.1.113883.4.642.3.527"],
      "uses" : {
      },
      "StructureDefinition-uds-plus-coverage.html" : "DeIdentified UDS Plus Coverage"
    },
    {
      "url" : "http://hl7.org/fhir/ValueSet/coverage-financial-exception",
      "version" : "4.0.1",
      "status" : "draft",
      "name" : "ExampleCoverageFinancialExceptionCodes",
      "title" : "Example Coverage Financial Exception Codes",
      "description" : "This value set includes Example Coverage Financial Exception Codes.",
      "systems" : [
        "http://terminology.hl7.org/CodeSystem/ex-coverage-financial-exception"
      ],
      "oids" : ["2.16.840.1.113883.4.642.3.1328"],
      "sources" : ["2.16.840.1.113883.4.642.3.1328"],
      "uses" : {
      },
      "StructureDefinition-uds-plus-coverage.html" : "DeIdentified UDS Plus Coverage"
    },
    {
      "url" : "http://hl7.org/fhir/ValueSet/data-absent-reason",
      "version" : "4.0.1",
      "status" : "active",
      "name" : "DataAbsentReason",
      "title" : "DataAbsentReason",
      "description" : "Used to specify why the normally expected content of the data element is missing.",
      "systems" : ["http://terminology.hl7.org/CodeSystem/data-absent-reason"],
      "oids" : ["2.16.840.1.113883.4.642.3.5"],
      "sources" : ["2.16.840.1.113883.4.642.3.5"],
      "uses" : {
      },
      "StructureDefinition-uds-plus-sexual-orientation-observation.html" : "De-Identified UDS Plus Sexual Orientation",
      "StructureDefinition-uds-plus-lab-observation.html" : "De-Identified UDS Plus Lab Observation",
      "StructureDefinition-de-identified-uds-plus-income-observation.html" : "De-Identified UDS Plus Income",
      "StructureDefinition-uds-plus-clinical-result-observation.html" : "De-Identified UDS Plus Clinical Result Observation",
      "StructureDefinition-de-identified-uds-plus-patient.html" : "De-Identified UDS Plus Patient"
    },
    {
      "url" : "http://hl7.org/fhir/ValueSet/days-of-week",
      "version" : "4.0.1",
      "status" : "active",
      "name" : "DaysOfWeek",
      "title" : "DaysOfWeek",
      "description" : "The days of the week.",
      "systems" : ["http://hl7.org/fhir/days-of-week"],
      "oids" : ["2.16.840.1.113883.4.642.3.512"],
      "sources" : ["2.16.840.1.113883.4.642.3.512"],
      "uses" : {
      },
      "StructureDefinition-uds-plus-location.html" : "UDS Plus Location"
    },
    {
      "url" : "http://hl7.org/fhir/ValueSet/device-action",
      "version" : "4.0.1",
      "status" : "draft",
      "name" : "ProcedureDeviceActionCodes",
      "title" : "Procedure Device Action Codes",
      "description" : "Example codes indicating the change that happened to the device during the procedure.  Note that these are in no way complete and might not even be appropriate for some uses.",
      "systems" : ["http://snomed.info/sct"],
      "oids" : ["2.16.840.1.113883.4.642.3.425"],
      "sources" : ["2.16.840.1.113883.4.642.3.425"],
      "uses" : {
      },
      "StructureDefinition-uds-plus-procedure.html" : "De-Identified UDS Plus Procedure"
    },
    {
      "url" : "http://hl7.org/fhir/ValueSet/device-kind",
      "version" : "4.0.1",
      "status" : "draft",
      "name" : "FHIRDeviceTypes",
      "title" : "FHIR Device Types",
      "description" : "Codes used to identify medical devices. Includes concepts from SNOMED CT (http://www.snomed.org/) where concept is-a 49062001 (Device)  and is provided as a suggestive example.",
      "systems" : ["http://snomed.info/sct"],
      "oids" : ["2.16.840.1.113883.4.642.3.208"],
      "sources" : ["2.16.840.1.113883.4.642.3.208"],
      "uses" : {
      },
      "StructureDefinition-uds-plus-procedure.html" : "De-Identified UDS Plus Procedure"
    },
    {
      "url" : "http://hl7.org/fhir/ValueSet/diagnosis-role",
      "version" : "4.0.1",
      "status" : "draft",
      "name" : "DiagnosisRole",
      "title" : "DiagnosisRole",
      "description" : "This value set defines a set of codes that can be used to express the role of a diagnosis on the Encounter or EpisodeOfCare record.",
      "systems" : ["http://terminology.hl7.org/CodeSystem/diagnosis-role"],
      "oids" : ["2.16.840.1.113883.4.642.3.49"],
      "sources" : ["2.16.840.1.113883.4.642.3.49"],
      "uses" : {
      },
      "StructureDefinition-uds-plus-encounter.html" : "De-Identified UDS Plus Encounter"
    },
    {
      "url" : "http://hl7.org/fhir/ValueSet/encounter-admit-source",
      "version" : "4.0.1",
      "status" : "draft",
      "name" : "AdmitSource",
      "title" : "Admit source",
      "description" : "This value set defines a set of codes that can be used to indicate from where the patient came in.",
      "systems" : ["http://terminology.hl7.org/CodeSystem/admit-source"],
      "oids" : ["2.16.840.1.113883.4.642.3.257"],
      "sources" : ["2.16.840.1.113883.4.642.3.257"],
      "uses" : {
      },
      "StructureDefinition-uds-plus-encounter.html" : "De-Identified UDS Plus Encounter"
    },
    {
      "url" : "http://hl7.org/fhir/ValueSet/encounter-diet",
      "version" : "4.0.1",
      "status" : "draft",
      "name" : "Diet",
      "title" : "Diet",
      "description" : "This value set defines a set of codes that can be used to indicate dietary preferences or restrictions a patient may have.",
      "systems" : ["http://terminology.hl7.org/CodeSystem/diet"],
      "oids" : ["2.16.840.1.113883.4.642.3.255"],
      "sources" : ["2.16.840.1.113883.4.642.3.255"],
      "uses" : {
      },
      "StructureDefinition-uds-plus-encounter.html" : "De-Identified UDS Plus Encounter"
    },
    {
      "url" : "http://hl7.org/fhir/ValueSet/encounter-location-status",
      "version" : "4.0.1",
      "status" : "draft",
      "name" : "EncounterLocationStatus",
      "title" : "EncounterLocationStatus",
      "description" : "The status of the location.",
      "systems" : ["http://hl7.org/fhir/encounter-location-status"],
      "oids" : ["2.16.840.1.113883.4.642.3.262"],
      "sources" : ["2.16.840.1.113883.4.642.3.262"],
      "uses" : {
      },
      "StructureDefinition-uds-plus-encounter.html" : "De-Identified UDS Plus Encounter"
    },
    {
      "url" : "http://hl7.org/fhir/ValueSet/encounter-participant-type",
      "version" : "4.0.1",
      "status" : "draft",
      "name" : "ParticipantType",
      "title" : "Participant type",
      "description" : "This value set defines a set of codes that can be used to indicate how an individual participates in an encounter.",
      "systems" : [
        "http://terminology.hl7.org/CodeSystem/participant-type",
        "http://terminology.hl7.org/CodeSystem/v3-ParticipationType"
      ],
      "oids" : ["2.16.840.1.113883.4.642.3.250"],
      "sources" : ["2.16.840.1.113883.4.642.3.250"],
      "uses" : {
      },
      "StructureDefinition-uds-plus-encounter.html" : "De-Identified UDS Plus Encounter"
    },
    {
      "url" : "http://hl7.org/fhir/ValueSet/encounter-reason",
      "version" : "4.0.1",
      "status" : "draft",
      "name" : "EncounterReasonCodes",
      "title" : "Encounter Reason Codes",
      "description" : "This examples value set defines the set of codes that can be used to indicate reasons for an encounter.",
      "systems" : ["http://snomed.info/sct"],
      "oids" : ["2.16.840.1.113883.4.642.3.261"],
      "sources" : ["2.16.840.1.113883.4.642.3.261"],
      "uses" : {
      },
      "StructureDefinition-uds-plus-encounter.html" : "De-Identified UDS Plus Encounter"
    },
    {
      "url" : "http://hl7.org/fhir/ValueSet/encounter-special-arrangements",
      "version" : "4.0.1",
      "status" : "draft",
      "name" : "SpecialArrangements",
      "title" : "Special arrangements",
      "description" : "This value set defines a set of codes that can be used to indicate the kinds of special arrangements in place for a patients visit.",
      "systems" : [
        "http://terminology.hl7.org/CodeSystem/encounter-special-arrangements"
      ],
      "oids" : ["2.16.840.1.113883.4.642.3.253"],
      "sources" : ["2.16.840.1.113883.4.642.3.253"],
      "uses" : {
      },
      "StructureDefinition-uds-plus-encounter.html" : "De-Identified UDS Plus Encounter"
    },
    {
      "url" : "http://hl7.org/fhir/ValueSet/encounter-special-courtesy",
      "version" : "4.0.1",
      "status" : "draft",
      "name" : "SpecialCourtesy",
      "title" : "Special courtesy",
      "description" : "This value set defines a set of codes that can be used to indicate special courtesies provided to the patient.",
      "systems" : [
        "http://terminology.hl7.org/CodeSystem/v3-EncounterSpecialCourtesy",
        "http://terminology.hl7.org/CodeSystem/v3-NullFlavor"
      ],
      "oids" : ["2.16.840.1.113883.4.642.3.252"],
      "sources" : ["2.16.840.1.113883.4.642.3.252"],
      "uses" : {
      },
      "StructureDefinition-uds-plus-encounter.html" : "De-Identified UDS Plus Encounter"
    },
    {
      "url" : "http://hl7.org/fhir/ValueSet/encounter-status",
      "version" : "4.0.1",
      "status" : "draft",
      "name" : "EncounterStatus",
      "title" : "EncounterStatus",
      "description" : "Current state of the encounter.",
      "systems" : ["http://hl7.org/fhir/encounter-status"],
      "oids" : ["2.16.840.1.113883.4.642.3.246"],
      "sources" : ["2.16.840.1.113883.4.642.3.246"],
      "uses" : {
      },
      "StructureDefinition-uds-plus-encounter.html" : "De-Identified UDS Plus Encounter"
    },
    {
      "url" : "http://hl7.org/fhir/ValueSet/event-status",
      "version" : "4.0.1",
      "status" : "draft",
      "name" : "EventStatus",
      "title" : "EventStatus",
      "description" : "Codes identifying the lifecycle stage of an event.",
      "systems" : ["http://hl7.org/fhir/event-status"],
      "oids" : ["2.16.840.1.113883.4.642.3.109"],
      "sources" : ["2.16.840.1.113883.4.642.3.109"],
      "uses" : {
      },
      "StructureDefinition-uds-plus-procedure.html" : "De-Identified UDS Plus Procedure"
    },
    {
      "url" : "http://hl7.org/fhir/ValueSet/fm-status",
      "version" : "4.0.1",
      "status" : "draft",
      "name" : "FinancialResourceStatusCodes",
      "title" : "Financial Resource Status Codes",
      "description" : "This value set includes Status codes.",
      "systems" : ["http://hl7.org/fhir/fm-status"],
      "oids" : ["2.16.840.1.113883.4.642.3.592"],
      "sources" : ["2.16.840.1.113883.4.642.3.592"],
      "uses" : {
      },
      "StructureDefinition-uds-plus-coverage.html" : "DeIdentified UDS Plus Coverage"
    },
    {
      "url" : "http://hl7.org/fhir/ValueSet/immunization-function",
      "version" : "4.0.1",
      "status" : "draft",
      "name" : "ImmunizationFunctionCodes",
      "title" : "Immunization Function Codes",
      "description" : "The value set to instantiate this attribute should be drawn from a terminologically robust code system that consists of or contains concepts to support describing the function a practitioner or organization may play in the immunization event. This value set is provided as a suggestive example.",
      "systems" : ["http://terminology.hl7.org/CodeSystem/v2-0443"],
      "oids" : ["2.16.840.1.113883.4.642.3.995"],
      "sources" : ["2.16.840.1.113883.4.642.3.995"],
      "uses" : {
      },
      "StructureDefinition-uds-plus-immunization.html" : "De-Identified UDS Plus Immunization"
    },
    {
      "url" : "http://hl7.org/fhir/ValueSet/immunization-funding-source",
      "version" : "4.0.1",
      "status" : "draft",
      "name" : "ImmunizationFundingSource",
      "title" : "Immunization Funding Source",
      "description" : "The value set to instantiate this attribute should be drawn from a terminologically robust code system that consists of or contains concepts to support describing the source of the vaccine administered. This value set is provided as a suggestive example.",
      "systems" : [
        "http://terminology.hl7.org/CodeSystem/immunization-funding-source"
      ],
      "oids" : ["2.16.840.1.113883.4.642.3.293"],
      "sources" : ["2.16.840.1.113883.4.642.3.293"],
      "uses" : {
      },
      "StructureDefinition-uds-plus-immunization.html" : "De-Identified UDS Plus Immunization"
    },
    {
      "url" : "http://hl7.org/fhir/ValueSet/immunization-origin",
      "version" : "4.0.1",
      "status" : "draft",
      "name" : "ImmunizationOriginCodes",
      "title" : "Immunization Origin Codes",
      "description" : "The value set to instantiate this attribute should be drawn from a terminologically robust code system that consists of or contains concepts to support describing the source of the data when the report of the immunization event is not based on information from the person, entity or organization who administered the vaccine. This value set is provided as a suggestive example.",
      "systems" : ["http://terminology.hl7.org/CodeSystem/immunization-origin"],
      "oids" : ["2.16.840.1.113883.4.642.3.296"],
      "sources" : ["2.16.840.1.113883.4.642.3.296"],
      "uses" : {
      },
      "StructureDefinition-uds-plus-immunization.html" : "De-Identified UDS Plus Immunization"
    },
    {
      "url" : "http://hl7.org/fhir/ValueSet/immunization-program-eligibility",
      "version" : "4.0.1",
      "status" : "draft",
      "name" : "ImmunizationProgramEligibility",
      "title" : "Immunization Program Eligibility",
      "description" : "The value set to instantiate this attribute should be drawn from a terminologically robust code system that consists of or contains concepts to support describing the patient's eligibility for a vaccination program. This value set is provided as a suggestive example.",
      "systems" : [
        "http://terminology.hl7.org/CodeSystem/immunization-program-eligibility"
      ],
      "oids" : ["2.16.840.1.113883.4.642.3.291"],
      "sources" : ["2.16.840.1.113883.4.642.3.291"],
      "uses" : {
      },
      "StructureDefinition-uds-plus-immunization.html" : "De-Identified UDS Plus Immunization"
    },
    {
      "url" : "http://hl7.org/fhir/ValueSet/immunization-reason",
      "version" : "4.0.1",
      "status" : "draft",
      "name" : "ImmunizationReasonCodes",
      "title" : "Immunization Reason Codes",
      "description" : "The value set to instantiate this attribute should be drawn from a terminologically robust code system that consists of or contains concepts to support describing the reason why a dose of vaccine was administered. This value set is provided as a suggestive example.",
      "systems" : ["http://snomed.info/sct"],
      "oids" : ["2.16.840.1.113883.4.642.3.290"],
      "sources" : ["2.16.840.1.113883.4.642.3.290"],
      "uses" : {
      },
      "StructureDefinition-uds-plus-immunization.html" : "De-Identified UDS Plus Immunization"
    },
    {
      "url" : "http://hl7.org/fhir/ValueSet/immunization-route",
      "version" : "4.0.1",
      "status" : "draft",
      "name" : "ImmunizationRouteCodes",
      "title" : "Immunization Route Codes",
      "description" : "The value set to instantiate this attribute should be drawn from a terminologically robust code system that consists of or contains concepts to support describing the administrative routes used during vaccination. This value set is provided as a suggestive example.",
      "systems" : [
        "http://terminology.hl7.org/CodeSystem/v3-RouteOfAdministration"
      ],
      "oids" : ["2.16.840.1.113883.4.642.3.289"],
      "sources" : ["2.16.840.1.113883.4.642.3.289"],
      "uses" : {
      },
      "StructureDefinition-uds-plus-immunization.html" : "De-Identified UDS Plus Immunization"
    },
    {
      "url" : "http://hl7.org/fhir/ValueSet/immunization-site",
      "version" : "4.0.1",
      "status" : "draft",
      "name" : "CodesForImmunizationSiteOfAdministration",
      "title" : "Codes for Immunization Site of Administration",
      "description" : "The value set to instantiate this attribute should be drawn from a terminologically robust code system that consists of or contains concepts to support describing the body site where the vaccination occurred. This value set is provided as a suggestive example.",
      "systems" : ["http://terminology.hl7.org/CodeSystem/v3-ActSite"],
      "oids" : ["2.16.840.1.113883.4.642.3.288"],
      "sources" : ["2.16.840.1.113883.4.642.3.288"],
      "uses" : {
      },
      "StructureDefinition-uds-plus-immunization.html" : "De-Identified UDS Plus Immunization"
    },
    {
      "url" : "http://hl7.org/fhir/ValueSet/immunization-status",
      "version" : "4.0.1",
      "status" : "draft",
      "name" : "ImmunizationStatusCodes",
      "title" : "Immunization Status Codes",
      "description" : "The value set to instantiate this attribute should be drawn from a terminologically robust code system that consists of or contains concepts to support describing the current status of the administered dose of vaccine.",
      "systems" : ["http://hl7.org/fhir/event-status"],
      "oids" : ["2.16.840.1.113883.4.642.3.295"],
      "sources" : ["2.16.840.1.113883.4.642.3.295"],
      "uses" : {
      },
      "StructureDefinition-uds-plus-immunization.html" : "De-Identified UDS Plus Immunization"
    },
    {
      "url" : "http://hl7.org/fhir/ValueSet/immunization-status-reason",
      "version" : "4.0.1",
      "status" : "draft",
      "name" : "ImmunizationStatusReasonCodes",
      "title" : "Immunization Status Reason Codes",
      "description" : "The value set to instantiate this attribute should be drawn from a terminologically robust code system that consists of or contains concepts to support describing the reason why a dose of vaccine was not administered. This value set is provided as a suggestive example.",
      "systems" : [
        "http://terminology.hl7.org/CodeSystem/v3-ActReason",
        "http://snomed.info/sct"
      ],
      "oids" : ["2.16.840.1.113883.4.642.3.992"],
      "sources" : ["2.16.840.1.113883.4.642.3.992"],
      "uses" : {
      },
      "StructureDefinition-uds-plus-immunization.html" : "De-Identified UDS Plus Immunization"
    },
    {
      "url" : "http://hl7.org/fhir/ValueSet/immunization-subpotent-reason",
      "version" : "4.0.1",
      "status" : "draft",
      "name" : "ImmunizationSubpotentReason",
      "title" : "Immunization Subpotent Reason",
      "description" : "The value set to instantiate this attribute should be drawn from a terminologically robust code system that consists of or contains concepts to support describing the reason why a dose is considered to be subpotent. This value set is provided as a suggestive example.",
      "systems" : [
        "http://terminology.hl7.org/CodeSystem/immunization-subpotent-reason"
      ],
      "oids" : ["2.16.840.1.113883.4.642.3.993"],
      "sources" : ["2.16.840.1.113883.4.642.3.993"],
      "uses" : {
      },
      "StructureDefinition-uds-plus-immunization.html" : "De-Identified UDS Plus Immunization"
    },
    {
      "url" : "http://hl7.org/fhir/ValueSet/immunization-target-disease",
      "version" : "4.0.1",
      "status" : "draft",
      "name" : "ImmunizationTargetDiseaseCodes",
      "title" : "Immunization Target Disease Codes",
      "description" : "The value set to instantiate this attribute should be drawn from a terminologically robust code system that consists of or contains concepts to support describing the disease that the dose is being administered against. This value set is provided as a suggestive example and includes the SNOMED CT concepts from the 64572001 (Disease) hierarchy.",
      "systems" : ["http://snomed.info/sct"],
      "oids" : ["2.16.840.1.113883.4.642.3.1047"],
      "sources" : ["2.16.840.1.113883.4.642.3.1047"],
      "uses" : {
      },
      "StructureDefinition-uds-plus-immunization.html" : "De-Identified UDS Plus Immunization"
    },
    {
      "url" : "http://hl7.org/fhir/ValueSet/languages",
      "version" : "4.0.1",
      "status" : "draft",
      "name" : "CommonLanguages",
      "title" : "Common Languages",
      "description" : "This value set includes common codes from BCP-47 (http://tools.ietf.org/html/bcp47)",
      "systems" : ["urn:ietf:bcp:47"],
      "oids" : ["2.16.840.1.113883.4.642.3.20"],
      "sources" : ["2.16.840.1.113883.4.642.3.20"],
      "uses" : {
      },
      "StructureDefinition-uds-plus-adverseevent.html" : "De-Identified UDS Plus AdverseEvent",
      "StructureDefinition-uds-plus-import-manifest.html" : "UDS Plus Import Manifest",
      "StructureDefinition-uds-plus-sexual-orientation-observation.html" : "De-Identified UDS Plus Sexual Orientation",
      "StructureDefinition-uds-plus-lab-observation.html" : "De-Identified UDS Plus Lab Observation",
      "StructureDefinition-de-identified-uds-plus-income-observation.html" : "De-Identified UDS Plus Income",
      "StructureDefinition-uds-plus-clinical-result-observation.html" : "De-Identified UDS Plus Clinical Result Observation",
      "StructureDefinition-uds-plus-medicationrequest.html" : "De-Identified UDS Plus MedicationRequest",
      "StructureDefinition-uds-plus-immunization.html" : "De-Identified UDS Plus Immunization",
      "StructureDefinition-uds-plus-medicationstatement.html" : "De-Identified UDS Plus MedicationStatement",
      "StructureDefinition-uds-plus-allergyintolerance.html" : "De-Identified UDS Plus AllergyIntolerance",
      "StructureDefinition-uds-plus-deidentify-operation-data-urls-parameter.html" : "UDS Plus DeIdentify Data Urls Parameter",
      "StructureDefinition-uds-plus-encounter.html" : "De-Identified UDS Plus Encounter",
      "StructureDefinition-uds-plus-coverage.html" : "DeIdentified UDS Plus Coverage",
      "StructureDefinition-uds-plus-location.html" : "UDS Plus Location",
      "StructureDefinition-uds-plus-patient-reporting-parameters.html" : "UDS Plus Patient Reporting Parameters",
      "StructureDefinition-de-identified-uds-plus-relatedperson.html" : "De-Identified UDS Plus RelatedPerson",
      "StructureDefinition-uds-plus-servicerequest.html" : "De-Identified UDS Plus ServiceRequest",
      "StructureDefinition-uds-plus-procedure.html" : "De-Identified UDS Plus Procedure",
      "StructureDefinition-uds-plus-diagnosis.html" : "De-Identified UDS Plus Diagnosis",
      "StructureDefinition-de-identified-uds-plus-patient.html" : "De-Identified UDS Plus Patient"
    },
    {
      "url" : "http://hl7.org/fhir/ValueSet/link-type",
      "version" : "4.0.1",
      "status" : "active",
      "name" : "LinkType",
      "title" : "LinkType",
      "description" : "The type of link between this patient resource and another patient resource.",
      "systems" : ["http://hl7.org/fhir/link-type"],
      "oids" : ["2.16.840.1.113883.4.642.3.423"],
      "sources" : ["2.16.840.1.113883.4.642.3.423"],
      "uses" : {
      },
      "StructureDefinition-de-identified-uds-plus-patient.html" : "De-Identified UDS Plus Patient"
    },
    {
      "url" : "http://hl7.org/fhir/ValueSet/location-mode",
      "version" : "4.0.1",
      "status" : "draft",
      "name" : "LocationMode",
      "title" : "LocationMode",
      "description" : "Indicates whether a resource instance represents a specific location or a class of locations.",
      "systems" : ["http://hl7.org/fhir/location-mode"],
      "oids" : ["2.16.840.1.113883.4.642.3.330"],
      "sources" : ["2.16.840.1.113883.4.642.3.330"],
      "uses" : {
      },
      "StructureDefinition-uds-plus-location.html" : "UDS Plus Location"
    },
    {
      "url" : "http://hl7.org/fhir/ValueSet/location-physical-type",
      "version" : "4.0.1",
      "status" : "draft",
      "name" : "LocationType",
      "title" : "Location type",
      "description" : "This example value set defines a set of codes that can be used to indicate the physical form of the Location.",
      "systems" : [
        "http://terminology.hl7.org/CodeSystem/location-physical-type"
      ],
      "oids" : ["2.16.840.1.113883.4.642.3.328"],
      "sources" : ["2.16.840.1.113883.4.642.3.328"],
      "uses" : {
      },
      "StructureDefinition-uds-plus-encounter.html" : "De-Identified UDS Plus Encounter",
      "StructureDefinition-uds-plus-location.html" : "UDS Plus Location"
    },
    {
      "url" : "http://hl7.org/fhir/ValueSet/location-status",
      "version" : "4.0.1",
      "status" : "draft",
      "name" : "LocationStatus",
      "title" : "LocationStatus",
      "description" : "Indicates whether the location is still in use.",
      "systems" : ["http://hl7.org/fhir/location-status"],
      "oids" : ["2.16.840.1.113883.4.642.3.332"],
      "sources" : ["2.16.840.1.113883.4.642.3.332"],
      "uses" : {
      },
      "StructureDefinition-uds-plus-location.html" : "UDS Plus Location"
    },
    {
      "url" : "http://hl7.org/fhir/ValueSet/manifestation-or-symptom",
      "version" : "4.0.1",
      "status" : "draft",
      "name" : "ManifestationAndSymptomCodes",
      "title" : "Manifestation and Symptom Codes",
      "description" : "Example value set for Manifestation and Symptom codes.",
      "systems" : ["http://snomed.info/sct"],
      "oids" : ["2.16.840.1.113883.4.642.3.169"],
      "sources" : ["2.16.840.1.113883.4.642.3.169"],
      "uses" : {
      },
      "StructureDefinition-uds-plus-diagnosis.html" : "De-Identified UDS Plus Diagnosis"
    },
    {
      "url" : "http://hl7.org/fhir/ValueSet/marital-status",
      "version" : "4.0.1",
      "status" : "active",
      "name" : "Marital Status Codes",
      "title" : "MaritalStatus",
      "description" : "This value set defines the set of codes that can be used to indicate the marital status of a person.",
      "systems" : [
        "http://terminology.hl7.org/CodeSystem/v3-MaritalStatus",
        "http://terminology.hl7.org/CodeSystem/v3-NullFlavor"
      ],
      "oids" : ["2.16.840.1.113883.4.642.3.29"],
      "sources" : ["2.16.840.1.113883.4.642.3.29"],
      "uses" : {
      },
      "StructureDefinition-de-identified-uds-plus-patient.html" : "De-Identified UDS Plus Patient"
    },
    {
      "url" : "http://hl7.org/fhir/ValueSet/medication-as-needed-reason",
      "version" : "4.0.1",
      "status" : "draft",
      "name" : "SNOMEDCTMedicationAsNeededReasonCodes",
      "title" : "SNOMED CT Medication As Needed Reason Codes",
      "description" : "This value set includes all clinical findings from SNOMED CT - provided as an exemplar value set.",
      "systems" : ["http://snomed.info/sct"],
      "oids" : ["2.16.840.1.113883.4.642.3.96"],
      "sources" : ["2.16.840.1.113883.4.642.3.96"],
      "uses" : {
      },
      "StructureDefinition-uds-plus-servicerequest.html" : "De-Identified UDS Plus ServiceRequest"
    },
    {
      "url" : "http://hl7.org/fhir/ValueSet/medication-codes",
      "version" : "4.0.1",
      "status" : "draft",
      "name" : "SNOMEDCTMedicationCodes",
      "title" : "SNOMED CT Medication Codes",
      "description" : "This value set includes all drug or medicament substance codes and all pharmaceutical/biologic products from SNOMED CT - provided as an exemplar value set.",
      "systems" : ["http://snomed.info/sct"],
      "oids" : ["2.16.840.1.113883.4.642.3.375"],
      "sources" : ["2.16.840.1.113883.4.642.3.375"],
      "uses" : {
      },
      "StructureDefinition-uds-plus-medicationrequest.html" : "De-Identified UDS Plus MedicationRequest",
      "StructureDefinition-uds-plus-medicationstatement.html" : "De-Identified UDS Plus MedicationStatement"
    },
    {
      "url" : "http://hl7.org/fhir/ValueSet/medication-statement-category",
      "version" : "4.0.1",
      "status" : "draft",
      "name" : "Medication usage category codes",
      "title" : "Medication usage category codes",
      "description" : "Medication Status Codes",
      "systems" : [
        "http://terminology.hl7.org/CodeSystem/medication-statement-category"
      ],
      "oids" : ["2.16.840.1.113883.4.642.3.370"],
      "sources" : ["2.16.840.1.113883.4.642.3.370"],
      "uses" : {
      },
      "StructureDefinition-uds-plus-medicationstatement.html" : "De-Identified UDS Plus MedicationStatement"
    },
    {
      "url" : "http://hl7.org/fhir/ValueSet/medication-statement-status",
      "version" : "4.0.1",
      "status" : "draft",
      "name" : "Medication Status Codes",
      "title" : "Medication  status  codes",
      "description" : "Medication Status Codes",
      "systems" : ["http://hl7.org/fhir/CodeSystem/medication-statement-status"],
      "oids" : ["2.16.840.1.113883.4.642.3.367"],
      "sources" : ["2.16.840.1.113883.4.642.3.367"],
      "uses" : {
      },
      "StructureDefinition-uds-plus-medicationstatement.html" : "De-Identified UDS Plus MedicationStatement"
    },
    {
      "url" : "http://hl7.org/fhir/ValueSet/medicationrequest-category",
      "version" : "4.0.1",
      "status" : "draft",
      "name" : "medicationRequest Category Codes",
      "title" : "Medication request  category  codes",
      "description" : "MedicationRequest Category Codes",
      "systems" : [
        "http://terminology.hl7.org/CodeSystem/medicationrequest-category"
      ],
      "oids" : ["2.16.840.1.113883.4.642.3.1322"],
      "sources" : ["2.16.840.1.113883.4.642.3.1322"],
      "uses" : {
      },
      "StructureDefinition-uds-plus-medicationrequest.html" : "De-Identified UDS Plus MedicationRequest"
    },
    {
      "url" : "http://hl7.org/fhir/ValueSet/medicationrequest-course-of-therapy",
      "version" : "4.0.1",
      "status" : "draft",
      "name" : "medicationRequest Course of Therapy Codes",
      "title" : "Medication request  course of  therapy  codes",
      "description" : "MedicationRequest Course of Therapy Codes",
      "systems" : [
        "http://terminology.hl7.org/CodeSystem/medicationrequest-course-of-therapy"
      ],
      "oids" : ["2.16.840.1.113883.4.642.3.1326"],
      "sources" : ["2.16.840.1.113883.4.642.3.1326"],
      "uses" : {
      },
      "StructureDefinition-uds-plus-medicationrequest.html" : "De-Identified UDS Plus MedicationRequest"
    },
    {
      "url" : "http://hl7.org/fhir/ValueSet/medicationrequest-intent",
      "version" : "4.0.1",
      "status" : "draft",
      "name" : "medicationRequest Intent",
      "title" : "Medication request  intent",
      "description" : "MedicationRequest Intent Codes",
      "systems" : ["http://hl7.org/fhir/CodeSystem/medicationrequest-intent"],
      "oids" : ["2.16.840.1.113883.4.642.3.1321"],
      "sources" : ["2.16.840.1.113883.4.642.3.1321"],
      "uses" : {
      },
      "StructureDefinition-uds-plus-medicationrequest.html" : "De-Identified UDS Plus MedicationRequest"
    },
    {
      "url" : "http://hl7.org/fhir/ValueSet/medicationrequest-status",
      "version" : "4.0.1",
      "status" : "draft",
      "name" : "medicationrequest Status",
      "title" : "Medicationrequest  status",
      "description" : "MedicationRequest Status Codes",
      "systems" : ["http://hl7.org/fhir/CodeSystem/medicationrequest-status"],
      "oids" : ["2.16.840.1.113883.4.642.3.1320"],
      "sources" : ["2.16.840.1.113883.4.642.3.1320"],
      "uses" : {
      },
      "StructureDefinition-uds-plus-medicationrequest.html" : "De-Identified UDS Plus MedicationRequest"
    },
    {
      "url" : "http://hl7.org/fhir/ValueSet/medicationrequest-status-reason",
      "version" : "4.0.1",
      "status" : "draft",
      "name" : "medicationRequest Status Reason Codes",
      "title" : "Medication request  status  reason  codes",
      "description" : "MedicationRequest Status Reason Codes",
      "systems" : [
        "http://terminology.hl7.org/CodeSystem/medicationrequest-status-reason"
      ],
      "oids" : ["2.16.840.1.113883.4.642.3.1324"],
      "sources" : ["2.16.840.1.113883.4.642.3.1324"],
      "uses" : {
      },
      "StructureDefinition-uds-plus-medicationrequest.html" : "De-Identified UDS Plus MedicationRequest"
    },
    {
      "url" : "http://hl7.org/fhir/ValueSet/name-use",
      "version" : "4.0.1",
      "status" : "active",
      "name" : "NameUse",
      "title" : "NameUse",
      "description" : "The use of a human name.",
      "systems" : ["http://hl7.org/fhir/name-use"],
      "oids" : ["2.16.840.1.113883.4.642.3.65"],
      "sources" : ["2.16.840.1.113883.4.642.3.65"],
      "uses" : {
      },
      "StructureDefinition-uds-plus-import-manifest.html" : "UDS Plus Import Manifest"
    },
    {
      "url" : "http://hl7.org/fhir/ValueSet/observation-category",
      "version" : "4.0.1",
      "status" : "draft",
      "name" : "ObservationCategoryCodes",
      "title" : "Observation Category Codes",
      "description" : "Observation Category codes.",
      "systems" : ["http://terminology.hl7.org/CodeSystem/observation-category"],
      "oids" : ["2.16.840.1.113883.4.642.3.403"],
      "sources" : ["2.16.840.1.113883.4.642.3.403"],
      "uses" : {
      },
      "StructureDefinition-uds-plus-sexual-orientation-observation.html" : "De-Identified UDS Plus Sexual Orientation",
      "StructureDefinition-uds-plus-lab-observation.html" : "De-Identified UDS Plus Lab Observation",
      "StructureDefinition-de-identified-uds-plus-income-observation.html" : "De-Identified UDS Plus Income"
    },
    {
      "url" : "http://hl7.org/fhir/ValueSet/observation-codes",
      "version" : "4.0.1",
      "status" : "draft",
      "name" : "LOINCCodes",
      "title" : "LOINC Codes",
      "description" : "This value set includes all LOINC codes",
      "systems" : ["http://loinc.org"],
      "oids" : ["2.16.840.1.113883.4.642.3.396"],
      "sources" : ["2.16.840.1.113883.4.642.3.396"],
      "uses" : {
      },
      "StructureDefinition-uds-plus-sexual-orientation-observation.html" : "De-Identified UDS Plus Sexual Orientation",
      "StructureDefinition-de-identified-uds-plus-income-observation.html" : "De-Identified UDS Plus Income",
      "StructureDefinition-uds-plus-clinical-result-observation.html" : "De-Identified UDS Plus Clinical Result Observation"
    },
    {
      "url" : "http://hl7.org/fhir/ValueSet/observation-interpretation",
      "version" : "4.0.1",
      "status" : "active",
      "name" : "ObservationInterpretationCodes",
      "title" : "Observation Interpretation Codes",
      "description" : "A categorical assessment, providing a rough qualitative interpretation of the observation value,    such as “normal”/ “abnormal”,”low” / “high”, “better” / “worse”, “susceptible” / “resistant”, “expected”/ “not expected”.    The value set is intended to be for ANY use where coded representation of an interpretation is needed.   \r\n   \r\n   Notes:\r\n   \r\n   This is being communicated in v2.x in OBX-8 (Observation Interpretation), in v3 in ObservationInterpretation (CWE) in R1 (Representative Realm) and in FHIR in    Observation.interpretation. Historically these values come from the laboratory domain, and these codes are extensively    used. The value set binding is extensible, so codes outside the value set that are needed for interpretation concepts    (i.e. particular meanings) that are not included in the value set can be used, and these new codes may also be added to    the value set and published in a future version.",
      "systems" : [
        "http://terminology.hl7.org/CodeSystem/v3-ObservationInterpretation"
      ],
      "oids" : ["2.16.840.1.113883.4.642.3.399"],
      "sources" : ["2.16.840.1.113883.4.642.3.399"],
      "uses" : {
      },
      "StructureDefinition-uds-plus-sexual-orientation-observation.html" : "De-Identified UDS Plus Sexual Orientation",
      "StructureDefinition-uds-plus-lab-observation.html" : "De-Identified UDS Plus Lab Observation",
      "StructureDefinition-de-identified-uds-plus-income-observation.html" : "De-Identified UDS Plus Income",
      "StructureDefinition-uds-plus-clinical-result-observation.html" : "De-Identified UDS Plus Clinical Result Observation"
    },
    {
      "url" : "http://hl7.org/fhir/ValueSet/observation-methods",
      "version" : "4.0.1",
      "status" : "draft",
      "name" : "ObservationMethods",
      "title" : "Observation Methods",
      "description" : "Observation Method codes from [SNOMED CT](http://snomed.info/sct) where concept is-a 272394005 (Technique (qualifier value)) or is-a 129264002 (Action (qualifier value)) or is-a 386053000 (Evaluation procedure(procedure))",
      "systems" : ["http://snomed.info/sct"],
      "oids" : ["2.16.840.1.113883.4.642.3.395"],
      "sources" : ["2.16.840.1.113883.4.642.3.395"],
      "uses" : {
      },
      "StructureDefinition-uds-plus-sexual-orientation-observation.html" : "De-Identified UDS Plus Sexual Orientation",
      "StructureDefinition-uds-plus-lab-observation.html" : "De-Identified UDS Plus Lab Observation",
      "StructureDefinition-de-identified-uds-plus-income-observation.html" : "De-Identified UDS Plus Income",
      "StructureDefinition-uds-plus-clinical-result-observation.html" : "De-Identified UDS Plus Clinical Result Observation"
    },
    {
      "url" : "http://hl7.org/fhir/ValueSet/observation-status",
      "version" : "4.0.1",
      "status" : "active",
      "name" : "ObservationStatus",
      "title" : "ObservationStatus",
      "description" : "Codes providing the status of an observation.",
      "systems" : ["http://hl7.org/fhir/observation-status"],
      "oids" : ["2.16.840.1.113883.4.642.3.400"],
      "sources" : ["2.16.840.1.113883.4.642.3.400"],
      "uses" : {
      },
      "StructureDefinition-uds-plus-sexual-orientation-observation.html" : "De-Identified UDS Plus Sexual Orientation",
      "StructureDefinition-uds-plus-lab-observation.html" : "De-Identified UDS Plus Lab Observation",
      "StructureDefinition-de-identified-uds-plus-income-observation.html" : "De-Identified UDS Plus Income",
      "StructureDefinition-uds-plus-clinical-result-observation.html" : "De-Identified UDS Plus Clinical Result Observation"
    },
    {
      "url" : "http://hl7.org/fhir/ValueSet/participant-role",
      "version" : "4.0.1",
      "status" : "draft",
      "name" : "ParticipantRoles",
      "title" : "Participant Roles",
      "description" : "Roles of participants that may be included in a care team.  Defined as: Is a Person, Healthcare professional (occupation) or Healthcare related organization (qualifier value).",
      "systems" : ["http://snomed.info/sct"],
      "oids" : ["2.16.840.1.113883.4.642.3.152"],
      "sources" : ["2.16.840.1.113883.4.642.3.152"],
      "uses" : {
      },
      "StructureDefinition-uds-plus-servicerequest.html" : "De-Identified UDS Plus ServiceRequest"
    },
    {
      "url" : "http://hl7.org/fhir/ValueSet/patient-contactrelationship",
      "version" : "4.0.1",
      "status" : "active",
      "name" : "PatientContactRelationship",
      "title" : "Patient Contact Relationship ",
      "description" : "The nature of the relationship between the patient and the contact person.",
      "systems" : ["http://terminology.hl7.org/CodeSystem/v2-0131"],
      "oids" : ["2.16.840.1.113883.4.642.3.1130"],
      "sources" : ["2.16.840.1.113883.4.642.3.1130"],
      "uses" : {
      },
      "StructureDefinition-de-identified-uds-plus-patient.html" : "De-Identified UDS Plus Patient"
    },
    {
      "url" : "http://hl7.org/fhir/ValueSet/performer-role",
      "version" : "4.0.1",
      "status" : "draft",
      "name" : "ProcedurePerformerRoleCodes",
      "title" : "Procedure Performer Role Codes",
      "description" : "This example value set defines the set of codes that can be used to indicate a role of a procedure performer.",
      "systems" : ["http://snomed.info/sct"],
      "oids" : ["2.16.840.1.113883.4.642.3.433"],
      "sources" : ["2.16.840.1.113883.4.642.3.433"],
      "uses" : {
      },
      "StructureDefinition-uds-plus-procedure.html" : "De-Identified UDS Plus Procedure",
      "StructureDefinition-uds-plus-medicationrequest.html" : "De-Identified UDS Plus MedicationRequest"
    },
    {
      "url" : "http://hl7.org/fhir/ValueSet/procedure-category",
      "version" : "4.0.1",
      "status" : "draft",
      "name" : "ProcedureCategoryCodes(SNOMEDCT)",
      "title" : "Procedure Category Codes (SNOMED CT)",
      "description" : "Procedure Category code: A selection of relevant SNOMED CT codes.",
      "systems" : ["http://snomed.info/sct"],
      "oids" : ["2.16.840.1.113883.4.642.3.430"],
      "sources" : ["2.16.840.1.113883.4.642.3.430"],
      "uses" : {
      },
      "StructureDefinition-uds-plus-procedure.html" : "De-Identified UDS Plus Procedure"
    },
    {
      "url" : "http://hl7.org/fhir/ValueSet/procedure-followup",
      "version" : "4.0.1",
      "status" : "draft",
      "name" : "ProcedureFollowUpCodes(SNOMEDCT)",
      "title" : "Procedure Follow up Codes (SNOMED CT)",
      "description" : "Procedure follow up codes: A selection of SNOMED CT codes relevant to procedure follow up.",
      "systems" : ["http://snomed.info/sct"],
      "oids" : ["2.16.840.1.113883.4.642.3.429"],
      "sources" : ["2.16.840.1.113883.4.642.3.429"],
      "uses" : {
      },
      "StructureDefinition-uds-plus-procedure.html" : "De-Identified UDS Plus Procedure"
    },
    {
      "url" : "http://hl7.org/fhir/ValueSet/procedure-not-performed-reason",
      "version" : "4.0.1",
      "status" : "active",
      "name" : "ProcedureNotPerformedReason(SNOMED-CT)",
      "title" : "Procedure Not Performed Reason (SNOMED-CT)",
      "description" : "Situation codes describing the reason that a procedure, which might otherwise be expected, was not performed, or a procedure that was started and was not completed. Consists of SNOMED CT codes, children of procedure contraindicated (183932001), procedure discontinued (416406003), procedure not done (416237000), procedure not indicated (428119001), procedure not offered (416064006), procedure not wanted (416432009), procedure refused (183944003), and procedure stopped (394908001).",
      "systems" : ["http://snomed.info/sct"],
      "oids" : ["2.16.840.1.113883.4.642.3.431"],
      "sources" : ["2.16.840.1.113883.4.642.3.431"],
      "uses" : {
      },
      "StructureDefinition-uds-plus-procedure.html" : "De-Identified UDS Plus Procedure"
    },
    {
      "url" : "http://hl7.org/fhir/ValueSet/procedure-outcome",
      "version" : "4.0.1",
      "status" : "draft",
      "name" : "ProcedureOutcomeCodes(SNOMEDCT)",
      "title" : "Procedure Outcome Codes (SNOMED CT)",
      "description" : "Procedure Outcome code: A selection of relevant SNOMED CT codes.",
      "systems" : ["http://snomed.info/sct"],
      "oids" : ["2.16.840.1.113883.4.642.3.428"],
      "sources" : ["2.16.840.1.113883.4.642.3.428"],
      "uses" : {
      },
      "StructureDefinition-uds-plus-procedure.html" : "De-Identified UDS Plus Procedure"
    },
    {
      "url" : "http://hl7.org/fhir/ValueSet/procedure-reason",
      "version" : "4.0.1",
      "status" : "draft",
      "name" : "ProcedureReasonCodes",
      "title" : "Procedure Reason Codes",
      "description" : "This example value set defines the set of codes that can be used to indicate a reason for a procedure.",
      "systems" : ["http://snomed.info/sct"],
      "oids" : ["2.16.840.1.113883.4.642.3.432"],
      "sources" : ["2.16.840.1.113883.4.642.3.432"],
      "uses" : {
      },
      "StructureDefinition-uds-plus-servicerequest.html" : "De-Identified UDS Plus ServiceRequest",
      "StructureDefinition-uds-plus-procedure.html" : "De-Identified UDS Plus Procedure"
    },
    {
      "url" : "http://hl7.org/fhir/ValueSet/reaction-event-severity",
      "version" : "4.0.1",
      "status" : "draft",
      "name" : "AllergyIntoleranceSeverity",
      "title" : "AllergyIntoleranceSeverity",
      "description" : "Clinical assessment of the severity of a reaction event as a whole, potentially considering multiple different manifestations.",
      "systems" : ["http://hl7.org/fhir/reaction-event-severity"],
      "oids" : ["2.16.840.1.113883.4.642.3.135"],
      "sources" : ["2.16.840.1.113883.4.642.3.135"],
      "uses" : {
      },
      "StructureDefinition-uds-plus-allergyintolerance.html" : "De-Identified UDS Plus AllergyIntolerance"
    },
    {
      "url" : "http://hl7.org/fhir/ValueSet/reason-medication-status-codes",
      "version" : "4.0.1",
      "status" : "draft",
      "name" : "SNOMEDCTDrugTherapyStatusCodes",
      "title" : "SNOMED CT Drug Therapy Status codes ",
      "description" : "This value set includes some taken and not taken reason codes from SNOMED CT - provided as an exemplar",
      "systems" : ["http://snomed.info/sct"],
      "oids" : ["2.16.840.1.113883.4.642.3.369"],
      "sources" : ["2.16.840.1.113883.4.642.3.369"],
      "uses" : {
      },
      "StructureDefinition-uds-plus-medicationstatement.html" : "De-Identified UDS Plus MedicationStatement"
    },
    {
      "url" : "http://hl7.org/fhir/ValueSet/referencerange-appliesto",
      "version" : "4.0.1",
      "status" : "draft",
      "name" : "ObservationReferenceRangeAppliesToCodes",
      "title" : "Observation Reference Range Applies To Codes",
      "description" : "This value set defines a set of codes that can be used to indicate the particular target population the reference range applies to.",
      "systems" : [
        "http://terminology.hl7.org/CodeSystem/v3-Race",
        "http://snomed.info/sct"
      ],
      "oids" : ["2.16.840.1.113883.4.642.3.407"],
      "sources" : ["2.16.840.1.113883.4.642.3.407"],
      "uses" : {
      },
      "StructureDefinition-uds-plus-sexual-orientation-observation.html" : "De-Identified UDS Plus Sexual Orientation",
      "StructureDefinition-uds-plus-lab-observation.html" : "De-Identified UDS Plus Lab Observation",
      "StructureDefinition-de-identified-uds-plus-income-observation.html" : "De-Identified UDS Plus Income",
      "StructureDefinition-uds-plus-clinical-result-observation.html" : "De-Identified UDS Plus Clinical Result Observation"
    },
    {
      "url" : "http://hl7.org/fhir/ValueSet/referencerange-meaning",
      "version" : "4.0.1",
      "status" : "draft",
      "name" : "ObservationReferenceRangeMeaningCodes",
      "title" : "Observation Reference Range Meaning Codes",
      "description" : "This value set defines a set of codes that can be used to indicate the meaning/use of a reference range for a particular target population.",
      "systems" : [
        "http://terminology.hl7.org/CodeSystem/referencerange-meaning"
      ],
      "oids" : ["2.16.840.1.113883.4.642.3.397"],
      "sources" : ["2.16.840.1.113883.4.642.3.397"],
      "uses" : {
      },
      "StructureDefinition-uds-plus-sexual-orientation-observation.html" : "De-Identified UDS Plus Sexual Orientation",
      "StructureDefinition-uds-plus-lab-observation.html" : "De-Identified UDS Plus Lab Observation",
      "StructureDefinition-de-identified-uds-plus-income-observation.html" : "De-Identified UDS Plus Income",
      "StructureDefinition-uds-plus-clinical-result-observation.html" : "De-Identified UDS Plus Clinical Result Observation"
    },
    {
      "url" : "http://hl7.org/fhir/ValueSet/relatedperson-relationshiptype",
      "version" : "4.0.1",
      "status" : "draft",
      "name" : "PatientRelationshipType",
      "title" : "Patient relationship type",
      "description" : "A set of codes that can be used to indicate the relationship between a Patient and a Related Person.",
      "systems" : [
        "http://terminology.hl7.org/CodeSystem/v3-RoleCode",
        "http://terminology.hl7.org/CodeSystem/v2-0131"
      ],
      "oids" : ["2.16.840.1.113883.4.642.3.449"],
      "sources" : ["2.16.840.1.113883.4.642.3.449"],
      "uses" : {
      },
      "StructureDefinition-de-identified-uds-plus-relatedperson.html" : "De-Identified UDS Plus RelatedPerson"
    },
    {
      "url" : "http://hl7.org/fhir/ValueSet/request-intent",
      "version" : "4.0.1",
      "status" : "draft",
      "name" : "RequestIntent",
      "title" : "RequestIntent",
      "description" : "Codes indicating the degree of authority/intentionality associated with a request.",
      "systems" : ["http://hl7.org/fhir/request-intent"],
      "oids" : ["2.16.840.1.113883.4.642.3.113"],
      "sources" : ["2.16.840.1.113883.4.642.3.113"],
      "uses" : {
      },
      "StructureDefinition-uds-plus-servicerequest.html" : "De-Identified UDS Plus ServiceRequest"
    },
    {
      "url" : "http://hl7.org/fhir/ValueSet/request-priority",
      "version" : "4.0.1",
      "status" : "draft",
      "name" : "RequestPriority",
      "title" : "Request priority",
      "description" : "The clinical priority of a diagnostic order.",
      "systems" : ["http://hl7.org/fhir/request-priority"],
      "oids" : ["2.16.840.1.113883.4.642.3.115"],
      "sources" : ["2.16.840.1.113883.4.642.3.115"],
      "uses" : {
      },
      "StructureDefinition-uds-plus-servicerequest.html" : "De-Identified UDS Plus ServiceRequest",
      "StructureDefinition-uds-plus-medicationrequest.html" : "De-Identified UDS Plus MedicationRequest"
    },
    {
      "url" : "http://hl7.org/fhir/ValueSet/request-status",
      "version" : "4.0.1",
      "status" : "draft",
      "name" : "RequestStatus",
      "title" : "RequestStatus",
      "description" : "Codes identifying the lifecycle stage of a request.",
      "systems" : ["http://hl7.org/fhir/request-status"],
      "oids" : ["2.16.840.1.113883.4.642.3.111"],
      "sources" : ["2.16.840.1.113883.4.642.3.111"],
      "uses" : {
      },
      "StructureDefinition-uds-plus-servicerequest.html" : "De-Identified UDS Plus ServiceRequest"
    },
    {
      "url" : "http://hl7.org/fhir/ValueSet/resource-types",
      "version" : "5.0.0",
      "status" : "active",
      "name" : "ResourceType",
      "title" : "Resource Types",
      "description" : "Concrete FHIR Resource Types",
      "systems" : ["http://hl7.org/fhir/fhir-types"],
      "oids" : ["2.16.840.1.113883.4.642.3.27"],
      "sources" : ["2.16.840.1.113883.4.642.3.27"],
      "uses" : {
      },
      "StructureDefinition-uds-plus-adverseevent.html" : "De-Identified UDS Plus AdverseEvent",
      "StructureDefinition-uds-plus-allergyintolerance.html" : "De-Identified UDS Plus AllergyIntolerance",
      "StructureDefinition-uds-plus-encounter.html" : "De-Identified UDS Plus Encounter",
      "StructureDefinition-uds-plus-lab-observation.html" : "De-Identified UDS Plus Lab Observation",
      "StructureDefinition-uds-plus-coverage.html" : "DeIdentified UDS Plus Coverage",
      "StructureDefinition-de-identified-uds-plus-relatedperson.html" : "De-Identified UDS Plus RelatedPerson",
      "StructureDefinition-uds-plus-clinical-result-observation.html" : "De-Identified UDS Plus Clinical Result Observation",
      "StructureDefinition-uds-plus-medicationrequest.html" : "De-Identified UDS Plus MedicationRequest",
      "StructureDefinition-uds-plus-medicationstatement.html" : "De-Identified UDS Plus MedicationStatement",
      "StructureDefinition-uds-plus-diagnosis.html" : "De-Identified UDS Plus Diagnosis"
    },
    {
      "url" : "http://hl7.org/fhir/ValueSet/route-codes",
      "version" : "4.0.1",
      "status" : "draft",
      "name" : "SNOMEDCTRouteCodes",
      "title" : "SNOMED CT Route Codes",
      "description" : "This value set includes all Route codes from SNOMED CT - provided as an exemplar.",
      "systems" : ["http://snomed.info/sct"],
      "oids" : ["2.16.840.1.113883.4.642.3.98"],
      "sources" : ["2.16.840.1.113883.4.642.3.98"],
      "uses" : {
      },
      "StructureDefinition-uds-plus-allergyintolerance.html" : "De-Identified UDS Plus AllergyIntolerance"
    },
    {
      "url" : "http://hl7.org/fhir/ValueSet/service-type",
      "version" : "4.0.1",
      "status" : "draft",
      "name" : "ServiceType",
      "title" : "Service type",
      "description" : "This value set defines an example set of codes of service-types.",
      "systems" : ["http://terminology.hl7.org/CodeSystem/service-type"],
      "oids" : ["2.16.840.1.113883.4.642.3.518"],
      "sources" : ["2.16.840.1.113883.4.642.3.518"],
      "uses" : {
      },
      "StructureDefinition-uds-plus-encounter.html" : "De-Identified UDS Plus Encounter"
    },
    {
      "url" : "http://hl7.org/fhir/ValueSet/servicerequest-category",
      "version" : "4.0.1",
      "status" : "draft",
      "name" : "ServiceRequestCategoryCodes",
      "title" : "Service Request Category Codes",
      "description" : "An example value set of SNOMED CT concepts that can classify a requested service",
      "systems" : ["http://snomed.info/sct"],
      "oids" : ["2.16.840.1.113883.4.642.3.434"],
      "sources" : ["2.16.840.1.113883.4.642.3.434"],
      "uses" : {
      },
      "StructureDefinition-uds-plus-servicerequest.html" : "De-Identified UDS Plus ServiceRequest"
    },
    {
      "url" : "http://hl7.org/fhir/ValueSet/servicerequest-orderdetail",
      "version" : "4.0.1",
      "status" : "draft",
      "name" : "ServiceRequestOrderDetailsCodes",
      "title" : "Service Request Order Details Codes",
      "description" : "An example value set of Codified order entry details concepts.  These concepts only make sense in the context of what is being ordered.  This example is for a patient ventilation order",
      "systems" : ["http://snomed.info/sct"],
      "oids" : ["2.16.840.1.113883.4.642.3.435"],
      "sources" : ["2.16.840.1.113883.4.642.3.435"],
      "uses" : {
      },
      "StructureDefinition-uds-plus-servicerequest.html" : "De-Identified UDS Plus ServiceRequest"
    },
    {
      "url" : "http://hl7.org/fhir/ValueSet/subscriber-relationship",
      "version" : "4.0.1",
      "status" : "draft",
      "name" : "SubscriberRelationshipCodes",
      "title" : "SubscriberPolicyholder Relationship Codes",
      "description" : "This value set includes codes for the relationship between the Subscriber and the Beneficiary (insured/covered party/patient).",
      "systems" : [
        "http://terminology.hl7.org/CodeSystem/subscriber-relationship"
      ],
      "oids" : ["2.16.840.1.113883.4.642.3.1385"],
      "sources" : ["2.16.840.1.113883.4.642.3.1385"],
      "uses" : {
      },
      "StructureDefinition-uds-plus-coverage.html" : "DeIdentified UDS Plus Coverage"
    },
    {
      "url" : "http://hl7.org/fhir/ValueSet/substance-code",
      "version" : "4.0.1",
      "status" : "draft",
      "name" : "SubstanceCode",
      "title" : "Substance Code",
      "description" : "This value set contains concept codes for specific substances. It includes codes from [SNOMED](http://snomed.info/sct) where concept is-a 105590001 (Substance (substance)) and where concept is-a 373873005 (Pharmaceutical / biologic product (product))",
      "systems" : ["http://snomed.info/sct"],
      "oids" : ["2.16.840.1.113883.4.642.3.473"],
      "sources" : ["2.16.840.1.113883.4.642.3.473"],
      "uses" : {
      },
      "StructureDefinition-uds-plus-allergyintolerance.html" : "De-Identified UDS Plus AllergyIntolerance"
    },
    {
      "url" : "http://hl7.org/fhir/ValueSet/vaccine-code",
      "version" : "4.0.1",
      "status" : "active",
      "name" : "VaccineAdministeredValueSet",
      "title" : "Vaccine Administered Value Set",
      "description" : "This identifies the vaccine substance administered - CVX codes.",
      "systems" : ["urn:oid:1.2.36.1.2001.1005.17", "http://hl7.org/fhir/sid/cvx"],
      "oids" : ["2.16.840.1.113883.3.88.12.80.22"],
      "sources" : ["2.16.840.1.113883.3.88.12.80.22"],
      "uses" : {
      },
      "StructureDefinition-uds-plus-immunization.html" : "De-Identified UDS Plus Immunization"
    },
    {
      "url" : "http://hl7.org/fhir/us/core/ValueSet/detailed-ethnicity",
      "version" : "6.1.0",
      "status" : "active",
      "name" : "DetailedEthnicity",
      "title" : "Detailed ethnicity",
      "description" : "The codes for the concepts 'Unknown', 'Asked but no answer', 'other, and the 41 [CDC ethnicity codes](http://www.cdc.gov/phin/resources/vocabulary/index.html) that are grouped under one of the 2 OMB ethnicity category codes.",
      "systems" : [
        "urn:oid:2.16.840.1.113883.6.238",
        "http://terminology.hl7.org/CodeSystem/v3-NullFlavor"
      ],
      "uses" : {
      },
      "StructureDefinition-uds-plus-ethnicity-extension.html" : "UDS Plus Ethnicity Extension"
    },
    {
      "url" : "http://hl7.org/fhir/us/core/ValueSet/detailed-race",
      "version" : "6.1.0",
      "status" : "active",
      "name" : "DetailedRace",
      "title" : "Detailed Race",
      "description" : "The codes for the concepts 'Unknown', 'Asked but no answer', 'other, and the 900+ [CDC Race codes](http://www.cdc.gov/phin/resources/vocabulary/index.html) that are grouped under one of the 5 OMB race category codes.",
      "systems" : [
        "urn:oid:2.16.840.1.113883.6.238",
        "http://terminology.hl7.org/CodeSystem/v3-NullFlavor"
      ],
      "uses" : {
      },
      "StructureDefinition-uds-plus-race-extension.html" : "UDS Plus Race Extension"
    },
    {
      "url" : "http://hl7.org/fhir/us/core/ValueSet/omb-ethnicity-category",
      "version" : "6.1.0",
      "status" : "active",
      "name" : "OmbEthnicityCategories",
      "title" : "OMB Ethnicity Categories",
      "description" : "The codes for the concepts 'Unknown', 'Asked but no answer', and the ethnicity categories - 'Hispanic or Latino' and 'Not Hispanic or Latino' - as defined by the [OMB Standards for Maintaining, Collecting, and Presenting Federal Data on Race and Ethnicity, Statistical Policy Directive No. 15, as revised, October 30, 1997](https://www.govinfo.gov/content/pkg/FR-1997-10-30/pdf/97-28653.pdf).",
      "systems" : [
        "urn:oid:2.16.840.1.113883.6.238",
        "http://terminology.hl7.org/CodeSystem/v3-NullFlavor"
      ],
      "uses" : {
      },
      "StructureDefinition-uds-plus-ethnicity-extension.html" : "UDS Plus Ethnicity Extension"
    },
    {
      "url" : "http://hl7.org/fhir/us/core/ValueSet/omb-race-category",
      "version" : "6.1.0",
      "status" : "active",
      "name" : "OmbRaceCategories",
      "title" : "OMB Race Categories",
      "description" : "The codes for the concepts 'Unknown', 'Asked but Unknown', 'Other Race'* and\nthe codes for the five race categories - 'American Indian' or 'Alaska Native',\n'Asian', 'Black or African American', 'Native Hawaiian or Other Pacific\nIslander', and 'White' - as defined by the [OMB Standards for Maintaining,\nCollecting, and Presenting Federal Data on Race and Ethnicity, Statistical\nPolicy Directive No. 15, as revised, October 30,\n1997](https://www.govinfo.gov/content/pkg/FR-1997-10-30/pdf/97-28653.pdf)\n\n\\* The use of 'Other Race' is discouraged for statistical analysis.",
      "systems" : [
        "urn:oid:2.16.840.1.113883.6.238",
        "http://terminology.hl7.org/CodeSystem/v3-NullFlavor"
      ],
      "oids" : ["2.16.840.1.113883.4.642.2.575"],
      "sources" : ["2.16.840.1.113883.4.642.2.575"],
      "uses" : {
      },
      "StructureDefinition-uds-plus-race-extension.html" : "UDS Plus Race Extension"
    },
    {
      "url" : "http://hl7.org/fhir/us/core/ValueSet/simple-language",
      "version" : "6.1.0",
      "status" : "active",
      "name" : "LanguageCodesWithLanguageAndOptionallyARegionModifier",
      "title" : "Language codes with language and optionally a region modifier",
      "description" : "This value set includes codes from [BCP-47](http://tools.ietf.org/html/bcp47). This value set matches the ONC 2015 Edition LanguageCommunication data element value set within C-CDA to use a 2 character language code if one exists,   and a 3 character code if a 2 character code does not exist. It points back to [RFC 5646](https://tools.ietf.org/html/rfc5646), however only the language codes are required, all other elements are optional.",
      "systems" : ["urn:ietf:bcp:47"],
      "uses" : {
      },
      "StructureDefinition-de-identified-uds-plus-patient.html" : "De-Identified UDS Plus Patient"
    },
    {
      "url" : "http://hl7.org/fhir/us/core/ValueSet/us-core-clinical-result-observation-category",
      "version" : "6.1.0",
      "status" : "active",
      "name" : "USCoreClinicalResultObservationCategory",
      "title" : "US Core Clinical Result Observation Category",
      "description" : "Used to classify the context of clinical result observations.",
      "systems" : ["http://terminology.hl7.org/CodeSystem/observation-category"],
      "uses" : {
      },
      "StructureDefinition-uds-plus-clinical-result-observation.html" : "De-Identified UDS Plus Clinical Result Observation"
    },
    {
      "url" : "http://hl7.org/fhir/us/core/ValueSet/us-core-condition-code",
      "version" : "6.1.0",
      "status" : "active",
      "name" : "USCoreConditionCodes",
      "title" : "US Core Condition Codes",
      "description" : "This describes the problem. Diagnosis/Problem List is broadly defined as a series of brief statements that catalog a patient's medical, nursing, dental, social, preventative and psychiatric events and issues that are relevant to that patient's healthcare (e.g., signs, symptoms, and defined conditions). ICD-10 is appropriate for Diagnosis information, and ICD-9 for historical information.",
      "systems" : [
        "http://hl7.org/fhir/sid/icd-10-cm",
        "http://hl7.org/fhir/sid/icd-9-cm",
        "http://snomed.info/sct"
      ],
      "uses" : {
      },
      "StructureDefinition-uds-plus-diagnosis.html" : "De-Identified UDS Plus Diagnosis"
    },
    {
      "url" : "http://hl7.org/fhir/us/core/ValueSet/us-core-discharge-disposition",
      "version" : "6.1.0",
      "status" : "active",
      "name" : "USCoreDischargeDisposition",
      "title" : "US Core Discharge Disposition",
      "description" : "[National Uniform Billing Committee](http://www.nubc.org/), manual UB-04, UB form locator 17.",
      "systems" : ["http://www.nubc.org/patient-discharge"],
      "uses" : {
      },
      "StructureDefinition-uds-plus-encounter.html" : "De-Identified UDS Plus Encounter"
    },
    {
      "url" : "http://hl7.org/fhir/us/core/ValueSet/us-core-encounter-type",
      "version" : "6.1.0",
      "status" : "active",
      "name" : "USCoreEncounterType",
      "title" : "US Core Encounter Type",
      "description" : "The type of encounter: a specific code indicating type of service provided. This value set includes codes from SNOMED CT decending from the concept 308335008 (Patient encounter procedure (procedure)) and codes from the Current Procedure and Terminology (CPT) found in the following CPT sections:\n- 99201-99499 E/M - 99500-99600 home health (mainly nonphysician, such as newborn care in home) - 99605-99607 medication management - 98966-98968 non physician telephone services\n(subscription to AMA Required)",
      "systems" : ["http://www.ama-assn.org/go/cpt", "http://snomed.info/sct"],
      "uses" : {
      },
      "StructureDefinition-uds-plus-encounter.html" : "De-Identified UDS Plus Encounter"
    },
    {
      "url" : "http://hl7.org/fhir/us/core/ValueSet/us-core-laboratory-test-codes",
      "version" : "6.1.0",
      "status" : "active",
      "name" : "USCoreLaboratoryTestCodes",
      "title" : "US Core Laboratory Test Codes",
      "description" : "Laboratory LOINC codes: From the introduction to August 2022 LOINC Users' guide; \"The current scope of the existing laboratory portion of the LOINC  database includes all observations reported by clinical laboratories, including the specialty areas: chemistry, including therapeutic drug monitoring and toxicology; hematology; serology; blood bank; microbiology; cytology; surgical pathology; and fertility.",
      "systems" : ["http://loinc.org"],
      "uses" : {
      },
      "StructureDefinition-uds-plus-lab-observation.html" : "De-Identified UDS Plus Lab Observation"
    },
    {
      "url" : "http://hl7.org/fhir/us/core/ValueSet/us-core-procedure-code",
      "version" : "6.1.0",
      "status" : "active",
      "name" : "USCoreProcedureCodes",
      "title" : "US Core Procedure Codes",
      "description" : "Concepts from CPT, SNOMED CT, HCPCS Level II Alphanumeric Codes, ICD-10-PCS,CDT and LOINC code systems that can be used to indicate the type of procedure performed.",
      "systems" : [
        "http://www.ada.org/cdt",
        "http://www.ama-assn.org/go/cpt",
        "http://loinc.org",
        "https://www.cms.gov/Medicare/Coding/HCPCSReleaseCodeSets",
        "http://www.cms.gov/Medicare/Coding/ICD10",
        "http://snomed.info/sct"
      ],
      "uses" : {
      },
      "StructureDefinition-uds-plus-servicerequest.html" : "De-Identified UDS Plus ServiceRequest",
      "StructureDefinition-uds-plus-procedure.html" : "De-Identified UDS Plus Procedure"
    },
    {
      "url" : "http://hl7.org/fhir/us/core/ValueSet/us-core-usps-state",
      "version" : "6.1.0",
      "status" : "active",
      "name" : "UspsTwoLetterAlphabeticCodes",
      "title" : "USPS Two Letter Alphabetic Codes",
      "description" : "This value set defines two letter USPS alphabetic codes.",
      "systems" : ["https://www.usps.com/"],
      "oids" : ["2.16.840.1.113883.4.642.3.40"],
      "sources" : ["2.16.840.1.113883.4.642.3.40"],
      "uses" : {
      },
      "StructureDefinition-uds-plus-location.html" : "UDS Plus Location"
    },
    {
      "url" : "http://terminology.hl7.org/ValueSet/v2-0092",
      "version" : "2.0.0",
      "status" : "active",
      "name" : "Hl7VSReAdmissionIndicator",
      "title" : "hl7VS-re-admissionIndicator",
      "description" : "Value Set of codes which are used to specify that a patient is being re-admitted to a healthcare facility from which they were discharged, and indicates the circumstances around such re-admission.",
      "systems" : ["http://terminology.hl7.org/CodeSystem/v2-0092"],
      "oids" : ["2.16.840.1.113883.21.40"],
      "sources" : ["2.16.840.1.113883.21.40"],
      "uses" : {
      },
      "StructureDefinition-uds-plus-encounter.html" : "De-Identified UDS Plus Encounter"
    },
    {
      "url" : "http://terminology.hl7.org/ValueSet/v2-0116",
      "version" : "2.0.0",
      "status" : "active",
      "name" : "Hl7VSBedStatus",
      "title" : "hl7VS-bedStatus",
      "description" : "Value Set of codes that specify the state of a bed in an inpatient setting, and is used to determine if a patient may be assigned to it or not.",
      "systems" : ["http://terminology.hl7.org/CodeSystem/v2-0116"],
      "oids" : ["2.16.840.1.113883.21.51"],
      "sources" : ["2.16.840.1.113883.21.51"],
      "uses" : {
      },
      "StructureDefinition-uds-plus-location.html" : "UDS Plus Location"
    },
    {
      "url" : "http://terminology.hl7.org/ValueSet/v3-ActEncounterCode",
      "version" : "2.0.0",
      "status" : "active",
      "name" : "ActEncounterCode",
      "title" : "ActEncounterCode",
      "description" : "Domain provides codes that qualify the ActEncounterClass (ENC)",
      "systems" : ["http://terminology.hl7.org/CodeSystem/v3-ActCode"],
      "oids" : ["2.16.840.1.113883.1.11.13955"],
      "sources" : ["2.16.840.1.113883.1.11.13955"],
      "uses" : {
      },
      "StructureDefinition-uds-plus-encounter.html" : "De-Identified UDS Plus Encounter"
    },
    {
      "url" : "http://terminology.hl7.org/ValueSet/v3-ActPriority",
      "version" : "2.0.0",
      "status" : "active",
      "name" : "ActPriority",
      "title" : "ActPriority",
      "description" : "A code or set of codes (e.g., for routine, emergency,) specifying the urgency under which the Act happened, can happen, is happening, is intended to happen, or is requested/demanded to happen.\r\n\r\n*Discussion:* This attribute is used in orders to indicate the ordered priority, and in event documentation it indicates the actual priority used to perform the act. In definition mood it indicates the available priorities.",
      "systems" : ["http://terminology.hl7.org/CodeSystem/v3-ActPriority"],
      "oids" : ["2.16.840.1.113883.1.11.16866"],
      "sources" : ["2.16.840.1.113883.1.11.16866"],
      "uses" : {
      },
      "StructureDefinition-uds-plus-encounter.html" : "De-Identified UDS Plus Encounter"
    },
    {
      "url" : "http://terminology.hl7.org/ValueSet/v3-ActSubstanceAdminSubstitutionCode",
      "version" : "2.0.0",
      "status" : "active",
      "name" : "ActSubstanceAdminSubstitutionCode",
      "title" : "ActSubstanceAdminSubstitutionCode",
      "description" : "***No description***",
      "systems" : [
        "http://terminology.hl7.org/CodeSystem/v3-substanceAdminSubstitution"
      ],
      "oids" : ["2.16.840.1.113883.1.11.16621"],
      "sources" : ["2.16.840.1.113883.1.11.16621"],
      "uses" : {
      },
      "StructureDefinition-uds-plus-medicationrequest.html" : "De-Identified UDS Plus MedicationRequest"
    },
    {
      "url" : "http://terminology.hl7.org/ValueSet/v3-ServiceDeliveryLocationRoleType",
      "version" : "2.0.0",
      "status" : "active",
      "name" : "ServiceDeliveryLocationRoleType",
      "title" : "ServiceDeliveryLocationRoleType",
      "description" : "A role of a place that further classifies the setting (e.g., accident site, road side, work site, community location) in which services are delivered.",
      "systems" : ["http://terminology.hl7.org/CodeSystem/v3-RoleCode"],
      "oids" : ["2.16.840.1.113883.1.11.17660"],
      "sources" : ["2.16.840.1.113883.1.11.17660"],
      "uses" : {
      },
      "StructureDefinition-uds-plus-servicerequest.html" : "De-Identified UDS Plus ServiceRequest"
    },
    {
      "url" : "http://terminology.hl7.org/ValueSet/v3-SubstanceAdminSubstitutionReason",
      "version" : "2.0.0",
      "status" : "active",
      "name" : "SubstanceAdminSubstitutionReason",
      "title" : "SubstanceAdminSubstitutionReason",
      "description" : "***No description***",
      "systems" : ["http://terminology.hl7.org/CodeSystem/v3-ActReason"],
      "oids" : ["2.16.840.1.113883.1.11.19377"],
      "sources" : ["2.16.840.1.113883.1.11.19377"],
      "uses" : {
      },
      "StructureDefinition-uds-plus-medicationrequest.html" : "De-Identified UDS Plus MedicationRequest"
    }
  ]
}
