{
  "resourceType" : "ValueSet",
  "id" : "f177ede0-52df-43ac-90bb-08b54770d355-114",
  "url" : "http://hl7.org/fhir/comparison/ValueSet/f177ede0-52df-43ac-90bb-08b54770d355-114",
  "name" : "IntersectionUdsPlusInsuranceCodesAndUdsPlusInsuranceCodes",
  "title" : "Intersection of Uds Plus Insurance Codes And Uds Plus Insurance Codes",
  "status" : "active",
  "date" : "2025-03-28T22:49:24+11:00",
  "jurisdiction" : [{
    "coding" : [{
      "system" : "http://unstats.un.org/unsd/methods/m49/m49.htm",
      "code" : "001"
    }]
  }]
}