﻿{
  "openapi": "3.0.2",
  "info": {
    "title": "Argonaut Argo Questionnaire Provider Ehr CapabilityStatement",
    "description": "This section outlines conformance requirements for the Argonaut Questionnaire Provider EHR.  It may be responsible for retrieving, rendering and displaying both static and adaptive Questionnaires and QuestionnairesResponses.  The Argonaut Questionnaire Profile,  Argonaut QuestionnaireResponse Profile and Argonaut Adaptive QuestionnaireResponse Profiles and all the interactions outlined in this guide are the RESTful artifacts and interactions that it supports.   Note that the Argonaut Profiles identify the structural constraints, terminology bindings and invariants and the individual Argonaut SearchParameter resources define the definitions, comparators, modifiers and usage constraints.",
    "license": {
      "url": "http://spdx.org/licenses/CC0-1.0.html"
    },
    "version": "1.0.0",
    "contact": {
      "name": "The Argonaut Project"
    }
  },
  "externalDocs": {
    "url": "http://fhir.org/guides/argonaut/questionnaire/CapabilityStatement/argo-questionnaire-provider-ehr",
    "description": "FHIR CapabilityStatement"
  },
  "components": {
    "parameters": {
      "summary": {
        "summary": {
          "name": "_summary",
          "in": "query",
          "description": "Requests the server to return a designated subset of the resource",
          "allowEmptyValue": true,
          "style": "matrix",
          "schema": {
            "type": "string",
            "enum": [
              "true",
              "text",
              "data",
              "count",
              "false"
            ]
          }
        }
      },
      "format": {
        "format": {
          "name": "_format",
          "in": "query",
          "description": "Specify alternative response formats by their MIME-types (when a client is unable acccess accept: header)",
          "allowEmptyValue": true,
          "style": "matrix",
          "schema": {
            "type": "string",
            "format": "mime-type"
          }
        }
      },
      "pretty": {
        "pretty": {
          "name": "_pretty",
          "in": "query",
          "description": "Ask for a pretty printed response for human convenience",
          "allowEmptyValue": true,
          "style": "matrix",
          "schema": {
            "type": "boolean"
          }
        }
      },
      "elements": {
        "elements": {
          "name": "_elements",
          "in": "query",
          "description": "Requests the server to return a collection of elements from the resource",
          "allowEmptyValue": true,
          "style": "matrix",
          "explode": false,
          "schema": {
            "type": "array",
            "format": "string"
          }
        }
      }
    }
  }
}