<?xml version="1.0" encoding="UTF-8"?>

<CapabilityStatement xmlns="http://hl7.org/fhir">
  <id value="argo-questionnaire-provider-ehr"/>
  <text>
    <status value="generated"/><div xmlns="http://www.w3.org/1999/xhtml"><h2 id="title">Argonaut Argo Questionnaire Provider Ehr CapabilityStatement</h2><p>This section outlines conformance requirements for the Argonaut Questionnaire Provider EHR.  It may be responsible for retrieving, rendering and displaying both static and adaptive Questionnaires and QuestionnairesResponses.  The Argonaut Questionnaire Profile,  Argonaut QuestionnaireResponse Profile and Argonaut Adaptive QuestionnaireResponse Profiles and all the interactions outlined in this guide are the RESTful artifacts and interactions that it supports.   Note that the Argonaut Profiles identify the structural constraints, terminology bindings and invariants and the individual Argonaut SearchParameter resources define the definitions, comparators, modifiers and usage constraints.</p><ul><li>FHIR Version: 3.0.1</li><li>Supported formats: xml, json</li><li>Published: 2019-02-26</li><li>Published by: The Argonaut Project</li></ul><h3 id="behavior">FHIR RESTful Capabilities</h3><p>The Argonaut Questionnaire Provider EHR <strong>SHOULD</strong></p><ol><li>Implement the RESTful behavior according to the FHIR specification as described in the FHIR specification for <a href="http://hl7.org/fhir/STU3/http.html">FHIR RESTful API</a>.</li><li>Support the 'next-question' operation for filling out adaptive questionnaires</li><li>Support json resource formats for all Argonaut Questionnaire interactions.</li></ol><p>The Argonaut Questionnaire Provider EHR <strong>MAY</strong>:</p><ol><li><p>Declare a CapabilityStatement identifying the list of profiles, operations, search parameter is supported.</p></li><li><p>Support xml resource formats for all Argonaut questionnaire interactions.</p></li></ol><p id="security"><strong>Security:</strong></p><p>For general security consideration refer to the <a href="https://argonautproject.github.io/questionnaire/index.html#security-and-privacy-considerations">Security and Privacy Considerations</a>.</p><h3 class="no_toc" id="resource--details">RESTful Capabilities by Resource/Profile:</h3><p><strong>Summary of Operations</strong></p><li><strong>SHOULD</strong> support the	<a href="http://fhir.org/guides/argonaut/questionnaire/OperationDefinition/next-question"><code>$next-question</code></a> operation.</li><p><strong>Summary of Search Criteria</strong></p><table class="grid"><thead><tr><th>Resource Type</th><th>Supported Profiles</th><th>Supported Searches</th><th>Supported Includes</th></tr></thead><tbody><tr><td><a href="#questionnaire">Questionnaire</a></td><td><p><a href="http://fhir.org/guides/argonaut/questionnaire/StructureDefinition/argo-questionnaire">Argonaut Questionnaire Profile</a></p></td><td>
							
							_id, 
							url, 
							status, 
							title, 
							publisher, 
							version, 
							context-type-value, context-type-value+publisher, context-type-value+publisher+status, context-type-value+status, publisher+status, publisher+status+version, publisher+version, status+title, status+title+version, status+version, title+version
						</td><td>
							
						</td></tr><tr><td><a href="#questionnaireresponse">QuestionnaireResponse</a></td><td><p><a href="http://fhir.org/guides/argonaut/questionnaire/StructureDefinition/argo-questionnaireresponse">Argonaut QuestionnaireResponse Profile</a>, <a href="http://fhir.org/guides/argonaut/questionnaire/StructureDefinition/argo-adap-questionnaireresponse">Argonaut Adaptive QuestionnaireResponse Profile</a></p></td><td>
							
							_id, 
							questionnaire, 
							patient, 
							context, 
							status, 
							author, 
							source, author+patient, author+patient+status, author+status, context+patient, context+patient+status, context+status, patient+source, patient+source+status, patient+status, questionnaire+status, source+status
						</td><td>
							QuestionnaireResponse:questionnaire
						</td></tr></tbody></table><br></br><h4 class="no_toc" id="questionnaire">Questionnaire</h4><p>Supported Profiles:
			<p><a href="http://fhir.org/guides/argonaut/questionnaire/StructureDefinition/argo-questionnaire">Argonaut Questionnaire Profile</a></p>

				</p><ul><li>Provider EHR <em>SHOULD</em> be capable of supporting  the<a href="http://fhir.org/guides/argonaut/questionnaire/StructureDefinition/argo-questionnaire-valueset"> Argonaut Questionnaire ValueSet Profile</a> as a contained resource with the Argonaut Questionnaire Profile.</li></ul><p>Profile Interaction Summary:</p><ul><li><strong>SHOULD</strong> support 
																							<code>search-type</code>, 
																							<code>read</code>, 
																							<code>vread</code>, 
																							<code>history-instance</code>.</li><li><strong>MAY</strong> support 
																							<code>history-type</code>.</li></ul><p>Fetch and Search Criteria:</p><ul><li>
					A server <strong>SHOULD</strong> be capable of returning a Questionnaire resource using:
					<br></br>
						<code class="highlighter-rouge">GET [base]/Questionnaire/[id]</code>
				</li><br></br></ul><p>Search Parameter Summary:</p><table class="grid"><thead><tr><th>Conformance</th><th>Parameter</th><th>Type</th><th>Example</th></tr></thead><tbody><tr><td><strong>SHOULD</strong></td><td><a href="http://hl7.org/fhir/SearchParameter/Resource-id">_id</a></td><td>
							token
						</td><td><code class="highlighter-rouge">GET [base]/Questionnaire?_id=[id]</code></td></tr><tr><td><strong>SHOULD</strong></td><td><a href="http://hl7.org/fhir/SearchParameter/Questionnaire-url">url</a></td><td>
							uri
						</td><td><code class="highlighter-rouge">GET [base]/Questionnaire?url=[uri]</code></td></tr><tr><td><strong>SHOULD</strong></td><td><a href="http://fhir.org/guides/argonaut/questionnaire/SearchParameter/Questionnaire-status">status</a></td><td>
							token
						</td><td><code class="highlighter-rouge">GET [base]/Questionnaire?status=[status]</code></td></tr><tr><td><strong>SHOULD</strong></td><td><a href="http://fhir.org/guides/argonaut/questionnaire/SearchParameter/Questionnaire-title">title</a></td><td>
							string
						</td><td><code class="highlighter-rouge">GET [base]/Questionnaire?title=[title]</code></td></tr><tr><td><strong>SHOULD</strong></td><td><a href="http://fhir.org/guides/argonaut/questionnaire/SearchParameter/Questionnaire-publisher">publisher</a></td><td>
							string
						</td><td><code class="highlighter-rouge">GET [base]/Questionnaire?publisher=[publisher]</code></td></tr><tr><td><strong>SHOULD</strong></td><td><a href="http://fhir.org/guides/argonaut/questionnaire/SearchParameter/Questionnaire-version">version</a></td><td>
							token
						</td><td><code class="highlighter-rouge">GET [base]/Questionnaire?version=[system]|[code]</code></td></tr><tr><td><strong>SHOULD</strong></td><td><a href="http://fhir.org/guides/argonaut/questionnaire/SearchParameter/Questionnaire-context-type-value">context-type-value</a></td><td>
							composite
						</td><td><code class="highlighter-rouge">GET [base]/Questionnaire?context-type-value=[code]&amp;[value]</code></td></tr></tbody></table><p>Search Parameter Combination Summary:</p><table class="grid"><thead><tr><th>Conformance</th><th>Parameter Combination</th><th>Example</th></tr></thead><tbody><tr><td><strong>SHOULD</strong></td><td>context-type-value+publisher
						</td><td><code class="highlighter-rouge">GET [base]/Questionnaire?context-type-value=[code]&amp;[value]&amp;publisher=[publisher]</code></td></tr><tr><td><strong>SHOULD</strong></td><td>context-type-value+publisher+status
						</td><td><code class="highlighter-rouge">GET [base]/Questionnaire?context-type-value=[code]&amp;[value]&amp;publisher=[publisher]&amp;status=[status]</code></td></tr><tr><td><strong>SHOULD</strong></td><td>context-type-value+status
						</td><td><code class="highlighter-rouge">GET [base]/Questionnaire?context-type-value=[code]&amp;[value]&amp;status=[status]</code></td></tr><tr><td><strong>SHOULD</strong></td><td>publisher+status
						</td><td><code class="highlighter-rouge">GET [base]/Questionnaire?publisher=[publisher]&amp;status=[status]</code></td></tr><tr><td><strong>SHOULD</strong></td><td>publisher+status+version
						</td><td><code class="highlighter-rouge">GET [base]/Questionnaire?publisher=[publisher]&amp;status=[status]&amp;version=[system]|[code]</code></td></tr><tr><td><strong>SHOULD</strong></td><td>publisher+version
						</td><td><code class="highlighter-rouge">GET [base]/Questionnaire?publisher=[publisher]&amp;version=[system]|[code]</code></td></tr><tr><td><strong>SHOULD</strong></td><td>status+title
						</td><td><code class="highlighter-rouge">GET [base]/Questionnaire?status=[status]&amp;title=[title]</code></td></tr><tr><td><strong>SHOULD</strong></td><td>status+title+version
						</td><td><code class="highlighter-rouge">GET [base]/Questionnaire?status=[status]&amp;title=[title]&amp;version=[system]|[code]</code></td></tr><tr><td><strong>SHOULD</strong></td><td>status+version
						</td><td><code class="highlighter-rouge">GET [base]/Questionnaire?status=[status]&amp;version=[system]|[code]</code></td></tr><tr><td><strong>SHOULD</strong></td><td>title+version
						</td><td><code class="highlighter-rouge">GET [base]/Questionnaire?title=[title]&amp;version=[system]|[code]</code></td></tr></tbody></table><h4 class="no_toc" id="questionnaireresponse">QuestionnaireResponse</h4><p>Supported Profiles:
			<p><a href="http://fhir.org/guides/argonaut/questionnaire/StructureDefinition/argo-questionnaireresponse">Argonaut QuestionnaireResponse Profile</a>, <a href="http://fhir.org/guides/argonaut/questionnaire/StructureDefinition/argo-adap-questionnaireresponse">Argonaut Adaptive QuestionnaireResponse Profile</a></p>

				</p><ul><li>Provider EHR <em>SHOULD</em> be capable of supporting  the<a href="http://fhir.org/guides/argonaut/questionnaire/StructureDefinition/argo-questionnaire"> Argonaut Questionnaire Profile</a> as a contained resource with the Argonaut Adaptive QuestionnaireResponse Profile.</li><li>Provider EHR <em>SHOULD</em> be capable of supporting  the<a href="http://fhir.org/guides/argonaut/questionnaire/StructureDefinition/argo-questionnaire-valueset"> Argonaut Questionnaire ValueSet Profile</a> as a contained resource with the Argonaut Questionnaire Profile.</li></ul><p>Profile Interaction Summary:</p><ul><li><strong>SHOULD</strong> support 
																							<code>create</code>, 
																							<code>search-type</code>, 
																							<code>read</code>, 
																							<code>vread</code>, 
																							<code>update</code>, 
																							<code>history-instance</code>.</li><li><strong>MAY</strong> support 
																							<code>patch</code>, 
																							<code>delete</code>, 
																							<code>history-type</code>.</li></ul><p>Fetch and Search Criteria:</p><ul><li>
					A server <strong>SHOULD</strong> be capable of returning a QuestionnaireResponse resource using:
					<br></br>
						<code class="highlighter-rouge">GET [base]/QuestionnaireResponse/[id]</code>
				</li><br></br><li>
					A server <strong>SHOULD</strong> be capable of supporting the returning the following _includes:
					<br></br>
					
						QuestionnaireResponse:questionnaire - <code class="highlighter-rouge">GET [base]/QuestionnaireResponse?[parameter=value]&amp;_include=QuestionnaireResponse:questionnaire</code>
					
				</li><br></br></ul><p>Search Parameter Summary:</p><table class="grid"><thead><tr><th>Conformance</th><th>Parameter</th><th>Type</th><th>Example</th></tr></thead><tbody><tr><td><strong>SHOULD</strong></td><td><a href="http://hl7.org/fhir/SearchParameter/Resource-id">_id</a></td><td>
							token
						</td><td><code class="highlighter-rouge">GET [base]/QuestionnaireResponse?_id=[id]</code></td></tr><tr><td><strong>SHOULD</strong></td><td><a href="http://fhir.org/guides/argonaut/questionnaire/SearchParameter/QuestionnaireResponse-questionnaire">questionnaire</a></td><td>
							reference
						</td><td><code class="highlighter-rouge">GET [base]/QuestionnaireResponse?questionnaire=[questionnaire]</code></td></tr><tr><td><strong>SHOULD</strong></td><td><a href="http://fhir.org/guides/argonaut/questionnaire/SearchParameter/QuestionnaireResponse-patient">patient</a></td><td>
							reference
						</td><td><code class="highlighter-rouge">GET [base]/QuestionnaireResponse?patient=[patient]</code></td></tr><tr><td><strong>SHOULD</strong></td><td><a href="http://fhir.org/guides/argonaut/questionnaire/SearchParameter/QuestionnaireResponse-context">context</a></td><td>
							reference
						</td><td><code class="highlighter-rouge">GET [base]/QuestionnaireResponse?context=[context]</code></td></tr><tr><td><strong>SHOULD</strong></td><td><a href="http://fhir.org/guides/argonaut/questionnaire/SearchParameter/QuestionnaireResponse-status">status</a></td><td>
							token
						</td><td><code class="highlighter-rouge">GET [base]/QuestionnaireResponse?status=[status]</code></td></tr><tr><td><strong>SHOULD</strong></td><td><a href="http://fhir.org/guides/argonaut/questionnaire/SearchParameter/QuestionnaireResponse-author">author</a></td><td>
							reference
						</td><td><code class="highlighter-rouge">GET [base]/QuestionnaireResponse?author=[author]</code></td></tr><tr><td><strong>SHOULD</strong></td><td><a href="http://fhir.org/guides/argonaut/questionnaire/SearchParameter/QuestionnaireResponse-source">source</a></td><td>
							reference
						</td><td><code class="highlighter-rouge">GET [base]/QuestionnaireResponse?source=[source]</code></td></tr></tbody></table><p>Search Parameter Combination Summary:</p><table class="grid"><thead><tr><th>Conformance</th><th>Parameter Combination</th><th>Example</th></tr></thead><tbody><tr><td><strong>SHOULD</strong></td><td>author+patient
						</td><td><code class="highlighter-rouge">GET [base]/QuestionnaireResponse?author=[author]&amp;patient=[patient]</code></td></tr><tr><td><strong>SHOULD</strong></td><td>author+patient+status
						</td><td><code class="highlighter-rouge">GET [base]/QuestionnaireResponse?author=[author]&amp;patient=[patient]&amp;status=[status]</code></td></tr><tr><td><strong>SHOULD</strong></td><td>author+status
						</td><td><code class="highlighter-rouge">GET [base]/QuestionnaireResponse?author=[author]&amp;status=[status]</code></td></tr><tr><td><strong>SHOULD</strong></td><td>context+patient
						</td><td><code class="highlighter-rouge">GET [base]/QuestionnaireResponse?context=[context]&amp;patient=[patient]</code></td></tr><tr><td><strong>SHOULD</strong></td><td>context+patient+status
						</td><td><code class="highlighter-rouge">GET [base]/QuestionnaireResponse?context=[context]&amp;patient=[patient]&amp;status=[status]</code></td></tr><tr><td><strong>SHOULD</strong></td><td>context+status
						</td><td><code class="highlighter-rouge">GET [base]/QuestionnaireResponse?context=[context]&amp;status=[status]</code></td></tr><tr><td><strong>SHOULD</strong></td><td>patient+source
						</td><td><code class="highlighter-rouge">GET [base]/QuestionnaireResponse?patient=[patient]&amp;source=[source]</code></td></tr><tr><td><strong>SHOULD</strong></td><td>patient+source+status
						</td><td><code class="highlighter-rouge">GET [base]/QuestionnaireResponse?patient=[patient]&amp;source=[source]&amp;status=[status]</code></td></tr><tr><td><strong>SHOULD</strong></td><td>patient+status
						</td><td><code class="highlighter-rouge">GET [base]/QuestionnaireResponse?patient=[patient]&amp;status=[status]</code></td></tr><tr><td><strong>SHOULD</strong></td><td>questionnaire+status
						</td><td><code class="highlighter-rouge">GET [base]/QuestionnaireResponse?questionnaire=[questionnaire]&amp;status=[status]</code></td></tr><tr><td><strong>SHOULD</strong></td><td>source+status
						</td><td><code class="highlighter-rouge">GET [base]/QuestionnaireResponse?source=[source]&amp;status=[status]</code></td></tr></tbody></table><br></br></div>
  </text>
  <url value="http://fhir.org/guides/argonaut/questionnaire/CapabilityStatement/argo-questionnaire-provider-ehr"/>
  <version value="0.0.0"/>
  <name value="argo_questionnaire_provider_ehr"/>
  <title value="Argonaut Argo Questionnaire Provider Ehr CapabilityStatement"/>
  <status value="active"/>
  <experimental value="false"/>
  <date value="2019-02-26"/>
  <publisher value="The Argonaut Project"/>
  <contact>
    <telecom>
      <system value="url"/>
      <value value="https://github.com/argonautproject/questionnaire/issues"/>
    </telecom>
  </contact>
  <description value="This section outlines conformance requirements for the Argonaut Questionnaire Provider EHR.  It may be responsible for retrieving, rendering and displaying both static and adaptive Questionnaires and QuestionnairesResponses.  The Argonaut Questionnaire Profile,  Argonaut QuestionnaireResponse Profile and Argonaut Adaptive QuestionnaireResponse Profiles and all the interactions outlined in this guide are the RESTful artifacts and interactions that it supports.   Note that the Argonaut Profiles identify the structural constraints, terminology bindings and invariants and the individual Argonaut SearchParameter resources define the definitions, comparators, modifiers and usage constraints."/>
  <jurisdiction>
    <coding>
      <system value="urn:iso:std:iso:3166"/>
      <code value="US"/>
    </coding>
  </jurisdiction>
  <kind value="requirements"/>
  <fhirVersion value="3.0.1"/>
  <acceptUnknown value="both"/>
  <format value="xml"/>
  <format value="json"/>
  <patchFormat value="application/json-patch+json"/>
  <implementationGuide value="http://fhir.org/guides/argonaut/questionnaire/ImplementationGuide/fhir.argonaut.questionnaire-1.0.0"/>
  <implementationGuide value="http://hl7.org/fhir/us/core/STU2/ImplementationGuide/us-core-ig"/>
  <profile>
    <extension url="http://hl7.org/fhir/StructureDefinition/capabilitystatement-expectation">
      <valueCode value="SHOULD"/>
    </extension>
    <reference value="http://fhir.org/guides/argonaut/questionnaire/StructureDefinition/argo-questionnaire-valueset"/>
    <display value="Argonaut Questionnaire Contained ValueSet Profile"/>
  </profile>
  <profile>
    <extension url="http://hl7.org/fhir/StructureDefinition/capabilitystatement-expectation">
      <valueCode value="SHOULD"/>
    </extension>
    <reference value="http://fhir.org/guides/argonaut/questionnaire/StructureDefinition/argo-questionnaire"/>
    <display value="Argonaut Questionnaire Profile"/>
  </profile>
  <profile>
    <extension url="http://hl7.org/fhir/StructureDefinition/capabilitystatement-expectation">
      <valueCode value="SHOULD"/>
    </extension>
    <reference value="http://fhir.org/guides/argonaut/questionnaire/StructureDefinition/argo-questionnaireresponse"/>
    <display value="Argonaut QuestionnaireResponse Profile"/>
  </profile>
  <profile>
    <extension url="http://hl7.org/fhir/StructureDefinition/capabilitystatement-expectation">
      <valueCode value="SHOULD"/>
    </extension>
    <reference value="http://fhir.org/guides/argonaut/questionnaire/StructureDefinition/argo-adap-questionnaireresponse"/>
    <display value="Argonaut Adaptive QuestionnaireResponse Profile"/>
  </profile>
  <rest>
    <mode value="client"/>
    <documentation value="The Argonaut Questionnaire Provider EHR **SHOULD**&#xA;&#xA;1. Implement the RESTful behavior according to the FHIR specification as described in the FHIR specification for [FHIR RESTful API](http://hl7.org/fhir/STU3/http.html).&#xA;1. Support the &#39;next-question&#39; operation for filling out adaptive questionnaires&#xA;1. Support json resource formats for all Argonaut Questionnaire interactions.&#xA;&#xA;The Argonaut Questionnaire Provider EHR **MAY**:&#xA;&#xA;1. Declare a CapabilityStatement identifying the list of profiles, operations, search parameter is supported.&#xA;&#xA;1. Support xml resource formats for all Argonaut questionnaire interactions."/>
    <security>
      <description value="For general security consideration refer to the [Security and Privacy Considerations](https://argonautproject.github.io/questionnaire/index.html#security-and-privacy-considerations)."/>
    </security>
    <resource>
      <extension url="http://hl7.org/fhir/StructureDefinition/capabilitystatement-expectation">
        <valueCode value="SHOULD"/>
      </extension>
      <extension url="http://hl7.org/fhir/StructureDefinition/capabilitystatement-search-parameter-combination">
        <extension url="http://hl7.org/fhir/StructureDefinition/capabilitystatement-expectation">
          <valueCode value="SHOULD"/>
        </extension>
        <extension url="required">
          <valueString value="context-type-value"/>
        </extension>
        <extension url="required">
          <valueString value="publisher"/>
        </extension>
      </extension>
      <extension url="http://hl7.org/fhir/StructureDefinition/capabilitystatement-search-parameter-combination">
        <extension url="http://hl7.org/fhir/StructureDefinition/capabilitystatement-expectation">
          <valueCode value="SHOULD"/>
        </extension>
        <extension url="required">
          <valueString value="context-type-value"/>
        </extension>
        <extension url="required">
          <valueString value="publisher"/>
        </extension>
        <extension url="required">
          <valueString value="status"/>
        </extension>
      </extension>
      <extension url="http://hl7.org/fhir/StructureDefinition/capabilitystatement-search-parameter-combination">
        <extension url="http://hl7.org/fhir/StructureDefinition/capabilitystatement-expectation">
          <valueCode value="SHOULD"/>
        </extension>
        <extension url="required">
          <valueString value="context-type-value"/>
        </extension>
        <extension url="required">
          <valueString value="status"/>
        </extension>
      </extension>
      <extension url="http://hl7.org/fhir/StructureDefinition/capabilitystatement-search-parameter-combination">
        <extension url="http://hl7.org/fhir/StructureDefinition/capabilitystatement-expectation">
          <valueCode value="SHOULD"/>
        </extension>
        <extension url="required">
          <valueString value="publisher"/>
        </extension>
        <extension url="required">
          <valueString value="status"/>
        </extension>
      </extension>
      <extension url="http://hl7.org/fhir/StructureDefinition/capabilitystatement-search-parameter-combination">
        <extension url="http://hl7.org/fhir/StructureDefinition/capabilitystatement-expectation">
          <valueCode value="SHOULD"/>
        </extension>
        <extension url="required">
          <valueString value="publisher"/>
        </extension>
        <extension url="required">
          <valueString value="status"/>
        </extension>
        <extension url="required">
          <valueString value="version"/>
        </extension>
      </extension>
      <extension url="http://hl7.org/fhir/StructureDefinition/capabilitystatement-search-parameter-combination">
        <extension url="http://hl7.org/fhir/StructureDefinition/capabilitystatement-expectation">
          <valueCode value="SHOULD"/>
        </extension>
        <extension url="required">
          <valueString value="publisher"/>
        </extension>
        <extension url="required">
          <valueString value="version"/>
        </extension>
      </extension>
      <extension url="http://hl7.org/fhir/StructureDefinition/capabilitystatement-search-parameter-combination">
        <extension url="http://hl7.org/fhir/StructureDefinition/capabilitystatement-expectation">
          <valueCode value="SHOULD"/>
        </extension>
        <extension url="required">
          <valueString value="status"/>
        </extension>
        <extension url="required">
          <valueString value="title"/>
        </extension>
      </extension>
      <extension url="http://hl7.org/fhir/StructureDefinition/capabilitystatement-search-parameter-combination">
        <extension url="http://hl7.org/fhir/StructureDefinition/capabilitystatement-expectation">
          <valueCode value="SHOULD"/>
        </extension>
        <extension url="required">
          <valueString value="status"/>
        </extension>
        <extension url="required">
          <valueString value="title"/>
        </extension>
        <extension url="required">
          <valueString value="version"/>
        </extension>
      </extension>
      <extension url="http://hl7.org/fhir/StructureDefinition/capabilitystatement-search-parameter-combination">
        <extension url="http://hl7.org/fhir/StructureDefinition/capabilitystatement-expectation">
          <valueCode value="SHOULD"/>
        </extension>
        <extension url="required">
          <valueString value="status"/>
        </extension>
        <extension url="required">
          <valueString value="version"/>
        </extension>
      </extension>
      <extension url="http://hl7.org/fhir/StructureDefinition/capabilitystatement-search-parameter-combination">
        <extension url="http://hl7.org/fhir/StructureDefinition/capabilitystatement-expectation">
          <valueCode value="SHOULD"/>
        </extension>
        <extension url="required">
          <valueString value="title"/>
        </extension>
        <extension url="required">
          <valueString value="version"/>
        </extension>
      </extension>
      <type value="Questionnaire"/>
      <documentation value="-  Provider EHR *SHOULD* be capable of supporting  the[ Argonaut Questionnaire ValueSet Profile](http://fhir.org/guides/argonaut/questionnaire/StructureDefinition/argo-questionnaire-valueset) as a contained resource with the Argonaut Questionnaire Profile."/>
      <interaction>
        <extension url="http://hl7.org/fhir/StructureDefinition/capabilitystatement-expectation">
          <valueCode value="SHOULD"/>
        </extension>
        <code value="search-type"/>
      </interaction>
      <interaction>
        <extension url="http://hl7.org/fhir/StructureDefinition/capabilitystatement-expectation">
          <valueCode value="SHOULD"/>
        </extension>
        <code value="read"/>
      </interaction>
      <interaction>
        <extension url="http://hl7.org/fhir/StructureDefinition/capabilitystatement-expectation">
          <valueCode value="SHOULD"/>
        </extension>
        <code value="vread"/>
      </interaction>
      <interaction>
        <extension url="http://hl7.org/fhir/StructureDefinition/capabilitystatement-expectation">
          <valueCode value="SHOULD"/>
        </extension>
        <code value="history-instance"/>
      </interaction>
      <interaction>
        <extension url="http://hl7.org/fhir/StructureDefinition/capabilitystatement-expectation">
          <valueCode value="MAY"/>
        </extension>
        <code value="history-type"/>
      </interaction>
      <readHistory value="false"/>
      <updateCreate value="false"/>
      <searchParam>
        <extension url="http://hl7.org/fhir/StructureDefinition/capabilitystatement-expectation">
          <valueCode value="SHOULD"/>
        </extension>
        <name value="_id"/>
        <definition value="http://hl7.org/fhir/SearchParameter/Resource-id"/>
        <type value="token"/>
      </searchParam>
      <searchParam>
        <extension url="http://hl7.org/fhir/StructureDefinition/capabilitystatement-expectation">
          <valueCode value="SHOULD"/>
        </extension>
        <name value="url"/>
        <definition value="http://hl7.org/fhir/SearchParameter/Questionnaire-url"/>
        <type value="uri"/>
      </searchParam>
      <searchParam>
        <extension url="http://hl7.org/fhir/StructureDefinition/capabilitystatement-expectation">
          <valueCode value="SHOULD"/>
        </extension>
        <name value="status"/>
        <definition value="http://fhir.org/guides/argonaut/questionnaire/SearchParameter/Questionnaire-status"/>
        <type value="token"/>
      </searchParam>
      <searchParam>
        <extension url="http://hl7.org/fhir/StructureDefinition/capabilitystatement-expectation">
          <valueCode value="SHOULD"/>
        </extension>
        <name value="title"/>
        <definition value="http://fhir.org/guides/argonaut/questionnaire/SearchParameter/Questionnaire-title"/>
        <type value="string"/>
      </searchParam>
      <searchParam>
        <extension url="http://hl7.org/fhir/StructureDefinition/capabilitystatement-expectation">
          <valueCode value="SHOULD"/>
        </extension>
        <name value="publisher"/>
        <definition value="http://fhir.org/guides/argonaut/questionnaire/SearchParameter/Questionnaire-publisher"/>
        <type value="string"/>
      </searchParam>
      <searchParam>
        <extension url="http://hl7.org/fhir/StructureDefinition/capabilitystatement-expectation">
          <valueCode value="SHOULD"/>
        </extension>
        <name value="version"/>
        <definition value="http://fhir.org/guides/argonaut/questionnaire/SearchParameter/Questionnaire-version"/>
        <type value="token"/>
      </searchParam>
      <searchParam>
        <extension url="http://hl7.org/fhir/StructureDefinition/capabilitystatement-expectation">
          <valueCode value="SHOULD"/>
        </extension>
        <name value="context-type-value"/>
        <definition value="http://fhir.org/guides/argonaut/questionnaire/SearchParameter/Questionnaire-context-type-value"/>
        <type value="composite"/>
      </searchParam>
    </resource>
    <resource>
      <extension url="http://hl7.org/fhir/StructureDefinition/capabilitystatement-expectation">
        <valueCode value="SHOULD"/>
      </extension>
      <extension url="http://hl7.org/fhir/StructureDefinition/capabilitystatement-search-parameter-combination">
        <extension url="http://hl7.org/fhir/StructureDefinition/capabilitystatement-expectation">
          <valueCode value="SHOULD"/>
        </extension>
        <extension url="required">
          <valueString value="author"/>
        </extension>
        <extension url="required">
          <valueString value="patient"/>
        </extension>
      </extension>
      <extension url="http://hl7.org/fhir/StructureDefinition/capabilitystatement-search-parameter-combination">
        <extension url="http://hl7.org/fhir/StructureDefinition/capabilitystatement-expectation">
          <valueCode value="SHOULD"/>
        </extension>
        <extension url="required">
          <valueString value="author"/>
        </extension>
        <extension url="required">
          <valueString value="patient"/>
        </extension>
        <extension url="required">
          <valueString value="status"/>
        </extension>
      </extension>
      <extension url="http://hl7.org/fhir/StructureDefinition/capabilitystatement-search-parameter-combination">
        <extension url="http://hl7.org/fhir/StructureDefinition/capabilitystatement-expectation">
          <valueCode value="SHOULD"/>
        </extension>
        <extension url="required">
          <valueString value="author"/>
        </extension>
        <extension url="required">
          <valueString value="status"/>
        </extension>
      </extension>
      <extension url="http://hl7.org/fhir/StructureDefinition/capabilitystatement-search-parameter-combination">
        <extension url="http://hl7.org/fhir/StructureDefinition/capabilitystatement-expectation">
          <valueCode value="SHOULD"/>
        </extension>
        <extension url="required">
          <valueString value="context"/>
        </extension>
        <extension url="required">
          <valueString value="patient"/>
        </extension>
      </extension>
      <extension url="http://hl7.org/fhir/StructureDefinition/capabilitystatement-search-parameter-combination">
        <extension url="http://hl7.org/fhir/StructureDefinition/capabilitystatement-expectation">
          <valueCode value="SHOULD"/>
        </extension>
        <extension url="required">
          <valueString value="context"/>
        </extension>
        <extension url="required">
          <valueString value="patient"/>
        </extension>
        <extension url="required">
          <valueString value="status"/>
        </extension>
      </extension>
      <extension url="http://hl7.org/fhir/StructureDefinition/capabilitystatement-search-parameter-combination">
        <extension url="http://hl7.org/fhir/StructureDefinition/capabilitystatement-expectation">
          <valueCode value="SHOULD"/>
        </extension>
        <extension url="required">
          <valueString value="context"/>
        </extension>
        <extension url="required">
          <valueString value="status"/>
        </extension>
      </extension>
      <extension url="http://hl7.org/fhir/StructureDefinition/capabilitystatement-search-parameter-combination">
        <extension url="http://hl7.org/fhir/StructureDefinition/capabilitystatement-expectation">
          <valueCode value="SHOULD"/>
        </extension>
        <extension url="required">
          <valueString value="patient"/>
        </extension>
        <extension url="required">
          <valueString value="source"/>
        </extension>
      </extension>
      <extension url="http://hl7.org/fhir/StructureDefinition/capabilitystatement-search-parameter-combination">
        <extension url="http://hl7.org/fhir/StructureDefinition/capabilitystatement-expectation">
          <valueCode value="SHOULD"/>
        </extension>
        <extension url="required">
          <valueString value="patient"/>
        </extension>
        <extension url="required">
          <valueString value="source"/>
        </extension>
        <extension url="required">
          <valueString value="status"/>
        </extension>
      </extension>
      <extension url="http://hl7.org/fhir/StructureDefinition/capabilitystatement-search-parameter-combination">
        <extension url="http://hl7.org/fhir/StructureDefinition/capabilitystatement-expectation">
          <valueCode value="SHOULD"/>
        </extension>
        <extension url="required">
          <valueString value="patient"/>
        </extension>
        <extension url="required">
          <valueString value="status"/>
        </extension>
      </extension>
      <extension url="http://hl7.org/fhir/StructureDefinition/capabilitystatement-search-parameter-combination">
        <extension url="http://hl7.org/fhir/StructureDefinition/capabilitystatement-expectation">
          <valueCode value="SHOULD"/>
        </extension>
        <extension url="required">
          <valueString value="questionnaire"/>
        </extension>
        <extension url="required">
          <valueString value="status"/>
        </extension>
      </extension>
      <extension url="http://hl7.org/fhir/StructureDefinition/capabilitystatement-search-parameter-combination">
        <extension url="http://hl7.org/fhir/StructureDefinition/capabilitystatement-expectation">
          <valueCode value="SHOULD"/>
        </extension>
        <extension url="required">
          <valueString value="source"/>
        </extension>
        <extension url="required">
          <valueString value="status"/>
        </extension>
      </extension>
      <type value="QuestionnaireResponse"/>
      <documentation value="-  Provider EHR *SHOULD* be capable of supporting  the[ Argonaut Questionnaire Profile](http://fhir.org/guides/argonaut/questionnaire/StructureDefinition/argo-questionnaire) as a contained resource with the Argonaut Adaptive QuestionnaireResponse Profile.&#xA;-  Provider EHR *SHOULD* be capable of supporting  the[ Argonaut Questionnaire ValueSet Profile](http://fhir.org/guides/argonaut/questionnaire/StructureDefinition/argo-questionnaire-valueset) as a contained resource with the Argonaut Questionnaire Profile."/>
      <interaction>
        <extension url="http://hl7.org/fhir/StructureDefinition/capabilitystatement-expectation">
          <valueCode value="SHOULD"/>
        </extension>
        <code value="create"/>
      </interaction>
      <interaction>
        <extension url="http://hl7.org/fhir/StructureDefinition/capabilitystatement-expectation">
          <valueCode value="SHOULD"/>
        </extension>
        <code value="search-type"/>
      </interaction>
      <interaction>
        <extension url="http://hl7.org/fhir/StructureDefinition/capabilitystatement-expectation">
          <valueCode value="SHOULD"/>
        </extension>
        <code value="read"/>
      </interaction>
      <interaction>
        <extension url="http://hl7.org/fhir/StructureDefinition/capabilitystatement-expectation">
          <valueCode value="SHOULD"/>
        </extension>
        <code value="vread"/>
      </interaction>
      <interaction>
        <extension url="http://hl7.org/fhir/StructureDefinition/capabilitystatement-expectation">
          <valueCode value="SHOULD"/>
        </extension>
        <code value="update"/>
      </interaction>
      <interaction>
        <extension url="http://hl7.org/fhir/StructureDefinition/capabilitystatement-expectation">
          <valueCode value="MAY"/>
        </extension>
        <code value="patch"/>
      </interaction>
      <interaction>
        <extension url="http://hl7.org/fhir/StructureDefinition/capabilitystatement-expectation">
          <valueCode value="MAY"/>
        </extension>
        <code value="delete"/>
      </interaction>
      <interaction>
        <extension url="http://hl7.org/fhir/StructureDefinition/capabilitystatement-expectation">
          <valueCode value="SHOULD"/>
        </extension>
        <code value="history-instance"/>
      </interaction>
      <interaction>
        <extension url="http://hl7.org/fhir/StructureDefinition/capabilitystatement-expectation">
          <valueCode value="MAY"/>
        </extension>
        <code value="history-type"/>
      </interaction>
      <readHistory value="false"/>
      <updateCreate value="false"/>
      <searchInclude value="QuestionnaireResponse:questionnaire"/>
      <searchParam>
        <extension url="http://hl7.org/fhir/StructureDefinition/capabilitystatement-expectation">
          <valueCode value="SHOULD"/>
        </extension>
        <name value="_id"/>
        <definition value="http://hl7.org/fhir/SearchParameter/Resource-id"/>
        <type value="token"/>
      </searchParam>
      <searchParam>
        <extension url="http://hl7.org/fhir/StructureDefinition/capabilitystatement-expectation">
          <valueCode value="SHOULD"/>
        </extension>
        <name value="questionnaire"/>
        <definition value="http://fhir.org/guides/argonaut/questionnaire/SearchParameter/QuestionnaireResponse-questionnaire"/>
        <type value="reference"/>
      </searchParam>
      <searchParam>
        <extension url="http://hl7.org/fhir/StructureDefinition/capabilitystatement-expectation">
          <valueCode value="SHOULD"/>
        </extension>
        <name value="patient"/>
        <definition value="http://fhir.org/guides/argonaut/questionnaire/SearchParameter/QuestionnaireResponse-patient"/>
        <type value="reference"/>
      </searchParam>
      <searchParam>
        <extension url="http://hl7.org/fhir/StructureDefinition/capabilitystatement-expectation">
          <valueCode value="SHOULD"/>
        </extension>
        <name value="context"/>
        <definition value="http://fhir.org/guides/argonaut/questionnaire/SearchParameter/QuestionnaireResponse-context"/>
        <type value="reference"/>
      </searchParam>
      <searchParam>
        <extension url="http://hl7.org/fhir/StructureDefinition/capabilitystatement-expectation">
          <valueCode value="SHOULD"/>
        </extension>
        <name value="status"/>
        <definition value="http://fhir.org/guides/argonaut/questionnaire/SearchParameter/QuestionnaireResponse-status"/>
        <type value="token"/>
      </searchParam>
      <searchParam>
        <extension url="http://hl7.org/fhir/StructureDefinition/capabilitystatement-expectation">
          <valueCode value="SHOULD"/>
        </extension>
        <name value="author"/>
        <definition value="http://fhir.org/guides/argonaut/questionnaire/SearchParameter/QuestionnaireResponse-author"/>
        <type value="reference"/>
      </searchParam>
      <searchParam>
        <extension url="http://hl7.org/fhir/StructureDefinition/capabilitystatement-expectation">
          <valueCode value="SHOULD"/>
        </extension>
        <name value="source"/>
        <definition value="http://fhir.org/guides/argonaut/questionnaire/SearchParameter/QuestionnaireResponse-source"/>
        <type value="reference"/>
      </searchParam>
    </resource>
    <operation>
      <extension url="http://hl7.org/fhir/StructureDefinition/capabilitystatement-expectation">
        <valueCode value="SHOULD"/>
      </extension>
      <name value="next-question"/>
      <definition>
        <reference value="http://fhir.org/guides/argonaut/questionnaire/OperationDefinition/next-question"/>
      </definition>
    </operation>
  </rest>
</CapabilityStatement>