{
  "resourceType": "ImplementationGuide",
  "id": "fhir.argonaut.questionnaire-1.0.0",
  "text": {
    "status": "generated",
    "div": "<div xmlns=\"http://www.w3.org/1999/xhtml\"><h2>Argonaut Questionnaire</h2><p>The official URL for this implementation guide is: </p><pre>http://fhir.org/guides/argonaut/questionnaire/ImplementationGuide/fhir.argonaut.questionnaire-1.0.0</pre></div>"
  },
  "url": "http://fhir.org/guides/argonaut/questionnaire/ImplementationGuide/fhir.argonaut.questionnaire-1.0.0",
  "version": "1.0.0",
  "name": "Argonaut Questionnaire",
  "status": "draft",
  "experimental": true,
  "publisher": "Argonaut Project",
  "contact": [
    {
      "telecom": [
        {
          "system": "url",
          "value": "http://argonautwiki.hl7.org"
        }
      ]
    }
  ],
  "fhirVersion": "3.0.1",
  "package": [
    {
      "id": "p1",
      "name": "base",
      "resource": [
        {
          "extension": [
            {
              "url": "http://hl7.org/fhir/StructureDefinition/implementationguide-page",
              "valueUri": "QuestionnaireResponse-adaptive-questionnaireresponse-example-audit-c.html"
            }
          ],
          "example": true,
          "sourceReference": {
            "reference": "QuestionnaireResponse/adaptive-questionnaireresponse-example-audit-c"
          }
        },
        {
          "extension": [
            {
              "url": "http://hl7.org/fhir/StructureDefinition/implementationguide-page",
              "valueUri": "QuestionnaireResponse-questionnaireresponse-example-housing.html"
            }
          ],
          "example": true,
          "sourceReference": {
            "reference": "QuestionnaireResponse/questionnaireresponse-example-housing"
          }
        },
        {
          "extension": [
            {
              "url": "http://hl7.org/fhir/StructureDefinition/implementationguide-page",
              "valueUri": "Questionnaire-questionnaire-example-audit-c.html"
            }
          ],
          "example": true,
          "sourceReference": {
            "reference": "Questionnaire/questionnaire-example-audit-c"
          }
        },
        {
          "extension": [
            {
              "url": "http://hl7.org/fhir/StructureDefinition/implementationguide-page",
              "valueUri": "Encounter-encounter1.html"
            }
          ],
          "example": true,
          "sourceReference": {
            "reference": "Encounter/encounter1"
          }
        },
        {
          "extension": [
            {
              "url": "http://hl7.org/fhir/StructureDefinition/implementationguide-page",
              "valueUri": "QuestionnaireResponse-questionnaireresponse-example-audit-c.html"
            }
          ],
          "example": true,
          "sourceReference": {
            "reference": "QuestionnaireResponse/questionnaireresponse-example-audit-c"
          }
        },
        {
          "extension": [
            {
              "url": "http://hl7.org/fhir/StructureDefinition/implementationguide-page",
              "valueUri": "Questionnaire-questionnaire-example-housing.html"
            }
          ],
          "example": true,
          "sourceReference": {
            "reference": "Questionnaire/questionnaire-example-housing"
          }
        },
        {
          "extension": [
            {
              "url": "http://hl7.org/fhir/StructureDefinition/implementationguide-page",
              "valueUri": "QuestionnaireResponse-questionnaireresponse-example-sampler.html"
            }
          ],
          "example": true,
          "sourceReference": {
            "reference": "QuestionnaireResponse/questionnaireresponse-example-sampler"
          }
        },
        {
          "extension": [
            {
              "url": "http://hl7.org/fhir/StructureDefinition/implementationguide-page",
              "valueUri": "Practitioner-prov-admin1.html"
            }
          ],
          "example": true,
          "sourceReference": {
            "reference": "Practitioner/prov-admin1"
          }
        },
        {
          "extension": [
            {
              "url": "http://hl7.org/fhir/StructureDefinition/implementationguide-page",
              "valueUri": "QuestionnaireResponse-questionnaireresponse-example-dast.html"
            }
          ],
          "example": true,
          "sourceReference": {
            "reference": "QuestionnaireResponse/questionnaireresponse-example-dast"
          }
        },
        {
          "extension": [
            {
              "url": "http://hl7.org/fhir/StructureDefinition/implementationguide-page",
              "valueUri": "QuestionnaireResponse-adaptive-questionnaireresponse-example-dast.html"
            }
          ],
          "example": true,
          "sourceReference": {
            "reference": "QuestionnaireResponse/adaptive-questionnaireresponse-example-dast"
          }
        },
        {
          "extension": [
            {
              "url": "http://hl7.org/fhir/StructureDefinition/implementationguide-page",
              "valueUri": "QuestionnaireResponse-questionnaireresponse-example-phq9.html"
            }
          ],
          "example": true,
          "sourceReference": {
            "reference": "QuestionnaireResponse/questionnaireresponse-example-phq9"
          }
        },
        {
          "extension": [
            {
              "url": "http://hl7.org/fhir/StructureDefinition/implementationguide-page",
              "valueUri": "QuestionnaireResponse-questionnaireresponse-example-sampler-contained-patient.html"
            }
          ],
          "example": true,
          "sourceReference": {
            "reference": "QuestionnaireResponse/questionnaireresponse-example-sampler-contained-patient"
          }
        },
        {
          "extension": [
            {
              "url": "http://hl7.org/fhir/StructureDefinition/implementationguide-page",
              "valueUri": "QuestionnaireResponse-adaptive-questionnaireresponse-example-phq9.html"
            }
          ],
          "example": true,
          "sourceReference": {
            "reference": "QuestionnaireResponse/adaptive-questionnaireresponse-example-phq9"
          }
        },
        {
          "extension": [
            {
              "url": "http://hl7.org/fhir/StructureDefinition/implementationguide-page",
              "valueUri": "Patient-subject1.html"
            }
          ],
          "example": true,
          "sourceReference": {
            "reference": "Patient/subject1"
          }
        },
        {
          "extension": [
            {
              "url": "http://hl7.org/fhir/StructureDefinition/implementationguide-page",
              "valueUri": "Questionnaire-questionnaire-example-dast.html"
            }
          ],
          "example": true,
          "sourceReference": {
            "reference": "Questionnaire/questionnaire-example-dast"
          }
        },
        {
          "extension": [
            {
              "url": "http://hl7.org/fhir/StructureDefinition/implementationguide-page",
              "valueUri": "QuestionnaireResponse-adaptive-questionnaireresponse-example-sampler.html"
            }
          ],
          "example": true,
          "sourceReference": {
            "reference": "QuestionnaireResponse/adaptive-questionnaireresponse-example-sampler"
          }
        },
        {
          "extension": [
            {
              "url": "http://hl7.org/fhir/StructureDefinition/implementationguide-page",
              "valueUri": "Questionnaire-questionnaire-example-phq9.html"
            }
          ],
          "example": true,
          "sourceReference": {
            "reference": "Questionnaire/questionnaire-example-phq9"
          }
        },
        {
          "extension": [
            {
              "url": "http://hl7.org/fhir/StructureDefinition/implementationguide-page",
              "valueUri": "Questionnaire-questionnaire-example-sampler.html"
            }
          ],
          "example": true,
          "sourceReference": {
            "reference": "Questionnaire/questionnaire-example-sampler"
          }
        },
        {
          "extension": [
            {
              "url": "http://hl7.org/fhir/StructureDefinition/implementationguide-page",
              "valueUri": "SearchParameter-Questionnaire-publisher.html"
            }
          ],
          "example": false,
          "sourceReference": {
            "reference": "SearchParameter/Questionnaire-publisher"
          }
        },
        {
          "extension": [
            {
              "url": "http://hl7.org/fhir/StructureDefinition/implementationguide-page",
              "valueUri": "CapabilityStatement-assessmentbank.html"
            }
          ],
          "example": false,
          "sourceReference": {
            "reference": "CapabilityStatement/assessmentbank"
          }
        },
        {
          "extension": [
            {
              "url": "http://hl7.org/fhir/StructureDefinition/implementationguide-page",
              "valueUri": "StructureDefinition-extension-multipleAnd.html"
            }
          ],
          "example": false,
          "sourceReference": {
            "reference": "StructureDefinition/extension-multipleAnd"
          }
        },
        {
          "extension": [
            {
              "url": "http://hl7.org/fhir/StructureDefinition/implementationguide-page",
              "valueUri": "CapabilityStatement-adaptive-questionnaire-service.html"
            }
          ],
          "example": false,
          "sourceReference": {
            "reference": "CapabilityStatement/adaptive-questionnaire-service"
          }
        },
        {
          "extension": [
            {
              "url": "http://hl7.org/fhir/StructureDefinition/implementationguide-page",
              "valueUri": "StructureDefinition-extension-multipleOr.html"
            }
          ],
          "example": false,
          "sourceReference": {
            "reference": "StructureDefinition/extension-multipleOr"
          }
        },
        {
          "extension": [
            {
              "url": "http://hl7.org/fhir/StructureDefinition/implementationguide-page",
              "valueUri": "StructureDefinition-argo-adap-questionnaireresponse.html"
            }
          ],
          "example": false,
          "sourceReference": {
            "reference": "StructureDefinition/argo-adap-questionnaireresponse"
          }
        },
        {
          "extension": [
            {
              "url": "http://hl7.org/fhir/StructureDefinition/implementationguide-page",
              "valueUri": "SearchParameter-QuestionnaireResponse-status.html"
            }
          ],
          "example": false,
          "sourceReference": {
            "reference": "SearchParameter/QuestionnaireResponse-status"
          }
        },
        {
          "extension": [
            {
              "url": "http://hl7.org/fhir/StructureDefinition/implementationguide-page",
              "valueUri": "CapabilityStatement-argo-questionnaire-provider-ehr.html"
            }
          ],
          "example": false,
          "sourceReference": {
            "reference": "CapabilityStatement/argo-questionnaire-provider-ehr"
          }
        },
        {
          "extension": [
            {
              "url": "http://hl7.org/fhir/StructureDefinition/implementationguide-page",
              "valueUri": "SearchParameter-QuestionnaireResponse-questionnaire.html"
            }
          ],
          "example": false,
          "sourceReference": {
            "reference": "SearchParameter/QuestionnaireResponse-questionnaire"
          }
        },
        {
          "extension": [
            {
              "url": "http://hl7.org/fhir/StructureDefinition/implementationguide-page",
              "valueUri": "SearchParameter-QuestionnaireResponse-author.html"
            }
          ],
          "example": false,
          "sourceReference": {
            "reference": "SearchParameter/QuestionnaireResponse-author"
          }
        },
        {
          "extension": [
            {
              "url": "http://hl7.org/fhir/StructureDefinition/implementationguide-page",
              "valueUri": "StructureDefinition-extension-timeLimit.html"
            }
          ],
          "example": false,
          "sourceReference": {
            "reference": "StructureDefinition/extension-timeLimit"
          }
        },
        {
          "extension": [
            {
              "url": "http://hl7.org/fhir/StructureDefinition/implementationguide-page",
              "valueUri": "SearchParameter-Questionnaire-status.html"
            }
          ],
          "example": false,
          "sourceReference": {
            "reference": "SearchParameter/Questionnaire-status"
          }
        },
        {
          "extension": [
            {
              "url": "http://hl7.org/fhir/StructureDefinition/implementationguide-page",
              "valueUri": "SearchParameter-QuestionnaireResponse-patient.html"
            }
          ],
          "example": false,
          "sourceReference": {
            "reference": "SearchParameter/QuestionnaireResponse-patient"
          }
        },
        {
          "extension": [
            {
              "url": "http://hl7.org/fhir/StructureDefinition/implementationguide-page",
              "valueUri": "StructureDefinition-extension-itemOrder.html"
            }
          ],
          "example": false,
          "sourceReference": {
            "reference": "StructureDefinition/extension-itemOrder"
          }
        },
        {
          "extension": [
            {
              "url": "http://hl7.org/fhir/StructureDefinition/implementationguide-page",
              "valueUri": "StructureDefinition-argo-questionnaire.html"
            }
          ],
          "example": false,
          "sourceReference": {
            "reference": "StructureDefinition/argo-questionnaire"
          }
        },
        {
          "extension": [
            {
              "url": "http://hl7.org/fhir/StructureDefinition/implementationguide-page",
              "valueUri": "CapabilityStatement-answerbank.html"
            }
          ],
          "example": false,
          "sourceReference": {
            "reference": "CapabilityStatement/answerbank"
          }
        },
        {
          "extension": [
            {
              "url": "http://hl7.org/fhir/StructureDefinition/implementationguide-page",
              "valueUri": "SearchParameter-patient-birthdate.html"
            }
          ],
          "example": false,
          "sourceReference": {
            "reference": "SearchParameter/patient-birthdate"
          }
        },
        {
          "extension": [
            {
              "url": "http://hl7.org/fhir/StructureDefinition/implementationguide-page",
              "valueUri": "OperationDefinition-next-question.html"
            }
          ],
          "example": false,
          "sourceReference": {
            "reference": "OperationDefinition/next-question"
          }
        },
        {
          "extension": [
            {
              "url": "http://hl7.org/fhir/StructureDefinition/implementationguide-page",
              "valueUri": "SearchParameter-Questionnaire-context-type-value.html"
            }
          ],
          "example": false,
          "sourceReference": {
            "reference": "SearchParameter/Questionnaire-context-type-value"
          }
        },
        {
          "extension": [
            {
              "url": "http://hl7.org/fhir/StructureDefinition/implementationguide-page",
              "valueUri": "SearchParameter-Questionnaire-context.html"
            }
          ],
          "example": false,
          "sourceReference": {
            "reference": "SearchParameter/Questionnaire-context"
          }
        },
        {
          "extension": [
            {
              "url": "http://hl7.org/fhir/StructureDefinition/implementationguide-page",
              "valueUri": "SearchParameter-Questionnaire-title.html"
            }
          ],
          "example": false,
          "sourceReference": {
            "reference": "SearchParameter/Questionnaire-title"
          }
        },
        {
          "extension": [
            {
              "url": "http://hl7.org/fhir/StructureDefinition/implementationguide-page",
              "valueUri": "SearchParameter-Questionnaire-version.html"
            }
          ],
          "example": false,
          "sourceReference": {
            "reference": "SearchParameter/Questionnaire-version"
          }
        },
        {
          "extension": [
            {
              "url": "http://hl7.org/fhir/StructureDefinition/implementationguide-page",
              "valueUri": "StructureDefinition-extension-responsePeriod.html"
            }
          ],
          "example": false,
          "sourceReference": {
            "reference": "StructureDefinition/extension-responsePeriod"
          }
        },
        {
          "extension": [
            {
              "url": "http://hl7.org/fhir/StructureDefinition/implementationguide-page",
              "valueUri": "StructureDefinition-argo-questionnaire-valueset.html"
            }
          ],
          "example": false,
          "sourceReference": {
            "reference": "StructureDefinition/argo-questionnaire-valueset"
          }
        },
        {
          "extension": [
            {
              "url": "http://hl7.org/fhir/StructureDefinition/implementationguide-page",
              "valueUri": "SearchParameter-QuestionnaireResponse-context.html"
            }
          ],
          "example": false,
          "sourceReference": {
            "reference": "SearchParameter/QuestionnaireResponse-context"
          }
        },
        {
          "extension": [
            {
              "url": "http://hl7.org/fhir/StructureDefinition/implementationguide-page",
              "valueUri": "SearchParameter-Questionnaire-context-type.html"
            }
          ],
          "example": false,
          "sourceReference": {
            "reference": "SearchParameter/Questionnaire-context-type"
          }
        },
        {
          "extension": [
            {
              "url": "http://hl7.org/fhir/StructureDefinition/implementationguide-page",
              "valueUri": "SearchParameter-QuestionnaireResponse-source.html"
            }
          ],
          "example": false,
          "sourceReference": {
            "reference": "SearchParameter/QuestionnaireResponse-source"
          }
        },
        {
          "extension": [
            {
              "url": "http://hl7.org/fhir/StructureDefinition/implementationguide-page",
              "valueUri": "StructureDefinition-argo-questionnaireresponse.html"
            }
          ],
          "example": false,
          "sourceReference": {
            "reference": "StructureDefinition/argo-questionnaireresponse"
          }
        }
      ]
    },
    {
      "id": "profile-base-qr-spreadsheet.xml",
      "name": "argo_questionnaireresponse",
      "resource": [
        {
          "extension": [
            {
              "url": "http://hl7.org/fhir/StructureDefinition/implementationguide-page",
              "valueUri": "StructureDefinition-argo-questionnaireresponse.html"
            }
          ],
          "example": false,
          "name": "argo_questionnaireresponse",
          "sourceReference": {
            "reference": "StructureDefinition/argo-questionnaireresponse"
          }
        }
      ]
    },
    {
      "id": "profile-base-qcvs-spreadsheet.xml",
      "name": "argo_questionnaire_valueset",
      "resource": [
        {
          "extension": [
            {
              "url": "http://hl7.org/fhir/StructureDefinition/implementationguide-page",
              "valueUri": "StructureDefinition-argo-questionnaire-valueset.html"
            }
          ],
          "example": false,
          "name": "argo_questionnaire_valueset",
          "sourceReference": {
            "reference": "StructureDefinition/argo-questionnaire-valueset"
          }
        }
      ]
    },
    {
      "id": "profile-base-q-spreadsheet.xml",
      "name": "argo_questionnaire",
      "resource": [
        {
          "extension": [
            {
              "url": "http://hl7.org/fhir/StructureDefinition/implementationguide-page",
              "valueUri": "StructureDefinition-argo-questionnaire.html"
            }
          ],
          "example": false,
          "name": "argo_questionnaire",
          "sourceReference": {
            "reference": "StructureDefinition/argo-questionnaire"
          }
        }
      ]
    },
    {
      "id": "profile-derived-qr-spreadsheet.xml",
      "name": "argo_adap_questionnaireresponse",
      "resource": [
        {
          "extension": [
            {
              "url": "http://hl7.org/fhir/StructureDefinition/implementationguide-page",
              "valueUri": "StructureDefinition-argo-adap-questionnaireresponse.html"
            }
          ],
          "example": false,
          "name": "argo_adap_questionnaireresponse",
          "sourceReference": {
            "reference": "StructureDefinition/argo-adap-questionnaireresponse"
          }
        }
      ]
    }
  ],
  "page": {
    "source": "index.html",
    "title": "Home",
    "kind": "page",
    "page": [
      {
        "source": "guidance.html",
        "title": "General Guidance",
        "kind": "page",
        "page": [
          {
            "source": "static.html",
            "title": "Static",
            "kind": "page"
          },
          {
            "source": "adaptive.html",
            "title": "Adaptive",
            "kind": "page"
          }
        ]
      },
      {
        "source": "profiles.html",
        "title": "Profiles and Extensions",
        "kind": "page",
        "page": [
          {
            "source": "StructureDefinition-argo-adap-questionnaireresponse.html",
            "title": "StructureDefinition Argo Adap QuestionnaireResponse",
            "kind": "resource"
          },
          {
            "source": "StructureDefinition-argo-questionnaire.html",
            "title": "StructureDefinition Argo Questionnaire",
            "kind": "resource"
          },
          {
            "source": "StructureDefinition-argo-questionnaire-valueset.html",
            "title": "StructureDefinition Argo Questionnaire ValueSet",
            "kind": "resource"
          },
          {
            "source": "StructureDefinition-argo-questionnaireresponse.html",
            "title": "StructureDefinition Argo QuestionnaireResponse",
            "kind": "resource"
          },
          {
            "source": "StructureDefinition-extension-multipleAnd.html",
            "title": "StructureDefinition Extension multipleAnd",
            "kind": "resource"
          },
          {
            "source": "StructureDefinition-extension-multipleOr.html",
            "title": "StructureDefinition Extension multipleOr",
            "kind": "resource"
          },
          {
            "source": "StructureDefinition-extension-timeLimit.html",
            "title": "StructureDefinition Extension timeLimit",
            "kind": "resource"
          },
          {
            "source": "StructureDefinition-extension-itemOrder.html",
            "title": "StructureDefinition Extension itemOrder",
            "kind": "resource"
          },
          {
            "source": "StructureDefinition-extension-responsePeriod.html",
            "title": "StructureDefinition Extension responsePeriod",
            "kind": "resource"
          }
        ]
      },
      {
        "source": "operations.html",
        "title": "Operations",
        "kind": "page",
        "page": [
          {
            "source": "OperationDefinition-next-question.html",
            "title": "OperationDefinition Next Question",
            "kind": "resource"
          }
        ]
      },
      {
        "source": "searchparameters.html",
        "title": "Search Parameters",
        "kind": "page",
        "page": [
          {
            "source": "SearchParameter-Questionnaire-publisher.html",
            "title": "SearchParameter Questionnaire Publisher",
            "kind": "resource"
          },
          {
            "source": "SearchParameter-QuestionnaireResponse-status.html",
            "title": "SearchParameter QuestionnaireResponse Status",
            "kind": "resource"
          },
          {
            "source": "SearchParameter-QuestionnaireResponse-questionnaire.html",
            "title": "SearchParameter QuestionnaireResponse Questionnaire",
            "kind": "resource"
          },
          {
            "source": "SearchParameter-QuestionnaireResponse-author.html",
            "title": "SearchParameter QuestionnaireResponse Author",
            "kind": "resource"
          },
          {
            "source": "SearchParameter-Questionnaire-status.html",
            "title": "SearchParameter Questionnaire Status",
            "kind": "resource"
          },
          {
            "source": "SearchParameter-QuestionnaireResponse-patient.html",
            "title": "SearchParameter QuestionnaireResponse Patient",
            "kind": "resource"
          },
          {
            "source": "SearchParameter-patient-birthdate.html",
            "title": "SearchParameter Patient Birthdate",
            "kind": "resource"
          },
          {
            "source": "SearchParameter-Questionnaire-context-type-value.html",
            "title": "SearchParameter Questionnaire Context Type Value",
            "kind": "resource"
          },
          {
            "source": "SearchParameter-Questionnaire-context.html",
            "title": "SearchParameter Questionnaire Context",
            "kind": "resource"
          },
          {
            "source": "SearchParameter-Questionnaire-title.html",
            "title": "SearchParameter Questionnaire Title",
            "kind": "resource"
          },
          {
            "source": "SearchParameter-Questionnaire-version.html",
            "title": "SearchParameter Questionnaire Version",
            "kind": "resource"
          },
          {
            "source": "SearchParameter-QuestionnaireResponse-context.html",
            "title": "SearchParameter QuestionnaireResponse Context",
            "kind": "resource"
          },
          {
            "source": "SearchParameter-Questionnaire-context-type.html",
            "title": "SearchParameter Questionnaire Context Type",
            "kind": "resource"
          },
          {
            "source": "SearchParameter-QuestionnaireResponse-source.html",
            "title": "SearchParameter QuestionnaireResponse Source",
            "kind": "resource"
          }
        ]
      },
      {
        "source": "capstatements.html",
        "title": "Capability Statements",
        "kind": "page",
        "page": [
          {
            "source": "CapabilityStatement-assessmentbank.html",
            "title": "CapabilityStatement Assessmentbank",
            "kind": "resource"
          },
          {
            "source": "CapabilityStatement-adaptive-questionnaire-service.html",
            "title": "CapabilityStatement Adaptive Questionnaire Service",
            "kind": "resource"
          },
          {
            "source": "CapabilityStatement-argo-questionnaire-provider-ehr.html",
            "title": "CapabilityStatement Argo Questionnaire Provider Ehr",
            "kind": "resource"
          },
          {
            "source": "CapabilityStatement-answerbank.html",
            "title": "CapabilityStatement Answerbank",
            "kind": "resource"
          }
        ]
      },
      {
        "source": "downloads.html",
        "title": "Downloads",
        "kind": "page"
      },
      {
        "source": "all-examples.html",
        "title": "All Examples",
        "kind": "page"
      },
      {
        "source": "toc.html",
        "title": "Table of Contents",
        "kind": "resource"
      }
    ]
  }
}