<?xml version="1.0" encoding="UTF-8"?>

<SearchParameter xmlns="http://hl7.org/fhir">
  <id value="QuestionnaireResponse-author"/>
  <text>
    <status value="generated"/><div xmlns="http://www.w3.org/1999/xhtml"><p><b>Generated Narrative with Details</b></p><p><b>id</b>: QuestionnaireResponse-author</p><p><b>url</b>: <a href="http://fhir.org/guides/argonaut/questionnaire/SearchParameter/QuestionnaireResponse-author">http://fhir.org/guides/argonaut/questionnaire/SearchParameter/QuestionnaireResponse-author</a></p><p><b>name</b>: questionnaireresponse_author</p><p><b>status</b>: active</p><p><b>experimental</b>: false</p><p><b>date</b>: Feb 18, 2019, 11:50:02 PM</p><p><b>publisher</b>: The Argonaut Project</p><p><b>contact</b>: </p><p><b>code</b>: author</p><p><b>base</b>: QuestionnaireResponse</p><p><b>type</b>: reference</p><p><b>derivedFrom</b>: <a href="http://hl7.org/fhir/SearchParameter/QuestionnaireResponse-author">http://hl7.org/fhir/SearchParameter/QuestionnaireResponse-author</a></p><p><b>description</b>: The author of the questionnaire response</p><p><b>expression</b>: QuestionnaireResponse.author</p><p><b>xpath</b>: f:QuestionnaireResponse/f:author</p><p><b>xpathUsage</b>: normal</p><p><b>target</b>: Practitioner, Device, Patient, RelatedPerson</p><p><b>multipleOr Extension</b>True</p><p><b>multipleAnd Extension</b>True</p></div>
  </text>
  <extension url="http://fhir.org/guides/argonaut/questionnaire/StructureDefinition/extension-multipleAnd">
    <valueBoolean value="true"/>
  </extension>
  <extension url="http://fhir.org/guides/argonaut/questionnaire/StructureDefinition/extension-multipleOr">
    <valueBoolean value="true"/>
  </extension>
  <url value="http://fhir.org/guides/argonaut/questionnaire/SearchParameter/QuestionnaireResponse-author"/>
  <name value="questionnaireresponse_author"/>
  <status value="active"/>
  <experimental value="false"/>
  <date value="2019-02-18T23:50:02.946238Z"/>
  <publisher value="The Argonaut Project"/>
  <contact>
    <telecom>
      <system value="url"/>
      <value value="https://github.com/argonautproject/questionnaire/issues"/>
    </telecom>
  </contact>
  <code value="author"/>
  <base value="QuestionnaireResponse"/>
  <type value="reference"/>
  <derivedFrom value="http://hl7.org/fhir/SearchParameter/QuestionnaireResponse-author"/>
  <description value="The author of the questionnaire response"/>
  <expression value="QuestionnaireResponse.author"/>
  <xpath value="f:QuestionnaireResponse/f:author"/>
  <xpathUsage value="normal"/>
  <target value="Practitioner"/>
  <target value="Device"/>
  <target value="Patient"/>
  <target value="RelatedPerson"/>
</SearchParameter>