<?xml version="1.0" encoding="UTF-8"?>

<SearchParameter xmlns="http://hl7.org/fhir">
  <id value="QuestionnaireResponse-source"/>
  <text>
    <status value="generated"/><div xmlns="http://www.w3.org/1999/xhtml"><p><b>Generated Narrative with Details</b></p><p><b>id</b>: QuestionnaireResponse-source</p><p><b>url</b>: <a href="http://fhir.org/guides/argonaut/questionnaire/SearchParameter/QuestionnaireResponse-source">http://fhir.org/guides/argonaut/questionnaire/SearchParameter/QuestionnaireResponse-source</a></p><p><b>name</b>: questionnaireresponse_source</p><p><b>status</b>: active</p><p><b>experimental</b>: false</p><p><b>date</b>: Feb 18, 2019, 11:50:03 PM</p><p><b>publisher</b>: The Argonaut Project</p><p><b>contact</b>: </p><p><b>code</b>: source</p><p><b>base</b>: QuestionnaireResponse</p><p><b>type</b>: reference</p><p><b>derivedFrom</b>: <a href="http://hl7.org/fhir/SearchParameter/QuestionnaireResponse-source">http://hl7.org/fhir/SearchParameter/QuestionnaireResponse-source</a></p><p><b>description</b>: The individual providing the information reflected in the questionnaire respose</p><p><b>expression</b>: QuestionnaireResponse.source</p><p><b>xpath</b>: f:QuestionnaireResponse/f:source</p><p><b>xpathUsage</b>: normal</p><p><b>target</b>: Practitioner, Patient, RelatedPerson</p><p><b>comparator</b>: le, ge</p><p><b>multipleOr Extension</b>True</p><p><b>multipleAnd Extension</b>True</p></div>
  </text>
  <extension url="http://fhir.org/guides/argonaut/questionnaire/StructureDefinition/extension-multipleAnd">
    <valueBoolean value="true"/>
  </extension>
  <extension url="http://fhir.org/guides/argonaut/questionnaire/StructureDefinition/extension-multipleOr">
    <valueBoolean value="true"/>
  </extension>
  <url value="http://fhir.org/guides/argonaut/questionnaire/SearchParameter/QuestionnaireResponse-source"/>
  <name value="questionnaireresponse_source"/>
  <status value="active"/>
  <experimental value="false"/>
  <date value="2019-02-18T23:50:03.159486Z"/>
  <publisher value="The Argonaut Project"/>
  <contact>
    <telecom>
      <system value="url"/>
      <value value="https://github.com/argonautproject/questionnaire/issues"/>
    </telecom>
  </contact>
  <code value="source"/>
  <base value="QuestionnaireResponse"/>
  <type value="reference"/>
  <derivedFrom value="http://hl7.org/fhir/SearchParameter/QuestionnaireResponse-source"/>
  <description value="The individual providing the information reflected in the questionnaire respose"/>
  <expression value="QuestionnaireResponse.source"/>
  <xpath value="f:QuestionnaireResponse/f:source"/>
  <xpathUsage value="normal"/>
  <target value="Practitioner"/>
  <target value="Patient"/>
  <target value="RelatedPerson"/>
  <comparator value="le"/>
  <comparator value="ge"/>
</SearchParameter>