{
  "resourceType": "SearchParameter",
  "id": "QuestionnaireResponse-status",
  "text": {
    "status": "generated",
    "div": "<div xmlns=\"http://www.w3.org/1999/xhtml\"><p><b>Generated Narrative with Details</b></p><p><b>id</b>: QuestionnaireResponse-status</p><p><b>url</b>: <a href=\"http://fhir.org/guides/argonaut/questionnaire/SearchParameter/QuestionnaireResponse-status\">http://fhir.org/guides/argonaut/questionnaire/SearchParameter/QuestionnaireResponse-status</a></p><p><b>name</b>: questionnaireresponse_status</p><p><b>status</b>: active</p><p><b>experimental</b>: false</p><p><b>date</b>: Feb 18, 2019, 11:50:02 PM</p><p><b>publisher</b>: The Argonaut Project</p><p><b>contact</b>: </p><p><b>code</b>: status</p><p><b>base</b>: QuestionnaireResponse</p><p><b>type</b>: token</p><p><b>derivedFrom</b>: <a href=\"http://hl7.org/fhir/SearchParameter/QuestionnaireResponse-status\">http://hl7.org/fhir/SearchParameter/QuestionnaireResponse-status</a></p><p><b>description</b>: The status of the questionnaire response</p><p><b>expression</b>: QuestionnaireResponse.status</p><p><b>xpath</b>: f:QuestionnaireResponse/f:status</p><p><b>xpathUsage</b>: normal</p><p><b>multipleOr Extension</b>True</p><p><b>multipleAnd Extension</b>True</p></div>"
  },
  "extension": [
    {
      "url": "http://fhir.org/guides/argonaut/questionnaire/StructureDefinition/extension-multipleAnd",
      "valueBoolean": true
    },
    {
      "url": "http://fhir.org/guides/argonaut/questionnaire/StructureDefinition/extension-multipleOr",
      "valueBoolean": true
    }
  ],
  "url": "http://fhir.org/guides/argonaut/questionnaire/SearchParameter/QuestionnaireResponse-status",
  "name": "questionnaireresponse_status",
  "status": "active",
  "experimental": false,
  "date": "2019-02-18T23:50:02.691481Z",
  "publisher": "The Argonaut Project",
  "contact": [
    {
      "telecom": [
        {
          "system": "url",
          "value": "https://github.com/argonautproject/questionnaire/issues"
        }
      ]
    }
  ],
  "code": "status",
  "base": [
    "QuestionnaireResponse"
  ],
  "type": "token",
  "derivedFrom": "http://hl7.org/fhir/SearchParameter/QuestionnaireResponse-status",
  "description": "The status of the questionnaire response",
  "expression": "QuestionnaireResponse.status",
  "xpath": "f:QuestionnaireResponse/f:status",
  "xpathUsage": "normal"
}