{
  "resourceType": "Bundle",
  "id": "slot-bundle-example",
  "meta": {
    "profile": [
      "http://fhir.org/guides/argonaut-scheduling/StructureDefinition/slot-bundle"
    ]
  },
  "type": "searchset",
  "total": 8,
  "entry": [
    {
      "fullUrl": "https://example.com/base/Slot/2017-08-28T080000-arg-s-1",
      "resource": {
        "resourceType": "Slot",
        "id": "2017-08-28T080000-arg-s-1",
        "meta": {
          "profile": [
            "http://fhir.org/guides/argonaut-scheduling/StructureDefinition/prefetch-slot"
          ]
        },
        "text": {
          "status": "generated",
          "div": "<div xmlns=\"http://www.w3.org/1999/xhtml\"><strong>Time Slot:</strong> August 28 08:00:00 2017-Mon Aug 28 08:15:00 2017: <b>Status:</b> free <strong>Visit Type:</strong> Dermatology Office Visit   </div>"
        },
        "serviceType": [
          {
            "coding": [
              {
                "system": "http://fhir.org/guides/argonaut-scheduling/CodeSystem/visit-type",
                "code": "office-visit",
                "display": "OFFICE VISIT"
              }
            ],
            "text": "OFFICE VISIT"
          }
        ],
        "specialty": [
          {
            "coding": [
              {
                "code": "394582007",
                "display": "Dermatology"
              }
            ]
          }
        ],
        "schedule": {
          "reference": "Schedule/2017-08-28-derm"
        },
        "status": "free",
        "start": "2017-08-28T08:00:00+08:00",
        "end": "2017-08-28T08:15:00+08:15"
      },
      "search": {
        "mode": "match"
      }
    },
    {
      "fullUrl": "https://example.com/base/Slot/2017-08-28T081500-arg-s-1",
      "resource": {
        "resourceType": "Slot",
        "id": "2017-08-28T081500-arg-s-1",
        "meta": {
          "profile": [
            "http://fhir.org/guides/argonaut-scheduling/StructureDefinition/prefetch-slot"
          ]
        },
        "text": {
          "status": "generated",
          "div": "<div xmlns=\"http://www.w3.org/1999/xhtml\"><strong>Time Slot:</strong> August 28 08:15:00 2017-Mon Aug 28 08:30:00 2017: <b>Status:</b> free <strong>Visit Type:</strong> Dermatology Office Visit   </div>"
        },
        "serviceType": [
          {
            "coding": [
              {
                "system": "http://fhir.org/guides/argonaut-scheduling/CodeSystem/visit-type",
                "code": "office-visit",
                "display": "OFFICE VISIT"
              }
            ],
            "text": "OFFICE VISIT"
          }
        ],
        "specialty": [
          {
            "coding": [
              {
                "code": "394582007",
                "display": "Dermatology"
              }
            ]
          }
        ],
        "schedule": {
          "reference": "Schedule/2017-08-28-derm"
        },
        "status": "free",
        "start": "2017-08-28T08:15:00+08:15",
        "end": "2017-08-28T08:30:00+08:30"
      },
      "search": {
        "mode": "match"
      }
    },
    {
      "fullUrl": "https://example.com/base/Slot/2017-08-28T083000-arg-s-1",
      "resource": {
        "resourceType": "Slot",
        "id": "2017-08-28T083000-arg-s-1",
        "meta": {
          "profile": [
            "http://fhir.org/guides/argonaut-scheduling/StructureDefinition/prefetch-slot"
          ]
        },
        "text": {
          "status": "generated",
          "div": "<div xmlns=\"http://www.w3.org/1999/xhtml\"><strong>Time Slot:</strong> August 28 08:30:00 2017-Mon Aug 28 08:45:00 2017: <b>Status:</b> free <strong>Visit Type:</strong> Dermatology Office Visit   </div>"
        },
        "serviceType": [
          {
            "coding": [
              {
                "system": "http://fhir.org/guides/argonaut-scheduling/CodeSystem/visit-type",
                "code": "office-visit",
                "display": "OFFICE VISIT"
              }
            ],
            "text": "OFFICE VISIT"
          }
        ],
        "specialty": [
          {
            "coding": [
              {
                "code": "394582007",
                "display": "Dermatology"
              }
            ]
          }
        ],
        "schedule": {
          "reference": "Schedule/2017-08-28-derm"
        },
        "status": "free",
        "start": "2017-08-28T08:30:00+08:30",
        "end": "2017-08-28T08:45:00+08:45"
      },
      "search": {
        "mode": "match"
      }
    },
    {
      "fullUrl": "https://example.com/base/Slot/2017-08-28T084500-arg-s-1",
      "resource": {
        "resourceType": "Slot",
        "id": "2017-08-28T084500-arg-s-1",
        "meta": {
          "profile": [
            "http://fhir.org/guides/argonaut-scheduling/StructureDefinition/prefetch-slot"
          ]
        },
        "text": {
          "status": "generated",
          "div": "<div xmlns=\"http://www.w3.org/1999/xhtml\"><strong>Time Slot:</strong> August 28 08:45:00 2017-Mon Aug 28 09:00:00 2017: <b>Status:</b> free <strong>Visit Type:</strong> Dermatology Office Visit   </div>"
        },
        "serviceType": [
          {
            "coding": [
              {
                "system": "http://fhir.org/guides/argonaut-scheduling/CodeSystem/visit-type",
                "code": "office-visit",
                "display": "OFFICE VISIT"
              }
            ],
            "text": "OFFICE VISIT"
          }
        ],
        "specialty": [
          {
            "coding": [
              {
                "code": "394582007",
                "display": "Dermatology"
              }
            ]
          }
        ],
        "schedule": {
          "reference": "Schedule/2017-08-28-derm"
        },
        "status": "free",
        "start": "2017-08-28T08:45:00+08:45",
        "end": "2017-08-28T09:00:00+09:00"
      },
      "search": {
        "mode": "match"
      }
    },
    {
      "fullUrl": "https://example.com/base/Slot/2017-08-28T090000-arg-s-1",
      "resource": {
        "resourceType": "Slot",
        "id": "2017-08-28T090000-arg-s-1",
        "meta": {
          "profile": [
            "http://fhir.org/guides/argonaut-scheduling/StructureDefinition/prefetch-slot"
          ]
        },
        "text": {
          "status": "generated",
          "div": "<div xmlns=\"http://www.w3.org/1999/xhtml\"><strong>Time Slot:</strong> August 28 09:00:00 2017-Mon Aug 28 09:15:00 2017: <b>Status:</b> free <strong>Visit Type:</strong> Dermatology Office Visit   </div>"
        },
        "serviceType": [
          {
            "coding": [
              {
                "system": "http://fhir.org/guides/argonaut-scheduling/CodeSystem/visit-type",
                "code": "office-visit",
                "display": "OFFICE VISIT"
              }
            ],
            "text": "OFFICE VISIT"
          }
        ],
        "specialty": [
          {
            "coding": [
              {
                "code": "394582007",
                "display": "Dermatology"
              }
            ]
          }
        ],
        "schedule": {
          "reference": "Schedule/2017-08-28-derm"
        },
        "status": "free",
        "start": "2017-08-28T09:00:00+09:00",
        "end": "2017-08-28T09:15:00+09:15"
      },
      "search": {
        "mode": "match"
      }
    },
    {
      "fullUrl": "https://example.com/base/Slot/2017-08-28T091500-arg-s-1",
      "resource": {
        "resourceType": "Slot",
        "id": "2017-08-28T091500-arg-s-1",
        "meta": {
          "profile": [
            "http://fhir.org/guides/argonaut-scheduling/StructureDefinition/prefetch-slot"
          ]
        },
        "text": {
          "status": "generated",
          "div": "<div xmlns=\"http://www.w3.org/1999/xhtml\"><strong>Time Slot:</strong> August 28 09:15:00 2017-Mon Aug 28 09:30:00 2017: <b>Status:</b> free <strong>Visit Type:</strong> Dermatology Office Visit   </div>"
        },
        "serviceType": [
          {
            "coding": [
              {
                "system": "http://fhir.org/guides/argonaut-scheduling/CodeSystem/visit-type",
                "code": "office-visit",
                "display": "OFFICE VISIT"
              }
            ],
            "text": "OFFICE VISIT"
          }
        ],
        "specialty": [
          {
            "coding": [
              {
                "code": "394582007",
                "display": "Dermatology"
              }
            ]
          }
        ],
        "schedule": {
          "reference": "Schedule/2017-08-28-derm"
        },
        "status": "free",
        "start": "2017-08-28T09:15:00+09:15",
        "end": "2017-08-28T09:30:00+09:30"
      },
      "search": {
        "mode": "match"
      }
    },
    {
      "fullUrl": "https://example.com/base/Slot/2017-08-28T093000-arg-s-1",
      "resource": {
        "resourceType": "Slot",
        "id": "2017-08-28T093000-arg-s-1",
        "meta": {
          "profile": [
            "http://fhir.org/guides/argonaut-scheduling/StructureDefinition/prefetch-slot"
          ]
        },
        "text": {
          "status": "generated",
          "div": "<div xmlns=\"http://www.w3.org/1999/xhtml\"><strong>Time Slot:</strong> August 28 09:30:00 2017-Mon Aug 28 09:45:00 2017: <b>Status:</b> free <strong>Visit Type:</strong> Dermatology Office Visit</div>"
        },
        "serviceType": [
          {
            "coding": [
              {
                "system": "http://fhir.org/guides/argonaut-scheduling/CodeSystem/visit-type",
                "code": "office-visit",
                "display": "OFFICE VISIT"
              }
            ],
            "text": "OFFICE VISIT"
          }
        ],
        "specialty": [
          {
            "coding": [
              {
                "code": "394582007",
                "display": "Dermatology"
              }
            ]
          }
        ],
        "schedule": {
          "reference": "Schedule/2017-08-28-derm"
        },
        "status": "free",
        "start": "2017-08-28T09:30:00+09:30",
        "end": "2017-08-28T09:45:00+09:45"
      },
      "search": {
        "mode": "match"
      }
    },
    {
      "fullUrl": "https://example.com/base/Slot/2017-08-28T094500-arg-s-1",
      "resource": {
        "resourceType": "Slot",
        "id": "2017-08-28T094500-arg-s-1",
        "meta": {
          "profile": [
            "http://fhir.org/guides/argonaut-scheduling/StructureDefinition/prefetch-slot"
          ]
        },
        "text": {
          "status": "generated",
          "div": "<div xmlns=\"http://www.w3.org/1999/xhtml\"><strong>Time Slot:</strong> August 28 09:45:00 2017-Mon Aug 28 10:00:00 2017: <b>Status:</b> free <strong>Visit Type:</strong> Dermatology Office Visit   </div>"
        },
        "serviceType": [
          {
            "coding": [
              {
                "system": "http://fhir.org/guides/argonaut-scheduling/CodeSystem/visit-type",
                "code": "office-visit",
                "display": "OFFICE VISIT"
              }
            ],
            "text": "OFFICE VISIT"
          }
        ],
        "specialty": [
          {
            "coding": [
              {
                "code": "394582007",
                "display": "Dermatology"
              }
            ]
          }
        ],
        "schedule": {
          "reference": "Schedule/2017-08-28-derm"
        },
        "status": "free",
        "start": "2017-08-28T09:45:00+09:45",
        "end": "2017-08-28T10:00:00+10:00"
      },
      "search": {
        "mode": "match"
      }
    },
    {
      "fullUrl": "https://example.com/base/OperationOutcome/arg-slot-prefetch-1",
      "resource": {
        "resourceType": "OperationOutcome",
        "id": "example",
        "text": {
          "status": "generated",
          "div": "<div xmlns=\"http://www.w3.org/1999/xhtml\"><p><b>Generated Narrative with Details</b></p><p><b>id</b>: example</p><h3>Issues</h3><table class=\"grid\"><tr><td>-</td><td><b>Severity</b></td><td><b>Code</b></td><td><b>Details</b></td></tr><tr><td>*</td><td>information</td><td>informational</td><td>the prefetch slot operation was successful <span style=\"background: LightGoldenRodYellow\">(Details )</span></td></tr></table></div>"
        },
        "issue": [
          {
            "severity": "information",
            "code": "informational",
            "details": {
              "text": "the prefetch slot operation was successful"
            }
          }
        ]
      },
      "search": {
        "mode": "outcome"
      }
    }
  ]
}