<?xml version="1.0" encoding="UTF-8"?>

<CapabilityStatement xmlns="http://hl7.org/fhir">
  <id value="server"/>
  <text>
    <status value="additional"/><div xmlns="http://www.w3.org/1999/xhtml">
			<h2 id="argonaut-scheduling-conformance-requirements">Argonaut Scheduling Conformance Requirements</h2>
			<p>This section outlines conformance requirements for the Argonaut Scheduling Servers application, identifying the specific profiles that need to be supported, the specific RESTful operations that need to be supported, and the search parameters that need to be supported. Note: The individual Argonaut Scheduling profiles identify the structural constraints, terminology bindings and invariants, however, implementers must refer to the conformance requirements for details on the RESTful operations, specific profiles and the search parameters applicable to each of the Argonaut Scheduling actors.</p>
			<h3 id="conformance-requirements-for-the-argonaut-scheduling-implementation-guide-server">Conformance requirements for the Argonaut Scheduling Implementation Guide Server</h3>
			<ul>
				<li>FHIR Version: 3.0.1</li>
				<li>Supported formats: xml, json</li>
				<li>Published: March 20, 2018</li>
				<li>Published by: The Argonaut Project</li>
			</ul>
			<p>The Section describes the expected Capabilities of the Argonaut Scheduling Scheduling Server which is responsible for providing responses to the requests submitted by the Argonaut Scheduling Clients. The complete list of FHIR profiles, RESTful operations, and search parameters supported by Argonaut Scheduling Servers are defined.</p>
			<h4 id="behavior">Behavior</h4>
			<p>Description:</p>
			<p>The Argonaut Scheduling Server <strong>SHALL</strong>:</p>
			<ol>
				<li>Support at least one Argonaut Scheduling patient or provider use case.</li>
				<li>Implement the RESTful behavior according to the FHIR specification including returning the appropriate response classes as described in the FHIR specification for <a href="{{site.data.fhir.path}}/http.html">FHIR RESTful API</a> and <a href="{{site.data.fhir.path}}/operations.html">Extended Operations on the RESTful API</a>.</li>
				<li>Conform to the <a href="http://hl7.org/fhir/us/core/1.0.1">US Core Implementation Guiide</a>.</li>
				<li>Support <em>json</em> resource formats for all Argonaut Scheduling interactions.</li>
				<li>Declare a CapabilityStatement identifying the list of profiles, operations, search parameter supported.</li>
			</ol>
			<p>The Argonaut Scheduling Server <strong>SHOULD</strong>:</p>
			<ol>
				<li>Support <em>xml</em> resource formats for all Argonaut Scheduling interactions.</li>
				<li>Identify the Argonaut Scheduling profiles supported as part of the FHIR <code>meta.profile</code> attribute for each instance.</li>
			</ol>
			<h4 id="security-">Security:</h4>
			<p>For general security consideration refer to the <a href="http://hl7.org/fhir/us/core/security.html">Security section</a> in the US Core Implementation Guide.</p>
			<h4 id="profile-interaction-summary-">Profile Interaction Summary:</h4>
			<p>Specific server capabilities are described in detail in each of the resource sections below.</p>
			<table class="grid">
				<thead>
					<tr>
						<th>Resource Type</th>
						<th>Supported Profiles</th>
						<th>Supported Interactions</th>
					</tr>
				</thead>
				<tbody>
					<tr>
						<td>
							<a href="#appointment">Appointment</a>
						</td>
						<td>Argonaut Appointment Profile</td>
						<td>read, search, patch, $find, $hold, $book</td>
					</tr>
					<tr>
						<td>
							<a href="#bundle">Bundle</a>
						</td>
						<td>Argonaut Appointment Bundle Profile, Argonaut Slot Bundle Profile</td>
						<td>
						</td>
					</tr>
					<tr>
						<td>
							<a href="#coverage">Coverage</a>
						</td>
						<td>Argonaut Coverage Profile</td>
						<td>create, update</td>
					</tr>
					<tr>
						<td>
							<a href="#patient">Patient</a>
						</td>
						<td>US Core Patient Profile</td>
						<td>search, create</td>
					</tr>
					<tr>
						<td>
							<a href="#schedule">Schedule</a>
						</td>
						<td>Argonaut Schedule Notification Profile</td>
						<td>
						</td>
					</tr>
					<tr>
						<td>
							<a href="#slot">Slot</a>
						</td>
						<td>Argonaut Prefetch Slot Profile</td>
						<td>$prefetch</td>
					</tr>
					<tr>
						<td>
							<a href="#subscription">Subscription</a>
						</td>
						<td>Argonaut Scheduling Subscription Profile</td>
						<td>create, delete</td>
					</tr>
				</tbody>
			</table>
			<h4 id="resource-details-">Resource  Details:</h4>
			<hr/>
			<h4 id="appointment">Appointment</h4>
			<p>Supported Profiles:  <a href="StructureDefinition-argo-appt.html">Argonaut Appointment Profile</a>
			</p>
			<p>Capabilities:</p>
			<ol>
				<li>
					<p>A server <strong>SHALL</strong> be capable of returning Appointments using:</p>
					<p>
						<code>GET [base]/Appointment/[id]</code>.</p>
				</li>
				<li>
					<p>A server <strong>SHALL</strong> be capable of returning Appointments using search:</p>
					<p>
						<code>GET [base]/Appointment?patient=[id]{&amp;status=[status]}{&amp;date=[date]{&amp;date=[date]}}{&amp;practitioner=[id]}</code>
					</p>
					<ol>
						<li>
							<p>A server <strong>SHALL</strong> support the following search parameters:</p>
							<ul>
								<li>_id</li>
								<li>patient</li>
							</ul>
						</li>
						<li>
							<p>A server <strong>SHOULD</strong> support the following search parameters:</p>
							<ul>
								<li>status</li>
								<li>date - including the date modifiers ‘ge’,’le’,’gt’,’lt’</li>
								<li>practitioner</li>
							</ul>
						</li>
					</ol>
				</li>
			</ol>
			<ol>
				<li>
					<p>A server <strong>SHALL</strong> be capable of returning Appointments by supporting  the <a href="OperationDefinition-appointment-find.html">Appointment Availability Operation</a>.</p>
					<ul>
						<li>
							<p>Both the <code>GET</code> and <code>POST</code> Syntax SHALL be supported:</p>
							<p>
								<code>GET [base]/Appointment/$find?{parameters}&amp;?{_count}</code>
							</p>
							<p>
								<code>POST [base]/Appointment/$find?{_count}</code>
							</p>
						</li>
					</ul>
				</li>
				<li>
					<p>A server <strong>SHALL</strong> be capable of creating or updating Appointments by supporting  the <a href="OperationDefinition-appointment-hold.html">Appointment Hold Operation</a>.</p>
					<p>
						<code>POST [base]/Appointment/[id]/$hold</code>
					</p>
					<p>
						<code>POST [base]/Appointment/$hold</code>
					</p>
				</li>
				<li>
					<p>A server <strong>SHALL</strong> be capable of creating or updating Appointments by supporting  the <a href="OperationDefinition-appointment-book.html">Appointment Book Operation</a>.</p>
					<p>
						<code>POST [base]/Appointment/[id]/$hold</code>
					</p>
					<p>
						<code>POST [base]/Appointment/$hold</code>
					</p>
				</li>
				<li>
					<p>A server <strong>SHALL</strong> be capable of updating Appointments by supporting patch and <strong>SHALL</strong> declare support for JSON, XML, or FHIRPath Patch.</p>
					<p>
						<code>PATCH [Base]/Appointment/[id]</code>
					</p>
				</li>
			</ol>
			<hr/>
			<h4 id="bundle">Bundle</h4>
			<p>Supported Profiles:</p>
			<ul>
				<li>
					<a href="StructureDefinition-avail-bundle.html">Argonaut Appointment Bundle Profile</a>
				</li>
				<li>
					<a href="StructureDefinition-slot-bundle.html">Argonaut Slot Bundle Profile</a>
				</li>
			</ul>
			<h4 id="coverage">Coverage</h4>
			<p>Supported Profiles:  <a href="StructureDefinition-argo-coverage.html">Argonaut Coverage Profile</a>
			</p>
			<p>Capabilities:</p>
			<ol>
				<li>
					<p>A server <strong>SHOULD</strong> be capable of updating or creating a patient's Coverage.</p>
					<ul>
						<li>A server MAY reject certain updates to the coverage information (for example, type of coverage) and SHOULD return an OperationOutcome explaining the reason.</li>
					</ul>
					<p>
						<code>PUT [base]/Coverage/[id]</code>
					</p>
					<p>
						<code>PUT or POST [base]/Coverage</code>
					</p>
				</li>
			</ol>
			<hr/>
			<h4 id="patient">Patient</h4>
			<p>Supported Profiles:  <a href="{{site.data.fhir.uscore}}/StructureDefinition-us-core-patient.html#search">US Core Patient Profile</a>
			</p>
			<h5>Capabilities</h5>
			<ol>
				<li>
					<p>A server <strong>SHALL</strong> be capable of searching for Patients as defined in the US Core Implementation Guide.</p>
				</li>
				<li>
					<p>A server <strong>SHOULD</strong> be capable of creating Patients by supporting create</p>
					<p>
						<code>POST [base]/Patient</code>
					</p>
					<ul>
						<li>The server <strong>SHOULD</strong> create a new patient resource only if the patient resource does not already exist in the system. If the patient is already registered within the system, the existing patient resource <strong>SHOULD</strong> be returned.</li>
					</ul>
				</li>
			</ol>
			<hr/>
			<h4 id="schedule">Schedule</h4>
			<p>Supported Profiles:  <a href="StructureDefinition-argo-sched-notif.html">Argonaut Schedule Notification Profile</a>
			</p>
			<hr/>
			<h4 id="slot">Slot</h4>
			<p>Supported Profiles:  <a href="StructureDefinition-prefetch-slot.html">Argonaut Prefetch Slot Profile</a>
			</p>
			<p>Capabilities:</p>
			<ol>
				<li>
					<p>A server <strong>SHALL</strong> be capable of returning Slots by supporting  the <a href="OperationDefinition-appointment-find.html">Appointment Availability Operation</a>.</p>
					<ul>
						<li>
							<p>Both the <code>GET</code> and <code>POST</code> Syntax SHALL be supported:</p>
							<p>
								<code>GET [base]/Slot/$prefetch?{parameters}</code>
							</p>
							<p>
								<code>POST [base]/Slot/$prefetch</code>
							</p>
						</li>
					</ul>
				</li>
			</ol>
			<hr/>
			<h4 id="subscription">Subscription</h4>
			<p>Supported Profiles:  <a href="StructureDefinition-argo-sub-notif.html">Argonaut Scheduling Subscription Profile</a>
			</p>
			<p>Capabilities:</p>
			<ol>
				<li>
					<p>A server <strong>SHALL</strong> be capable of creating Subscriptions</p>
					<p>
						<code>POST [base]/Subscription</code>
					</p>
				</li>
				<li>
					<p>A server <strong>SHALL</strong> be capable of deleting Subscriptions</p>
					<p>
						<code>DELETE [base]/Subscription</code>
					</p>
				</li>
			</ol>
			<br/>
		</div>
  </text>
  <url value="http://fhir.org/guides/argonaut-scheduling/CapabilityStatement/server"/>
  <version value="1.0.0"/>
  <name value="Argonaut_Scheduling_Server_CapabilityStatement"/>
  <title value="Argonaut Scheduling Server CapabilityStatement"/>
  <status value="active"/>
  <experimental value="false"/>
  <date value="2018-03-18T18:00:00+11:00"/>
  <publisher value="Argonaut Project"/>
  <description value="The Argonaut Scheduling Server CapabilityStatement provides a for a complete list of supported RESTful interactions for the Argonaut Scheduling Implementation Guide"/>
  <jurisdiction>
    <coding>
      <system value="urn:iso:std:iso:3166"/>
      <code value="US"/>
      <display value="United States of America"/>
    </coding>
  </jurisdiction>
  <kind value="requirements"/>
  <fhirVersion value="3.0.1"/>
  <format value="application/fhir+xml"/>
  <format value="application/fhir+json"/>
  <patchFormat value="application/json-patch+json"/>
  <patchFormat value="application/xml-patch+xml"/>
  <patchFormat value="application/fhirpath-patch+fhirpath"/>
  <implementationGuide value="http://fhir.org/guides/argonaut-scheduling/ImplementationGuide/ig"/>
  <implementationGuide value="http://hl7.org/fhir/us/core/ImplementationGuide/ig"/>
  <rest>
    <mode value="server"/>
    <documentation value="The [Argonaut](http://argonautwiki.hl7.org/) Scheduling Project is a vendor agnostic specification providing FHIR RESTful APIs and guidance for access to and booking of appointments for patients by both patient and practitioner end users. This specification is based on [FHIR Version 3.0.1]({{site.data.fhir.path}}) and specifically the [Scheduling and Appointment resources]({{site.data.fhir.path}}/administration-module.html#sched)."/>
    <security>
      <service>
        <coding>
          <system value="http://hl7.org/fhir/restful-security-service"/>
          <code value="SMART-on-FHIR"/>
        </coding>
      </service>
      <description value="For general security consideration refer to the [Security section](http://hl7.org/fhir/us/core/security.html) in the US Core Implementation Guide."/>
    </security>
    <resource>
      <type value="Appointment"/>
      <interaction>
        <extension url="http://hl7.org/fhir/StructureDefinition/capabilitystatement-expectation">
          <valueCode value="SHALL"/>
        </extension>
        <code value="read"/>
      </interaction>
      <interaction>
        <extension url="http://hl7.org/fhir/StructureDefinition/capabilitystatement-expectation">
          <valueCode value="SHALL"/>
        </extension>
        <code value="search-type"/>
      </interaction>
      <interaction>
        <extension url="http://hl7.org/fhir/StructureDefinition/capabilitystatement-expectation">
          <valueCode value="SHALL"/>
        </extension>
        <code value="patch"/>
      </interaction>
      <referencePolicy value="enforced"/>
      <searchParam>
        <extension url="http://hl7.org/fhir/StructureDefinition/capabilitystatement-expectation">
          <valueCode value="SHALL"/>
        </extension>
        <name value="_id"/>
        <definition value="http://hl7.org/fhir/SearchParameter/_id"/>
        <type value="token"/>
      </searchParam>
      <searchParam>
        <extension url="http://hl7.org/fhir/StructureDefinition/capabilitystatement-expectation">
          <valueCode value="SHALL"/>
        </extension>
        <name value="patient"/>
        <definition value="http://hl7.org/fhir/SearchParameter/patient"/>
        <type value="reference"/>
      </searchParam>
      <searchParam>
        <extension url="http://hl7.org/fhir/StructureDefinition/capabilitystatement-expectation">
          <valueCode value="SHOULD"/>
        </extension>
        <name value="status"/>
        <definition value="http://hl7.org/fhir/SearchParameter/status"/>
        <type value="token"/>
      </searchParam>
      <searchParam>
        <extension url="http://hl7.org/fhir/StructureDefinition/capabilitystatement-expectation">
          <valueCode value="SHOULD"/>
        </extension>
        <name value="date"/>
        <definition value="http://hl7.org/fhir/SearchParameter/date"/>
        <type value="date"/>
      </searchParam>
      <searchParam>
        <extension url="http://hl7.org/fhir/StructureDefinition/capabilitystatement-expectation">
          <valueCode value="SHOULD"/>
        </extension>
        <name value="practitioner"/>
        <definition value="http://hl7.org/fhir/SearchParameter/practitioner"/>
        <type value="reference"/>
        <documentation value="including the date modifiers &#x2018;ge&#x2019;,&#x2019;le&#x2019;,&#x2019;gt&#x2019;,&#x2019;lt&#x2019;"/>
      </searchParam>
    </resource>
    <resource>
      <type value="Coverage"/>
      <interaction>
        <extension url="http://hl7.org/fhir/StructureDefinition/capabilitystatement-expectation">
          <valueCode value="SHOULD"/>
        </extension>
        <code value="create"/>
      </interaction>
      <interaction>
        <extension url="http://hl7.org/fhir/StructureDefinition/capabilitystatement-expectation">
          <valueCode value="SHOULD"/>
        </extension>
        <code value="update"/>
      </interaction>
      <updateCreate value="true"/>
      <referencePolicy value="enforced"/>
    </resource>
    <resource>
      <type value="Patient"/>
      <documentation value="A serve **SHALL** be capable of searching for Patients as defined in the US Core Implementation Guide"/>
      <interaction>
        <extension url="http://hl7.org/fhir/StructureDefinition/capabilitystatement-expectation">
          <valueCode value="SHOULD"/>
        </extension>
        <code value="create"/>
      </interaction>
      <interaction>
        <extension url="http://hl7.org/fhir/StructureDefinition/capabilitystatement-expectation">
          <valueCode value="SHALL"/>
        </extension>
        <code value="search-type"/>
      </interaction>
      <referencePolicy value="enforced"/>
    </resource>
    <resource>
      <type value="Subscription"/>
      <interaction>
        <extension url="http://hl7.org/fhir/StructureDefinition/capabilitystatement-expectation">
          <valueCode value="SHALL"/>
        </extension>
        <code value="create"/>
      </interaction>
      <interaction>
        <extension url="http://hl7.org/fhir/StructureDefinition/capabilitystatement-expectation">
          <valueCode value="SHALL"/>
        </extension>
        <code value="delete"/>
      </interaction>
    </resource>
    <operation>
      <extension url="http://hl7.org/fhir/StructureDefinition/capabilitystatement-expectation">
        <valueCode value="SHALL"/>
      </extension>
      <name value="find"/>
      <definition>
        <reference value="http://fhir.org/guides/argonaut-scheduling/OperationDefinition/appointment-find"/>
      </definition>
    </operation>
    <operation>
      <extension url="http://hl7.org/fhir/StructureDefinition/capabilitystatement-expectation">
        <valueCode value="SHALL"/>
      </extension>
      <name value="hold"/>
      <definition>
        <reference value="http://fhir.org/guides/argonaut-scheduling/OperationDefinition/appointment-hold"/>
      </definition>
    </operation>
    <operation>
      <extension url="http://hl7.org/fhir/StructureDefinition/capabilitystatement-expectation">
        <valueCode value="SHALL"/>
      </extension>
      <name value="book"/>
      <definition>
        <reference value="http://fhir.org/guides/argonaut-scheduling/OperationDefinition/appointment-book"/>
      </definition>
    </operation>
    <operation>
      <extension url="http://hl7.org/fhir/StructureDefinition/capabilitystatement-expectation">
        <valueCode value="SHALL"/>
      </extension>
      <name value="prefetch"/>
      <definition>
        <reference value="http://fhir.org/guides/argonaut-scheduling/OperationDefinition/slot-prefetch"/>
      </definition>
    </operation>
  </rest>
</CapabilityStatement>