<?xml version="1.0" encoding="UTF-8"?>

<CodeSystem xmlns="http://hl7.org/fhir">
  <id value="visit-type"/>
  <text>
    <status value="generated"/><div xmlns="http://www.w3.org/1999/xhtml"><h2>Argonaut Visit Type Codes</h2><div><p>The Argonaut Visit Types are a prioritized valueset of the most common 'business types' for scheduling and have been identified as the baseline use cases for the  Argonaut Scheduling Implementation Guide.  This is intended to facilitates implementation of the IG by provide a common starting point for interoperability.  The Visit types can be extended by implementers to meet there use cases.  In order to align with the FHIR Appointment, Schedule and Slot resources, these concepts are mapped to the Argonaut Appointment Types and Argonaut Scheduling Services Valuesets which are Snomed Concepts.</p>
</div><p>This code system http://fhir.org/guides/argonaut-scheduling/CodeSystem/visit-type defines the following codes:</p><table class="codes"><tr><td style="white-space:nowrap"><b>Code</b></td><td><b>Display</b></td><td><b>Definition</b></td></tr><tr><td style="white-space:nowrap">breast-imaging<a name="visit-type-breast-imaging"> </a></td><td>BREAST IMAGING</td><td>breast imaging  visit</td></tr><tr><td style="white-space:nowrap">consult<a name="visit-type-consult"> </a></td><td>CONSULTATION</td><td>consultation visit</td></tr><tr><td style="white-space:nowrap">ct<a name="visit-type-ct"> </a></td><td>COMPUTED TOMOGRAPHY SCAN(CT)</td><td>computed tomography scan(ct) visit</td></tr><tr><td style="white-space:nowrap">dental<a name="visit-type-dental"> </a></td><td>DENTAL</td><td>dental visit</td></tr><tr><td style="white-space:nowrap">dxa<a name="visit-type-dxa"> </a></td><td>DUAL-ENERGY X-RAY ABSORPTIOMETRY(DXA)</td><td>Dual-energy X-ray absorptiometry(dxa) visit</td></tr><tr><td style="white-space:nowrap">echo<a name="visit-type-echo"> </a></td><td>ECHOCARDIOGRAPHY(ECHO)</td><td>echocardiography(echo) visit</td></tr><tr><td style="white-space:nowrap">echo-stresstest<a name="visit-type-echo-stresstest"> </a></td><td>ECHOCARDIOGRAPHY(ECHO) STRESS TEST</td><td>echocardiography(echo) stress test visit</td></tr><tr><td style="white-space:nowrap">ed-followup<a name="visit-type-ed-followup"> </a></td><td>EDUCATION FOLLOW UP</td><td>education follow up visit</td></tr><tr><td style="white-space:nowrap">eeg<a name="visit-type-eeg"> </a></td><td>ELECTROENCEPHALOGRAPHY(EEG)</td><td>Electroencephalography(eeg) visit</td></tr><tr><td style="white-space:nowrap">egd<a name="visit-type-egd"> </a></td><td>ESOPHAGOGASTRODUODENOSCOPY(EGD)</td><td>esophagogastroduodenoscopy(egd) visit</td></tr><tr><td style="white-space:nowrap">ekg<a name="visit-type-ekg"> </a></td><td>ELECTROCARDIOGRAM(EKG)</td><td>electrocardiogram(ekg) visit</td></tr><tr><td style="white-space:nowrap">evaluation<a name="visit-type-evaluation"> </a></td><td>EVALUATION</td><td>evaluation visit</td></tr><tr><td style="white-space:nowrap">flu-shot-clinic<a name="visit-type-flu-shot-clinic"> </a></td><td>INFLUENZA VACCINATION CLINIC</td><td>Influenza vaccination clinic visit</td></tr><tr><td style="white-space:nowrap">fluoroscopy<a name="visit-type-fluoroscopy"> </a></td><td>FLUOROSCOPY</td><td>fluoroscopy visit</td></tr><tr><td style="white-space:nowrap">follow-up<a name="visit-type-follow-up"> </a></td><td>FOLLOW UP</td><td>follow up visit</td></tr><tr><td style="white-space:nowrap">home-health<a name="visit-type-home-health"> </a></td><td>HOME HEALTH VISIT</td><td>home health visit visit</td></tr><tr><td style="white-space:nowrap">injection<a name="visit-type-injection"> </a></td><td>INJECTION</td><td>injection visit</td></tr><tr><td style="white-space:nowrap">inter-rad<a name="visit-type-inter-rad"> </a></td><td>INTERVENTIONAL RADIOLOGY</td><td>interventional radiology visit</td></tr><tr><td style="white-space:nowrap">lab<a name="visit-type-lab"> </a></td><td>LABORATORY TESTS</td><td>Laboratory Testing visit</td></tr><tr><td style="white-space:nowrap">minor-surgery<a name="visit-type-minor-surgery"> </a></td><td>MINOR SURGERY</td><td>minor surgery visit</td></tr><tr><td style="white-space:nowrap">mri<a name="visit-type-mri"> </a></td><td>MAGNETIC RESONANCE IMAGING(MRI)</td><td>magnetic resonance imaging(mri) visit</td></tr><tr><td style="white-space:nowrap">new-patient<a name="visit-type-new-patient"> </a></td><td>NEW PATIENT</td><td>new patient visit</td></tr><tr><td style="white-space:nowrap">nuc-med<a name="visit-type-nuc-med"> </a></td><td>NUCLEAR MEDICINE</td><td>nuclear medicine visit</td></tr><tr><td style="white-space:nowrap">occup-therapy<a name="visit-type-occup-therapy"> </a></td><td>OCCUPATIONAL THERAPY</td><td>occupational therapy visit</td></tr><tr><td style="white-space:nowrap">office-visit<a name="visit-type-office-visit"> </a></td><td>OFFICE VISIT</td><td>office visit</td></tr><tr><td style="white-space:nowrap">physical<a name="visit-type-physical"> </a></td><td>PHYSICAL</td><td>physical visit</td></tr><tr><td style="white-space:nowrap">post-op<a name="visit-type-post-op"> </a></td><td>POST-OPERATIVE(POST-OP)</td><td>post-operative visit</td></tr><tr><td style="white-space:nowrap">pre-admit-testing<a name="visit-type-pre-admit-testing"> </a></td><td>PRE-ADMISSION TESTING VISIT</td><td>pre-admission testing visit visit</td></tr><tr><td style="white-space:nowrap">pre-op<a name="visit-type-pre-op"> </a></td><td>PRE-OPERATIVE(PRE-OP)</td><td>pre-operative(pre-op) visit</td></tr><tr><td style="white-space:nowrap">procedure<a name="visit-type-procedure"> </a></td><td>PROCEDURE</td><td>procedure visit</td></tr><tr><td style="white-space:nowrap">same-day<a name="visit-type-same-day"> </a></td><td>SAME DAY</td><td>same day visit</td></tr><tr><td style="white-space:nowrap">stress-test<a name="visit-type-stress-test"> </a></td><td>STRESS TEST</td><td>stress test visit</td></tr><tr><td style="white-space:nowrap">surgery<a name="visit-type-surgery"> </a></td><td>SURGERY</td><td>surgery visit</td></tr><tr><td style="white-space:nowrap">treatment<a name="visit-type-treatment"> </a></td><td>TREATMENT</td><td>treatment visit</td></tr><tr><td style="white-space:nowrap">ultrasound<a name="visit-type-ultrasound"> </a></td><td>ULTRASOUND</td><td>ultrasound visit</td></tr><tr><td style="white-space:nowrap">urgent<a name="visit-type-urgent"> </a></td><td>URGENT</td><td>urgent visit</td></tr><tr><td style="white-space:nowrap">vaccine<a name="visit-type-vaccine"> </a></td><td>VACCINATION</td><td>vaccination visit</td></tr><tr><td style="white-space:nowrap">vision<a name="visit-type-vision"> </a></td><td>VISION</td><td>vision visit</td></tr><tr><td style="white-space:nowrap">walk-in<a name="visit-type-walk-in"> </a></td><td>WALK IN</td><td>walk in visit</td></tr><tr><td style="white-space:nowrap">well-child<a name="visit-type-well-child"> </a></td><td>WELL CHILD</td><td>well child visit</td></tr><tr><td style="white-space:nowrap">x-ray<a name="visit-type-x-ray"> </a></td><td>X-RAY</td><td>x-ray visit</td></tr></table></div>
  </text>
  <url value="http://fhir.org/guides/argonaut-scheduling/CodeSystem/visit-type"/>
  <version value="1.0.0"/>
  <name value="Argonaut_Visit_Types_Codes"/>
  <title value="Argonaut Visit Type Codes"/>
  <status value="active"/>
  <experimental value="false"/>
  <date value="2017-07-31T02:46:45+10:00"/>
  <description value="The Argonaut Visit Types are a prioritized valueset of the most common &#39;business types&#39; for scheduling and have been identified as the baseline use cases for the  Argonaut Scheduling Implementation Guide.  This is intended to facilitates implementation of the IG by provide a common starting point for interoperability.  The Visit types can be extended by implementers to meet there use cases.  In order to align with the FHIR Appointment, Schedule and Slot resources, these concepts are mapped to the Argonaut Appointment Types and Argonaut Scheduling Services Valuesets which are Snomed Concepts."/>
  <jurisdiction>
    <coding>
      <system value="urn:iso:std:iso:3166"/>
      <code value="US"/>
      <display value="United States of America"/>
    </coding>
  </jurisdiction>
  <caseSensitive value="true"/>
  <valueSet value="http://fhir.org/guides/argonaut-scheduling/ValueSet/visit-type"/>
  <content value="complete"/>
  <concept>
    <code value="breast-imaging"/>
    <display value="BREAST IMAGING"/>
    <definition value="breast imaging  visit"/>
  </concept>
  <concept>
    <code value="consult"/>
    <display value="CONSULTATION"/>
    <definition value="consultation visit"/>
  </concept>
  <concept>
    <code value="ct"/>
    <display value="COMPUTED TOMOGRAPHY SCAN(CT)"/>
    <definition value="computed tomography scan(ct) visit"/>
  </concept>
  <concept>
    <code value="dental"/>
    <display value="DENTAL"/>
    <definition value="dental visit"/>
  </concept>
  <concept>
    <code value="dxa"/>
    <display value="DUAL-ENERGY X-RAY ABSORPTIOMETRY(DXA)"/>
    <definition value="Dual-energy X-ray absorptiometry(dxa) visit"/>
  </concept>
  <concept>
    <code value="echo"/>
    <display value="ECHOCARDIOGRAPHY(ECHO)"/>
    <definition value="echocardiography(echo) visit"/>
  </concept>
  <concept>
    <code value="echo-stresstest"/>
    <display value="ECHOCARDIOGRAPHY(ECHO) STRESS TEST"/>
    <definition value="echocardiography(echo) stress test visit"/>
  </concept>
  <concept>
    <code value="ed-followup"/>
    <display value="EDUCATION FOLLOW UP"/>
    <definition value="education follow up visit"/>
  </concept>
  <concept>
    <code value="eeg"/>
    <display value="ELECTROENCEPHALOGRAPHY(EEG)"/>
    <definition value="Electroencephalography(eeg) visit"/>
  </concept>
  <concept>
    <code value="egd"/>
    <display value="ESOPHAGOGASTRODUODENOSCOPY(EGD)"/>
    <definition value="esophagogastroduodenoscopy(egd) visit"/>
  </concept>
  <concept>
    <code value="ekg"/>
    <display value="ELECTROCARDIOGRAM(EKG)"/>
    <definition value="electrocardiogram(ekg) visit"/>
  </concept>
  <concept>
    <code value="evaluation"/>
    <display value="EVALUATION"/>
    <definition value="evaluation visit"/>
  </concept>
  <concept>
    <code value="flu-shot-clinic"/>
    <display value="INFLUENZA VACCINATION CLINIC"/>
    <definition value="Influenza vaccination clinic visit"/>
  </concept>
  <concept>
    <code value="fluoroscopy"/>
    <display value="FLUOROSCOPY"/>
    <definition value="fluoroscopy visit"/>
  </concept>
  <concept>
    <code value="follow-up"/>
    <display value="FOLLOW UP"/>
    <definition value="follow up visit"/>
  </concept>
  <concept>
    <code value="home-health"/>
    <display value="HOME HEALTH VISIT"/>
    <definition value="home health visit visit"/>
  </concept>
  <concept>
    <code value="injection"/>
    <display value="INJECTION"/>
    <definition value="injection visit"/>
  </concept>
  <concept>
    <code value="inter-rad"/>
    <display value="INTERVENTIONAL RADIOLOGY"/>
    <definition value="interventional radiology visit"/>
  </concept>
  <concept>
    <code value="lab"/>
    <display value="LABORATORY TESTS"/>
    <definition value="Laboratory Testing visit"/>
  </concept>
  <concept>
    <code value="minor-surgery"/>
    <display value="MINOR SURGERY"/>
    <definition value="minor surgery visit"/>
  </concept>
  <concept>
    <code value="mri"/>
    <display value="MAGNETIC RESONANCE IMAGING(MRI)"/>
    <definition value="magnetic resonance imaging(mri) visit"/>
  </concept>
  <concept>
    <code value="new-patient"/>
    <display value="NEW PATIENT"/>
    <definition value="new patient visit"/>
  </concept>
  <concept>
    <code value="nuc-med"/>
    <display value="NUCLEAR MEDICINE"/>
    <definition value="nuclear medicine visit"/>
  </concept>
  <concept>
    <code value="occup-therapy"/>
    <display value="OCCUPATIONAL THERAPY"/>
    <definition value="occupational therapy visit"/>
  </concept>
  <concept>
    <code value="office-visit"/>
    <display value="OFFICE VISIT"/>
    <definition value="office visit"/>
  </concept>
  <concept>
    <code value="physical"/>
    <display value="PHYSICAL"/>
    <definition value="physical visit"/>
  </concept>
  <concept>
    <code value="post-op"/>
    <display value="POST-OPERATIVE(POST-OP)"/>
    <definition value="post-operative visit"/>
  </concept>
  <concept>
    <code value="pre-admit-testing"/>
    <display value="PRE-ADMISSION TESTING VISIT"/>
    <definition value="pre-admission testing visit visit"/>
  </concept>
  <concept>
    <code value="pre-op"/>
    <display value="PRE-OPERATIVE(PRE-OP)"/>
    <definition value="pre-operative(pre-op) visit"/>
  </concept>
  <concept>
    <code value="procedure"/>
    <display value="PROCEDURE"/>
    <definition value="procedure visit"/>
  </concept>
  <concept>
    <code value="same-day"/>
    <display value="SAME DAY"/>
    <definition value="same day visit"/>
  </concept>
  <concept>
    <code value="stress-test"/>
    <display value="STRESS TEST"/>
    <definition value="stress test visit"/>
  </concept>
  <concept>
    <code value="surgery"/>
    <display value="SURGERY"/>
    <definition value="surgery visit"/>
  </concept>
  <concept>
    <code value="treatment"/>
    <display value="TREATMENT"/>
    <definition value="treatment visit"/>
  </concept>
  <concept>
    <code value="ultrasound"/>
    <display value="ULTRASOUND"/>
    <definition value="ultrasound visit"/>
  </concept>
  <concept>
    <code value="urgent"/>
    <display value="URGENT"/>
    <definition value="urgent visit"/>
  </concept>
  <concept>
    <code value="vaccine"/>
    <display value="VACCINATION"/>
    <definition value="vaccination visit"/>
  </concept>
  <concept>
    <code value="vision"/>
    <display value="VISION"/>
    <definition value="vision visit"/>
  </concept>
  <concept>
    <code value="walk-in"/>
    <display value="WALK IN"/>
    <definition value="walk in visit"/>
  </concept>
  <concept>
    <code value="well-child"/>
    <display value="WELL CHILD"/>
    <definition value="well child visit"/>
  </concept>
  <concept>
    <code value="x-ray"/>
    <display value="X-RAY"/>
    <definition value="x-ray visit"/>
  </concept>
</CodeSystem>