{
  "resourceType": "OperationOutcome",
  "id": "example",
  "text": {
    "status": "generated",
    "div": "<div xmlns=\"http://www.w3.org/1999/xhtml\"><p><b>Generated Narrative with Details</b></p><p><b>id</b>: example</p><h3>Issues</h3><table class=\"grid\"><tr><td>-</td><td><b>Severity</b></td><td><b>Code</b></td><td><b>Details</b></td></tr><tr><td>*</td><td>information</td><td>informational</td><td>the appointment availability operation was successful <span style=\"background: LightGoldenRodYellow\">(Details )</span></td></tr></table></div>"
  },
  "issue": [
    {
      "severity": "information",
      "code": "informational",
      "details": {
        "text": "the appointment availability operation was successful"
      }
    }
  ]
}