<?xml version="1.0" encoding="UTF-8"?>

<Slot xmlns="http://hl7.org/fhir">
  <id value="2017-09-07T154500-arg-s-6"/>
  <meta>
    <profile value="http://fhir.org/guides/argonaut-scheduling/StructureDefinition/prefetch-slot"/>
  </meta>
  <text>
    <status value="generated"/><div xmlns="http://www.w3.org/1999/xhtml"><p><b>Generated Narrative with Details</b></p><p><b>id</b>: 2017-09-07T154500-arg-s-6</p><p><b>meta</b>: </p><p><b>serviceType</b>: WELL CHILD <span style="background: LightGoldenRodYellow">(Details : {http://fhir.org/guides/argonaut-scheduling/CodeSystem/visit-type code 'well-child' = 'WELL CHILD', given as 'WELL CHILD'})</span></p><p><b>specialty</b>: Family practice <span style="background: LightGoldenRodYellow">(Details : {[not stated] code '419772000' = '419772000', given as 'Family practice'})</span></p><p><b>schedule</b>: <a href="Schedule-arg-s-6.html">Generated Summary: id: arg-s-6; active; <span title="Codes: {http://fhir.org/guides/argonaut-scheduling/CodeSystem/visit-type well-child}">WELL CHILD</span>; <span title="Codes: {http://snomed.info/sct 419772000}">Family practice</span>; planningHorizon: 07/08/2017 12:00:00 AM --&gt; 07/08/2017 12:00:00 AM; comment: two week schedule for Dr. Y</a></p><p><b>status</b>: busy</p><p><b>start</b>: 07/09/2017 3:45:00 PM</p><p><b>end</b>: 07/09/2017 4:00:00 PM</p><p><b>comment</b>: age &gt; 1</p></div>
  </text>
  <serviceType>
    <coding>
      <system value="http://fhir.org/guides/argonaut-scheduling/CodeSystem/visit-type"/>
      <code value="well-child"/>
      <display value="WELL CHILD"/>
    </coding>
    <text value="WELL CHILD"/>
  </serviceType>
  <specialty>
    <coding>
      <code value="419772000"/>
      <display value="Family practice"/>
    </coding>
  </specialty>
  <schedule>
    <reference value="Schedule/arg-s-6"/>
  </schedule>
  <status value="busy"/>
  <start value="2017-09-07T15:45:00+00:00"/>
  <end value="2017-09-07T16:00:00+00:00"/>
  <comment value="age &gt; 1"/>
</Slot>