<?xml version="1.0" encoding="UTF-8"?>

<CodeSystem xmlns="http://hl7.org/fhir">
  <id value="udsplus-service-delivery-codes"/>
  <text>
    <status value="generated"/><div xmlns="http://www.w3.org/1999/xhtml"><p class="res-header-id"><b>Generated Narrative: CodeSystem udsplus-service-delivery-codes</b></p><a name="udsplus-service-delivery-codes"> </a><a name="hcudsplus-service-delivery-codes"> </a><a name="udsplus-service-delivery-codes-en-US"> </a><p>This case-sensitive code system <code>http://fhir.org/guides/hrsa/uds-plus/CodeSystem/udsplus-service-delivery-codes</code> defines the following codes:</p><table class="codes"><tr><td style="white-space:nowrap"><b>Code</b></td><td><b>Display</b></td><td><b>Definition</b></td></tr><tr><td style="white-space:nowrap">public-housing<a name="udsplus-service-delivery-codes-public-housing"> </a></td><td>Care was delivered in a Location that is considered public housing</td><td>Care was delivered in a Location that is considered public housing</td></tr><tr><td style="white-space:nowrap">school<a name="udsplus-service-delivery-codes-school"> </a></td><td>Care was delivered in a Location that is considered a school</td><td>Care was delivered in a Location that is considered a school</td></tr></table></div>
  </text>
  <extension url="http://hl7.org/fhir/StructureDefinition/structuredefinition-fmm">
    <valueInteger value="2">
      <extension url="http://hl7.org/fhir/StructureDefinition/structuredefinition-conformance-derivedFrom">
        <valueCanonical value="http://fhir.org/guides/hrsa/uds-plus/ImplementationGuide/fhir.hrsa.uds-plus"/>
      </extension>
    </valueInteger>
  </extension>
  <extension url="http://hl7.org/fhir/StructureDefinition/structuredefinition-standards-status">
    <valueCode value="trial-use">
      <extension url="http://hl7.org/fhir/StructureDefinition/structuredefinition-conformance-derivedFrom">
        <valueCanonical value="http://fhir.org/guides/hrsa/uds-plus/ImplementationGuide/fhir.hrsa.uds-plus"/>
      </extension>
    </valueCode>
  </extension>
  <url value="http://fhir.org/guides/hrsa/uds-plus/CodeSystem/udsplus-service-delivery-codes"/>
  <version value="2.0.0"/>
  <name value="UDSPlusServiceDeliveryCodes"/>
  <title value="UDS Plus Housing Service Delivery Codes"/>
  <status value="active"/>
  <experimental value="false"/>
  <date value="2022-09-06"/>
  <publisher value="HRSA BPHC"/>
  <contact>
    <telecom>
      <system value="url"/>
      <value value="https://bphc.hrsa.gov/"/>
    </telecom>
  </contact>
  <description value="The UDS Plus CodeSystem is an 'addition set' of one code to the existing Location Service Delivery Codes value set for UDS+ purposes."/>
  <jurisdiction>
    <coding>
      <system value="http://unstats.un.org/unsd/methods/m49/m49.htm"/>
      <code value="001"/>
    </coding>
  </jurisdiction>
  <caseSensitive value="true"/>
  <content value="complete"/>
  <count value="2"/>
  <concept>
    <code value="public-housing"/>
    <display value="Care was delivered in a Location that is considered public housing"/>
    <definition value="Care was delivered in a Location that is considered public housing"/>
  </concept>
  <concept>
    <code value="school"/>
    <display value="Care was delivered in a Location that is considered a school"/>
    <definition value="Care was delivered in a Location that is considered a school"/>
  </concept>
</CodeSystem>