<?xml version="1.0" encoding="UTF-8"?>

<Goal xmlns="http://hl7.org/fhir">
  <id value="housing-insecurity-example-1"/>
  <meta>
    <profile value="http://hl7.org/fhir/us/sdoh-clinicalcare/StructureDefinition/SDOHCC-Goal"/>
  </meta>
  <text>
    <status value="generated"/><div xmlns="http://www.w3.org/1999/xhtml"><p class="res-header-id"><b>Generated Narrative: Goal housing-insecurity-example-1</b></p><a name="housing-insecurity-example-1"> </a><a name="hchousing-insecurity-example-1"> </a><div style="display: inline-block; background-color: #d9e0e7; padding: 6px; margin: 4px; border: 1px solid #8da1b4; border-radius: 5px; line-height: 60%"><p style="margin-bottom: 0px"/><p style="margin-bottom: 0px">Profile: <a href="http://hl7.org/fhir/us/sdoh-clinicalcare/STU2.3/StructureDefinition-SDOHCC-Goal.html">SDOHCC Goal</a></p></div><p><b>lifecycleStatus</b>: Active</p><p><b>achievementStatus</b>: <span title="Codes:{http://terminology.hl7.org/CodeSystem/goal-achievement improving}">Improving</span></p><p><b>category</b>: <span title="Codes:{http://hl7.org/fhir/us/sdoh-clinicalcare/CodeSystem/SDOHCC-CodeSystemTemporaryCodes housing-instability}">Housing Instability</span></p><p><b>description</b>: <span title="Codes:{http://snomed.info/sct 611211000124100}">Housing security (finding)</span></p><p><b>subject</b>: <a href="Patient-bh-patient-example.html">James Wolff</a></p><h3>Targets</h3><table class="grid"><tr><td style="display: none">-</td><td><b>Measure</b></td><td><b>Detail[x]</b></td><td><b>Due[x]</b></td></tr><tr><td style="display: none">*</td><td><span title="Codes:{http://loinc.org 93033-9}">Are you worried about losing your housing [PRAPARE]</span></td><td><span title="Codes:{http://loinc.org LA33-6}">Yes</span></td><td>2024-12-10</td></tr></table><p><b>statusDate</b>: 2024-02-01</p></div>
  </text>
  <lifecycleStatus value="active"/>
  <achievementStatus>
    <coding>
      <system value="http://terminology.hl7.org/CodeSystem/goal-achievement"/>
      <code value="improving"/>
      <display value="Improving"/>
    </coding>
  </achievementStatus>
  <category>
    <coding>
      <system value="http://hl7.org/fhir/us/sdoh-clinicalcare/CodeSystem/SDOHCC-CodeSystemTemporaryCodes"/>
      <code value="housing-instability"/>
      <display value="Housing Instability"/>
    </coding>
  </category>
  <description>
    <coding>
      <system value="http://snomed.info/sct"/>
      <code value="611211000124100"/>
      <display value="Housing security (finding)"/>
    </coding>
  </description>
  <subject>
    <reference value="Patient/bh-patient-example"/>
    <display value="James Wolff"/>
  </subject>
  <target>
    <measure>
      <coding>
        <system value="http://loinc.org"/>
        <code value="93033-9"/>
        <display value="Are you worried about losing your housing [PRAPARE]"/>
      </coding>
    </measure>
    <detailCodeableConcept>
      <coding>
        <system value="http://loinc.org"/>
        <code value="LA33-6"/>
        <display value="Yes"/>
      </coding>
    </detailCodeableConcept>
    <dueDate value="2024-12-10"/>
  </target>
  <statusDate value="2024-02-01"/>
</Goal>