<?xml version="1.0" encoding="UTF-8"?>

<Observation xmlns="http://hl7.org/fhir">
  <id value="weight-example-1"/>
  <meta>
    <profile value="http://hl7.org/fhir/us/core/StructureDefinition/us-core-body-weight|6.1.0"/>
  </meta>
  <text>
    <status value="generated"/><div xmlns="http://www.w3.org/1999/xhtml"><p class="res-header-id"><b>Generated Narrative: Observation weight-example-1</b></p><a name="weight-example-1"> </a><a name="hcweight-example-1"> </a><div style="display: inline-block; background-color: #d9e0e7; padding: 6px; margin: 4px; border: 1px solid #8da1b4; border-radius: 5px; line-height: 60%"><p style="margin-bottom: 0px"/><p style="margin-bottom: 0px">Profile: <a href="http://hl7.org/fhir/us/core/STU6.1/StructureDefinition-us-core-body-weight.html">US Core Body Weight Profileversion: null6.1.0)</a></p></div><p><b>status</b>: Final</p><p><b>category</b>: <span title="Codes:{http://terminology.hl7.org/CodeSystem/observation-category vital-signs}">Vital Signs</span></p><p><b>code</b>: <span title="Codes:{http://loinc.org 29463-7}">Body Weight</span></p><p><b>subject</b>: <a href="Patient-bh-patient-example.html">James Wolff</a></p><p><b>effective</b>: 2024-02-01</p><p><b>performer</b>: <a href="Practitioner-pcp-provider-example-1.html">Dr. Doc Family</a></p><p><b>value</b>: 81.65 kg<span style="background: LightGoldenRodYellow"> (Details: UCUM  codekg = 'kg')</span></p></div>
  </text>
  <status value="final"/>
  <category>
    <coding>
      <system value="http://terminology.hl7.org/CodeSystem/observation-category"/>
      <code value="vital-signs"/>
      <display value="Vital Signs"/>
    </coding>
    <text value="Vital Signs"/>
  </category>
  <code>
    <coding>
      <system value="http://loinc.org"/>
      <code value="29463-7"/>
      <display value="Body Weight"/>
    </coding>
    <text value="Body Weight"/>
  </code>
  <subject>
    <reference value="Patient/bh-patient-example"/>
    <display value="James Wolff"/>
  </subject>
  <effectiveDateTime value="2024-02-01"/>
  <performer>
    <reference value="Practitioner/pcp-provider-example-1"/>
    <display value="Dr. Doc Family"/>
  </performer>
  <valueQuantity>
    <value value="81.65"/>
    <unit value="kg"/>
    <system value="http://unitsofmeasure.org"/>
    <code value="kg"/>
  </valueQuantity>
</Observation>