{
  "resourceType" : "ValueSet",
  "id" : "bh-funding-types",
  "text" : {
    "status" : "extensions",
    "div" : "<div xmlns=\"http://www.w3.org/1999/xhtml\"><p class=\"res-header-id\"><b>Generated Narrative: ValueSet bh-funding-types</b></p><a name=\"bh-funding-types\"> </a><a name=\"hcbh-funding-types\"> </a><ul><li>Include these codes as defined in <a href=\"CodeSystem-bh-funding-type-codes.html\"><code>http://fhir.org/guides/astp/bhp/CodeSystem/bh-funding-type-codes</code></a><table class=\"none\"><tr><td style=\"white-space:nowrap\"><b>Code</b></td><td><b>Display</b></td><td><b>Definition</b></td></tr><tr><td><a href=\"CodeSystem-bh-funding-type-codes.html#bh-funding-type-codes-discretionary\">discretionary</a></td><td>Discretionary Funding</td><td>Discretionary Funding</td></tr><tr><td><a href=\"CodeSystem-bh-funding-type-codes.html#bh-funding-type-codes-grant-funding-type\">grant-funding-type</a></td><td>Grant Funding Type</td><td>Grant Funding Type</td></tr><tr><td><a href=\"CodeSystem-bh-funding-type-codes.html#bh-funding-type-codes-funding-program-info\">funding-program-info</a></td><td>Program Funding Information</td><td>Program Funding Information</td></tr></table></li></ul></div>"
  },
  "url" : "http://fhir.org/guides/astp/bhp/ValueSet/bh-funding-types",
  "version" : "0.1.0",
  "name" : "BehavioralHealthProgramFundingTypes",
  "title" : "Behavioral Health Program Funding Types",
  "status" : "draft",
  "experimental" : true,
  "date" : "2025-08-18T22:11:44+10:00",
  "publisher" : "ASTP / BHIT",
  "contact" : [{
    "telecom" : [{
      "system" : "url",
      "value" : "https://www.healthit.gov/"
    }]
  }],
  "description" : "This ValueSet defines coded concepts pertaining to a Behavioral Health program/grant.",
  "compose" : {
    "include" : [{
      "system" : "http://fhir.org/guides/astp/bhp/CodeSystem/bh-funding-type-codes",
      "concept" : [{
        "code" : "discretionary",
        "display" : "Discretionary Funding"
      },
      {
        "code" : "grant-funding-type",
        "display" : "Grant Funding Type"
      },
      {
        "code" : "funding-program-info",
        "display" : "Program Funding Information"
      }]
    }]
  }
}