{
  "codeSystems" : [
    {
      "url" : "http://fhir.org/guides/astp/bhp/ValueSet/bh-funding-types",
      "version" : "0.1.0",
      "status" : "draft",
      "name" : "BehavioralHealthProgramFundingTypes",
      "title" : "Behavioral Health Program Funding Types",
      "description" : "This ValueSet defines coded concepts pertaining to a Behavioral Health program/grant.",
      "systems" : [
        "http://fhir.org/guides/astp/bhp/CodeSystem/bh-funding-type-codes"
      ],
      "uses" : {
      },
      "StructureDefinition-bh-grant-info.html" : "Behavioral Health Grant Funding Information"
    },
    {
      "url" : "http://fhir.org/guides/astp/bhp/ValueSet/mental-health-clinical-note-types",
      "version" : "0.1.0",
      "status" : "draft",
      "name" : "MentalHealthClinicalNoteTypes",
      "title" : "Mental Health Clinical Note Types",
      "description" : "This ValueSet defines the LOINC codes for Mental Health Clinical Note types.",
      "systems" : ["http://loinc.org"],
      "uses" : {
      },
      "StructureDefinition-mental-health-clinical-notes.html" : "Mental Health Clinical Notes"
    }
  ]
}
