{
  "resourceType" : "CodeSystem",
  "id" : "udsplus-housing-status-codes",
  "text" : {
    "status" : "generated",
    "div" : "<div xmlns=\"http://www.w3.org/1999/xhtml\"><p class=\"res-header-id\"><b>Generated Narrative: CodeSystem udsplus-housing-status-codes</b></p><a name=\"udsplus-housing-status-codes\"> </a><a name=\"hcudsplus-housing-status-codes\"> </a><a name=\"udsplus-housing-status-codes-en-US\"> </a><p>This case-sensitive code system <code>http://fhir.org/guides/hrsa/uds-plus/CodeSystem/udsplus-housing-status-codes</code> defines the following codes:</p><table class=\"codes\"><tr><td style=\"white-space:nowrap\"><b>Code</b></td><td><b>Display</b></td><td><b>Definition</b></td></tr><tr><td style=\"white-space:nowrap\">homeless-shelter<a name=\"udsplus-housing-status-codes-homeless-shelter\"> </a></td><td>Patients in Homeless Shelters</td><td>Patients who are living in a homeless shelter</td></tr><tr><td style=\"white-space:nowrap\">transitional<a name=\"udsplus-housing-status-codes-transitional\"> </a></td><td>Patients in transitional state</td><td>Patients who do not have a house and are in a transitional state</td></tr><tr><td style=\"white-space:nowrap\">doubling-up<a name=\"udsplus-housing-status-codes-doubling-up\"> </a></td><td>Patients doubling up</td><td>Patients who are doubling up with others.</td></tr><tr><td style=\"white-space:nowrap\">street<a name=\"udsplus-housing-status-codes-street\"> </a></td><td>Patients who are on the streets</td><td>Patients who do not have a house and are living on the streets</td></tr><tr><td style=\"white-space:nowrap\">permanent-supportive-housing<a name=\"udsplus-housing-status-codes-permanent-supportive-housing\"> </a></td><td>Patients in permanent supportive housing</td><td>Patients who are living in a permanent supportive housing</td></tr><tr><td style=\"white-space:nowrap\">other<a name=\"udsplus-housing-status-codes-other\"> </a></td><td>Patients who have other kinds of accomodation</td><td>Patients who have other kinds of accomodation</td></tr><tr><td style=\"white-space:nowrap\">unknown<a name=\"udsplus-housing-status-codes-unknown\"> </a></td><td>Patients with Unknown accomodation</td><td>Patients with Unknown accomodation</td></tr></table></div>"
  },
  "extension" : [{
    "url" : "http://hl7.org/fhir/StructureDefinition/structuredefinition-fmm",
    "valueInteger" : 2,
    "_valueInteger" : {
      "extension" : [{
        "url" : "http://hl7.org/fhir/StructureDefinition/structuredefinition-conformance-derivedFrom",
        "valueCanonical" : "http://fhir.org/guides/hrsa/uds-plus/ImplementationGuide/fhir.hrsa.uds-plus"
      }]
    }
  },
  {
    "url" : "http://hl7.org/fhir/StructureDefinition/structuredefinition-standards-status",
    "valueCode" : "trial-use",
    "_valueCode" : {
      "extension" : [{
        "url" : "http://hl7.org/fhir/StructureDefinition/structuredefinition-conformance-derivedFrom",
        "valueCanonical" : "http://fhir.org/guides/hrsa/uds-plus/ImplementationGuide/fhir.hrsa.uds-plus"
      }]
    }
  }],
  "url" : "http://fhir.org/guides/hrsa/uds-plus/CodeSystem/udsplus-housing-status-codes",
  "version" : "1.1.0",
  "name" : "UDSPlusHousingStatusCodes",
  "title" : "UDS Plus Housing Status Codes",
  "status" : "active",
  "experimental" : false,
  "date" : "2022-09-06",
  "publisher" : "HRSA BPHC",
  "contact" : [{
    "telecom" : [{
      "system" : "url",
      "value" : "https://bphc.hrsa.gov/"
    }]
  }],
  "description" : "The UDS Plus CodeSystem is a 'starter set' of codes supported for identifying Housing status of patients in UDS+ program.",
  "jurisdiction" : [{
    "coding" : [{
      "system" : "http://unstats.un.org/unsd/methods/m49/m49.htm",
      "code" : "001"
    }]
  }],
  "caseSensitive" : true,
  "valueSet" : "http://fhir.org/guides/hrsa/uds-plus/ValueSet/udsplus-housing-status",
  "content" : "complete",
  "count" : 7,
  "concept" : [{
    "code" : "homeless-shelter",
    "display" : "Patients in Homeless Shelters",
    "definition" : "Patients who are living in a homeless shelter"
  },
  {
    "code" : "transitional",
    "display" : "Patients in transitional state",
    "definition" : "Patients who do not have a house and are in a transitional state"
  },
  {
    "code" : "doubling-up",
    "display" : "Patients doubling up",
    "definition" : "Patients who are doubling up with others."
  },
  {
    "code" : "street",
    "display" : "Patients who are on the streets",
    "definition" : "Patients who do not have a house and are living on the streets"
  },
  {
    "code" : "permanent-supportive-housing",
    "display" : "Patients in permanent supportive housing",
    "definition" : "Patients who are living in a permanent supportive housing"
  },
  {
    "code" : "other",
    "display" : "Patients who have other kinds of accomodation",
    "definition" : "Patients who have other kinds of accomodation"
  },
  {
    "code" : "unknown",
    "display" : "Patients with Unknown accomodation",
    "definition" : "Patients with Unknown accomodation"
  }]
}