{
  "resourceType" : "Observation",
  "id" : "generic-observation-de-identified-example",
  "meta" : {
    "profile" : ["http://fhir.org/guides/hrsa/uds-plus/StructureDefinition/uds-plus-observation"]
  },
  "extension" : [{
    "url" : "http://fhir.org/guides/hrsa/uds-plus/StructureDefinition/uds-plus-deidentified-instant-extension",
    "valueDateTime" : "2005"
  }],
  "status" : "final",
  "category" : [{
    "coding" : [{
      "system" : "http://terminology.hl7.org/CodeSystem/observation-category",
      "code" : "social-history",
      "display" : "Social History"
    }]
  }],
  "code" : {
    "coding" : [{
      "system" : "http://snomed.info/sct",
      "code" : "160695008",
      "display" : "Transport too expensive"
    }]
  },
  "subject" : {
    "reference" : "Patient/de-identified-example"
  },
  "effectiveDateTime" : "2021",
  "valueBoolean" : true
}