{
  "resourceType" : "ServiceRequest",
  "id" : "de-identified-example",
  "meta" : {
    "profile" : ["http://fhir.org/guides/hrsa/uds-plus/StructureDefinition/uds-plus-servicerequest"]
  },
  "status" : "completed",
  "intent" : "order",
  "doNotPerform" : false,
  "code" : {
    "coding" : [{
      "system" : "http://snomed.info/sct",
      "code" : "76164006",
      "display" : "Biopsy of colon (procedure)"
    }]
  },
  "subject" : {
    "reference" : "Patient/de-identified-example"
  },
  "encounter" : {
    "reference" : "Encounter/de-identified-example"
  },
  "authoredOn" : "2017",
  "requester" : {
    "reference" : "Practitioner/example"
  },
  "bodySite" : [{
    "coding" : [{
      "system" : "http://snomed.info/sct",
      "code" : "485005",
      "display" : "Transverse colon structure"
    }]
  }]
}