﻿{
  "openapi": "3.0.2",
  "info": {
    "title": "Argonaut Clinical Notes Client CapabilityStatement",
    "description": "This profile defines the expected capabilities of an Argonaut Data Query Client when conforming to the Argonaut Clinical Notes IG. The complete list of FHIR profiles, RESTful operations, and search parameters supported by Argonaut Servers are defined in the Capability Statements for Server. ",
    "license": {
      "url": "http://spdx.org/licenses/CC0-1.0.html"
    },
    "version": "1.0.0",
    "contact": {
      "name": "The Argonaut Project"
    }
  },
  "externalDocs": {
    "url": "http://fhir.org/guides/argonaut/clinicalnotes/CapabilityStatement/argonaut-clinical-notes-client",
    "description": "FHIR CapabilityStatement"
  },
  "components": {
    "parameters": {
      "summary": {
        "summary": {
          "name": "_summary",
          "in": "query",
          "description": "Requests the server to return a designated subset of the resource",
          "allowEmptyValue": true,
          "style": "matrix",
          "schema": {
            "type": "string",
            "enum": [
              "true",
              "text",
              "data",
              "count",
              "false"
            ]
          }
        }
      },
      "format": {
        "format": {
          "name": "_format",
          "in": "query",
          "description": "Specify alternative response formats by their MIME-types (when a client is unable acccess accept: header)",
          "allowEmptyValue": true,
          "style": "matrix",
          "schema": {
            "type": "string",
            "format": "mime-type"
          }
        }
      },
      "pretty": {
        "pretty": {
          "name": "_pretty",
          "in": "query",
          "description": "Ask for a pretty printed response for human convenience",
          "allowEmptyValue": true,
          "style": "matrix",
          "schema": {
            "type": "boolean"
          }
        }
      },
      "elements": {
        "elements": {
          "name": "_elements",
          "in": "query",
          "description": "Requests the server to return a collection of elements from the resource",
          "allowEmptyValue": true,
          "style": "matrix",
          "explode": false,
          "schema": {
            "type": "array",
            "format": "string"
          }
        }
      }
    }
  }
}