<?xml version="1.0" encoding="UTF-8"?><Bundle xmlns="http://hl7.org/fhir"><type value="collection"/><entry><resource><OperationOutcome><issue><extension url="http://hl7.org/fhir/StructureDefinition/operationoutcome-issue-source"><valueCode value="Publisher"/></extension><severity value="error"/><code value="not-found"/><details><text value="The link &#39;Brenda.Jennings.Richard.MD@direct.argonaut.org&#39; cannot be resolved"/></details><location value="C:\work\org.hl7.fhir.us\argonaut-pd\output\Bundle-66c8856b-ba11-4876-8aa8-467aad8c11a2.html#/html/body/div/div/div/div/div/div/p/a at Line 107, column 4076"/></issue></OperationOutcome></resource></entry><entry><resource><OperationOutcome><extension url="http://hl7.org/fhir/StructureDefinition/operationoutcome-file"><valueString value="C:\work\org.hl7.fhir.us\argonaut-pd\examples\Endpoint_Example"/></extension><issue><extension url="http://hl7.org/fhir/StructureDefinition/operationoutcome-issue-source"><valueCode value="InstanceValidator"/></extension><severity value="error"/><code value="structure"/><details><text value="Unable to resolve the profile reference &#39;http://fhir.org/guides/argonaut-pd/StructureDefinition-argo-organization&#39;"/></details><location value="Endpoint/example-endpoint-1: Endpoint.managingOrganization (line 12, col27)"/></issue><issue><extension url="http://hl7.org/fhir/StructureDefinition/operationoutcome-issue-source"><valueCode value="InstanceValidator"/></extension><severity value="warning"/><code value="code-invalid"/><details><text value="None of the codes provided are in the value set http://hl7.org/fhir/ValueSet/endpoint-payload-type (http://hl7.org/fhir/ValueSet/endpoint-payload-type, and a code should come from this value set unless it has no suitable code) (codes = urn:oid:1.3.6.1.4.1.19376.1.2.3#urn:hl7-org:sdwg:ccda-structuredBody:1.1)"/></details><location value="Endpoint/example-endpoint-1: Endpoint.payloadType (line 15, col18)"/></issue></OperationOutcome></resource></entry><entry><resource><OperationOutcome><extension url="http://hl7.org/fhir/StructureDefinition/operationoutcome-file"><valueString value="C:\work\org.hl7.fhir.us\argonaut-pd\examples\Endpoint_Example2"/></extension><issue><extension url="http://hl7.org/fhir/StructureDefinition/operationoutcome-issue-source"><valueCode value="InstanceValidator"/></extension><severity value="error"/><code value="structure"/><details><text value="Unable to resolve the profile reference &#39;http://fhir.org/guides/argonaut-pd/StructureDefinition-argo-organization&#39;"/></details><location value="Endpoint/example-endpoint-2: Endpoint.managingOrganization (line 12, col27)"/></issue><issue><extension url="http://hl7.org/fhir/StructureDefinition/operationoutcome-issue-source"><valueCode value="InstanceValidator"/></extension><severity value="warning"/><code value="code-invalid"/><details><text value="None of the codes provided are in the value set http://hl7.org/fhir/ValueSet/endpoint-payload-type (http://hl7.org/fhir/ValueSet/endpoint-payload-type, and a code should come from this value set unless it has no suitable code) (codes = http://example.org#HL7_ADT)"/></details><location value="Endpoint/example-endpoint-2: Endpoint.payloadType (line 15, col18)"/></issue></OperationOutcome></resource></entry><entry><resource><OperationOutcome><extension url="http://hl7.org/fhir/StructureDefinition/operationoutcome-file"><valueString value="C:\work\org.hl7.fhir.us\argonaut-pd\examples\Location_Example1"/></extension><issue><extension url="http://hl7.org/fhir/StructureDefinition/operationoutcome-issue-source"><valueCode value="InstanceValidator"/></extension><severity value="warning"/><code value="code-invalid"/><details><text value="The value provided (&#39;MA&#39;) is not in the value set http://hl7.org/fhir/ValueSet/usps-state (http://hl7.org/fhir/ValueSet/usps-state, and a code should come from this value set unless it has no suitable code) (error message = com.google.gson.stream.MalformedJsonException: Use JsonReader.setLenient(true) to accept malformed JSON at line 1 column 10 path $)"/></details><location value="Location/example-location-1: Location.address.state (line 38, col24)"/></issue><issue><extension url="http://hl7.org/fhir/StructureDefinition/operationoutcome-issue-source"><valueCode value="InstanceValidator"/></extension><severity value="error"/><code value="structure"/><details><text value="Unable to resolve the profile reference &#39;http://fhir.org/guides/argonaut-pd/StructureDefinition-argo-organization&#39;"/></details><location value="Location/example-location-1: Location.managingOrganization (line 53, col27)"/></issue></OperationOutcome></resource></entry><entry><resource><OperationOutcome><extension url="http://hl7.org/fhir/StructureDefinition/operationoutcome-file"><valueString value="C:\work\org.hl7.fhir.us\argonaut-pd\examples\Location_Example2_with_EndPoint"/></extension><issue><extension url="http://hl7.org/fhir/StructureDefinition/operationoutcome-issue-source"><valueCode value="InstanceValidator"/></extension><severity value="warning"/><code value="code-invalid"/><details><text value="The value provided (&#39;MA&#39;) is not in the value set http://hl7.org/fhir/ValueSet/usps-state (http://hl7.org/fhir/ValueSet/usps-state, and a code should come from this value set unless it has no suitable code) (error message = com.google.gson.stream.MalformedJsonException: Use JsonReader.setLenient(true) to accept malformed JSON at line 1 column 10 path $)"/></details><location value="Location/example-location-2: Location.address.state (line 61, col24)"/></issue><issue><extension url="http://hl7.org/fhir/StructureDefinition/operationoutcome-issue-source"><valueCode value="InstanceValidator"/></extension><severity value="error"/><code value="structure"/><details><text value="Unable to resolve the profile reference &#39;http://fhir.org/guides/argonaut-pd/StructureDefinition-argo-organization&#39;"/></details><location value="Location/example-location-2: Location.managingOrganization (line 76, col27)"/></issue><issue><extension url="http://hl7.org/fhir/StructureDefinition/operationoutcome-issue-source"><valueCode value="InstanceValidator"/></extension><severity value="error"/><code value="structure"/><details><text value="Unable to resolve the profile reference &#39;http://fhir.org/guides/argonaut-pd/StructureDefinition-argo-endpoint&#39;"/></details><location value="Location/example-location-2: Location.endpoint (line 79, col15)"/></issue></OperationOutcome></resource></entry><entry><resource><OperationOutcome><extension url="http://hl7.org/fhir/StructureDefinition/operationoutcome-file"><valueString value="C:\work\org.hl7.fhir.us\argonaut-pd\examples\Location_Example3_minimum"/></extension><issue><extension url="http://hl7.org/fhir/StructureDefinition/operationoutcome-issue-source"><valueCode value="InstanceValidator"/></extension><severity value="warning"/><code value="code-invalid"/><details><text value="The value provided (&#39;MA&#39;) is not in the value set http://hl7.org/fhir/ValueSet/usps-state (http://hl7.org/fhir/ValueSet/usps-state, and a code should come from this value set unless it has no suitable code) (error message = com.google.gson.stream.MalformedJsonException: Use JsonReader.setLenient(true) to accept malformed JSON at line 1 column 10 path $)"/></details><location value="Location/example-location-3: Location.address.state (line 22, col24)"/></issue><issue><extension url="http://hl7.org/fhir/StructureDefinition/operationoutcome-issue-source"><valueCode value="InstanceValidator"/></extension><severity value="error"/><code value="structure"/><details><text value="Unable to resolve the profile reference &#39;http://fhir.org/guides/argonaut-pd/StructureDefinition-argo-organization&#39;"/></details><location value="Location/example-location-3: Location.managingOrganization (line 30, col27)"/></issue></OperationOutcome></resource></entry><entry><resource><OperationOutcome><extension url="http://hl7.org/fhir/StructureDefinition/operationoutcome-file"><valueString value="C:\work\org.hl7.fhir.us\argonaut-pd\examples\Organization_Example"/></extension><issue><extension url="http://hl7.org/fhir/StructureDefinition/operationoutcome-issue-source"><valueCode value="InstanceValidator"/></extension><severity value="error"/><code value="code-invalid"/><details><text value="The value provided (&#39;MA&#39;) is not in the value set http://hl7.org/fhir/ValueSet/usps-state (http://hl7.org/fhir/ValueSet/usps-state, and a code is required from this value set) (error message = com.google.gson.stream.MalformedJsonException: Use JsonReader.setLenient(true) to accept malformed JSON at line 1 column 10 path $)"/></details><location value="Organization/example-organization-1: Organization.address.state (line 35, col28)"/></issue></OperationOutcome></resource></entry><entry><resource><OperationOutcome><extension url="http://hl7.org/fhir/StructureDefinition/operationoutcome-file"><valueString value="C:\work\org.hl7.fhir.us\argonaut-pd\examples\Organization_Example_w_EndPoint"/></extension><issue><extension url="http://hl7.org/fhir/StructureDefinition/operationoutcome-issue-source"><valueCode value="InstanceValidator"/></extension><severity value="error"/><code value="code-invalid"/><details><text value="The value provided (&#39;MA&#39;) is not in the value set http://hl7.org/fhir/ValueSet/usps-state (http://hl7.org/fhir/ValueSet/usps-state, and a code is required from this value set) (error message = com.google.gson.stream.MalformedJsonException: Use JsonReader.setLenient(true) to accept malformed JSON at line 1 column 10 path $)"/></details><location value="Organization/example-organization-2: Organization.address.state (line 66, col20)"/></issue><issue><extension url="http://hl7.org/fhir/StructureDefinition/operationoutcome-issue-source"><valueCode value="InstanceValidator"/></extension><severity value="error"/><code value="structure"/><details><text value="Unable to resolve the profile reference &#39;http://fhir.org/guides/argonaut-pd/StructureDefinition-argo-endpoint&#39;"/></details><location value="Organization/example-organization-2: Organization.endpoint (line 69, col15)"/></issue></OperationOutcome></resource></entry><entry><resource><OperationOutcome><extension url="http://hl7.org/fhir/StructureDefinition/operationoutcome-file"><valueString value="C:\work\org.hl7.fhir.us\argonaut-pd\examples\PractitionerRole_Practitioner_Endpoint_Bundle_Example"/></extension><issue><extension url="http://hl7.org/fhir/StructureDefinition/operationoutcome-issue-source"><valueCode value="InstanceValidator"/></extension><severity value="error"/><code value="structure"/><details><text value="Unable to resolve the profile reference &#39;http://fhir.org/guides/argonaut-pd/StructureDefinition-argo-practitioner&#39;"/></details><location value="Bundle/66c8856b-ba11-4876-8aa8-467aad8c11a2: Bundle.entry[1].resource.practitioner (line 21, col31)"/></issue><issue><extension url="http://hl7.org/fhir/StructureDefinition/operationoutcome-issue-source"><valueCode value="InstanceValidator"/></extension><severity value="error"/><code value="structure"/><details><text value="Unable to resolve the profile reference &#39;http://fhir.org/guides/argonaut-pd/StructureDefinition-argo-organization&#39;"/></details><location value="Bundle/66c8856b-ba11-4876-8aa8-467aad8c11a2: Bundle.entry[1].resource.organization (line 25, col31)"/></issue><issue><extension url="http://hl7.org/fhir/StructureDefinition/operationoutcome-issue-source"><valueCode value="InstanceValidator"/></extension><severity value="warning"/><code value="code-invalid"/><details><text value="Display Name for 261QP2300X must be &#39;Primary Care&#39;"/></details><location value="Bundle/66c8856b-ba11-4876-8aa8-467aad8c11a2: Bundle.entry[1].resource.code (line 29, col23)"/></issue><issue><extension url="http://hl7.org/fhir/StructureDefinition/operationoutcome-issue-source"><valueCode value="InstanceValidator"/></extension><severity value="error"/><code value="structure"/><details><text value="Unable to resolve the profile reference &#39;http://fhir.org/guides/argonaut-pd/StructureDefinition-argo-location&#39;"/></details><location value="Bundle/66c8856b-ba11-4876-8aa8-467aad8c11a2: Bundle.entry[1].resource.location (line 43, col27)"/></issue><issue><extension url="http://hl7.org/fhir/StructureDefinition/operationoutcome-issue-source"><valueCode value="InstanceValidator"/></extension><severity value="error"/><code value="structure"/><details><text value="Unable to resolve the profile reference &#39;http://fhir.org/guides/argonaut-pd/StructureDefinition-argo-endpoint&#39;"/></details><location value="Bundle/66c8856b-ba11-4876-8aa8-467aad8c11a2: Bundle.entry[1].resource.endpoint[1] (line 47, col27)"/></issue><issue><extension url="http://hl7.org/fhir/StructureDefinition/operationoutcome-issue-source"><valueCode value="InstanceValidator"/></extension><severity value="error"/><code value="structure"/><details><text value="Unable to resolve the profile reference &#39;http://fhir.org/guides/argonaut-pd/StructureDefinition-argo-endpoint&#39;"/></details><location value="Bundle/66c8856b-ba11-4876-8aa8-467aad8c11a2: Bundle.entry[1].resource.endpoint[2] (line 51, col27)"/></issue><issue><extension url="http://hl7.org/fhir/StructureDefinition/operationoutcome-issue-source"><valueCode value="InstanceValidator"/></extension><severity value="error"/><code value="structure"/><details><text value="Unable to resolve the profile reference &#39;http://fhir.org/guides/argonaut-pd/StructureDefinition-argo-organization&#39;"/></details><location value="Bundle/66c8856b-ba11-4876-8aa8-467aad8c11a2: Bundle.entry[3].resource.managingOrganization (line 181, col39)"/></issue><issue><extension url="http://hl7.org/fhir/StructureDefinition/operationoutcome-issue-source"><valueCode value="InstanceValidator"/></extension><severity value="warning"/><code value="code-invalid"/><details><text value="None of the codes provided are in the value set http://hl7.org/fhir/ValueSet/endpoint-payload-type (http://hl7.org/fhir/ValueSet/endpoint-payload-type, and a code should come from this value set unless it has no suitable code) (codes = urn:oid:1.3.6.1.4.1.19376.1.2.3#urn:hl7-org:sdwg:ccda-structuredBody:1.1)"/></details><location value="Bundle/66c8856b-ba11-4876-8aa8-467aad8c11a2: Bundle.entry[3].resource.payloadType (line 184, col30)"/></issue></OperationOutcome></resource></entry><entry><resource><OperationOutcome><extension url="http://hl7.org/fhir/StructureDefinition/operationoutcome-file"><valueString value="C:\work\org.hl7.fhir.us\argonaut-pd\resources\endpoint-profile-spreadsheet"/></extension><issue><extension url="http://hl7.org/fhir/StructureDefinition/operationoutcome-issue-source"><valueCode value="Publisher"/></extension><severity value="information"/><code value="informational"/><details><text value="Resources generated by processing C:\work\org.hl7.fhir.us\argonaut-pd\resources\endpoint-profile-spreadsheet:  http://fhir.org/guides/argonaut-pd/StructureDefinition/argo-endpoint (&quot;Argonaut Provider Directory Endpoint&quot;)"/></details><location value="C:\work\org.hl7.fhir.us\argonaut-pd\resources\endpoint-profile-spreadsheet"/></issue></OperationOutcome></resource></entry><entry><resource><OperationOutcome><extension url="http://hl7.org/fhir/StructureDefinition/operationoutcome-file"><valueString value="C:\work\org.hl7.fhir.us\argonaut-pd\resources\location-profile-spreadsheet"/></extension><issue><extension url="http://hl7.org/fhir/StructureDefinition/operationoutcome-issue-source"><valueCode value="Publisher"/></extension><severity value="information"/><code value="informational"/><details><text value="Resources generated by processing C:\work\org.hl7.fhir.us\argonaut-pd\resources\location-profile-spreadsheet:  http://fhir.org/guides/argonaut-pd/StructureDefinition/argo-location (&quot;Argonaut Provider Directory Location&quot;)"/></details><location value="C:\work\org.hl7.fhir.us\argonaut-pd\resources\location-profile-spreadsheet"/></issue></OperationOutcome></resource></entry><entry><resource><OperationOutcome><extension url="http://hl7.org/fhir/StructureDefinition/operationoutcome-file"><valueString value="C:\work\org.hl7.fhir.us\argonaut-pd\resources\organization-profile-spreadsheet"/></extension><issue><extension url="http://hl7.org/fhir/StructureDefinition/operationoutcome-issue-source"><valueCode value="Publisher"/></extension><severity value="information"/><code value="informational"/><details><text value="Resources generated by processing C:\work\org.hl7.fhir.us\argonaut-pd\resources\organization-profile-spreadsheet:  http://fhir.org/guides/argonaut-pd/StructureDefinition/argo-organization (&quot;Argonaut Provider Directory Organization&quot;)"/></details><location value="C:\work\org.hl7.fhir.us\argonaut-pd\resources\organization-profile-spreadsheet"/></issue></OperationOutcome></resource></entry><entry><resource><OperationOutcome><extension url="http://hl7.org/fhir/StructureDefinition/operationoutcome-file"><valueString value="C:\work\org.hl7.fhir.us\argonaut-pd\resources\practitioner-profile-spreadsheet"/></extension><issue><extension url="http://hl7.org/fhir/StructureDefinition/operationoutcome-issue-source"><valueCode value="Publisher"/></extension><severity value="information"/><code value="informational"/><details><text value="Resources generated by processing C:\work\org.hl7.fhir.us\argonaut-pd\resources\practitioner-profile-spreadsheet:  http://fhir.org/guides/argonaut-pd/StructureDefinition/argo-practitioner (&quot;Argonaut Provider Directory Practitioner&quot;)"/></details><location value="C:\work\org.hl7.fhir.us\argonaut-pd\resources\practitioner-profile-spreadsheet"/></issue></OperationOutcome></resource></entry><entry><resource><OperationOutcome><extension url="http://hl7.org/fhir/StructureDefinition/operationoutcome-file"><valueString value="C:\work\org.hl7.fhir.us\argonaut-pd\resources\practitionerrole-profile-spreadsheet"/></extension><issue><extension url="http://hl7.org/fhir/StructureDefinition/operationoutcome-issue-source"><valueCode value="Publisher"/></extension><severity value="information"/><code value="informational"/><details><text value="Resources generated by processing C:\work\org.hl7.fhir.us\argonaut-pd\resources\practitionerrole-profile-spreadsheet:  http://fhir.org/guides/argonaut-pd/StructureDefinition/argo-practitionerrole (&quot;Argonaut Provider Directory PractitionerRole&quot;)"/></details><location value="C:\work\org.hl7.fhir.us\argonaut-pd\resources\practitionerrole-profile-spreadsheet"/></issue></OperationOutcome></resource></entry></Bundle>