{
  "resourceType": "StructureDefinition",
  "id": "argo-endpoint",
  "text": {
    "status": "generated",
    "div": "<div xmlns=\"http://www.w3.org/1999/xhtml\"><table border=\"0\" cellpadding=\"0\" cellspacing=\"0\" style=\"border: 0px #F0F0F0 solid; font-size: 11px; font-family: verdana; vertical-align: top;\"><tr style=\"border: 1px #F0F0F0 solid; font-size: 11px; font-family: verdana; vertical-align: top;\"><th style=\"vertical-align: top; text-align : left; background-color: white; border: 0px #F0F0F0 solid; padding:0px 4px 0px 4px\" class=\"hierarchy\"><a href=\"http://hl7.org/fhir/formats.html#table\" title=\"The logical name of the element\">Name</a></th><th style=\"vertical-align: top; text-align : left; background-color: white; border: 0px #F0F0F0 solid; padding:0px 4px 0px 4px\" class=\"hierarchy\"><a href=\"http://hl7.org/fhir/formats.html#table\" title=\"Information about the use of the element\">Flags</a></th><th style=\"vertical-align: top; text-align : left; background-color: white; border: 0px #F0F0F0 solid; padding:0px 4px 0px 4px\" class=\"hierarchy\"><a href=\"http://hl7.org/fhir/formats.html#table\" title=\"Minimum and Maximum # of times the the element can appear in the instance\">Card.</a></th><th style=\"width: 100px\" class=\"hierarchy\"><a href=\"http://hl7.org/fhir/formats.html#table\" title=\"Reference to the type of the element\">Type</a></th><th style=\"vertical-align: top; text-align : left; background-color: white; border: 0px #F0F0F0 solid; padding:0px 4px 0px 4px\" class=\"hierarchy\"><a href=\"http://hl7.org/fhir/formats.html#table\" title=\"Additional information about the element\">Description &amp; Constraints</a><span style=\"float: right\"><a href=\"http://hl7.org/fhir/formats.html#table\" title=\"Legend for this format\"><img src=\"http://hl7.org/fhir/help16.png\" alt=\"doco\" style=\"background-color: inherit\"/></a></span></th></tr><tr style=\"border: 0px #F0F0F0 solid; padding:0px; vertical-align: top; background-color: white;\"><td style=\"vertical-align: top; text-align : left; background-color: white; border: 0px #F0F0F0 solid; padding:0px 4px 0px 4px; white-space: nowrap; background-image: url(tbl_bck1.png)\" class=\"hierarchy\"><img src=\"tbl_spacer.png\" alt=\".\" style=\"background-color: inherit\" class=\"hierarchy\"/><img src=\"icon_element.gif\" alt=\".\" style=\"background-color: white; background-color: inherit\" title=\"Element\" class=\"hierarchy\"/> <a href=\"StructureDefinition-argo-endpoint-definitions.html#Endpoint\" title=\"This is basic constraint on Endpoint for use in Argonaut Provider Directory resources.\">Endpoint</a><a name=\"Endpoint\"> </a></td><td style=\"vertical-align: top; text-align : left; background-color: white; border: 0px #F0F0F0 solid; padding:0px 4px 0px 4px\" class=\"hierarchy\"/><td style=\"vertical-align: top; text-align : left; background-color: white; border: 0px #F0F0F0 solid; padding:0px 4px 0px 4px\" class=\"hierarchy\"><span style=\"opacity: 0.4\">0</span><span style=\"opacity: 0.5\">..</span><span style=\"opacity: 0.4\">*</span></td><td style=\"vertical-align: top; text-align : left; background-color: white; border: 0px #F0F0F0 solid; padding:0px 4px 0px 4px\" class=\"hierarchy\"/><td style=\"vertical-align: top; text-align : left; background-color: white; border: 0px #F0F0F0 solid; padding:0px 4px 0px 4px\" class=\"hierarchy\">Argonaut Provider Directory Endpoint</td></tr>\r\n<tr style=\"border: 0px #F0F0F0 solid; padding:0px; vertical-align: top; background-color: white;\"><td style=\"vertical-align: top; text-align : left; background-color: white; border: 0px #F0F0F0 solid; padding:0px 4px 0px 4px; white-space: nowrap; background-image: url(tbl_bck10.png)\" class=\"hierarchy\"><img src=\"tbl_spacer.png\" alt=\".\" style=\"background-color: inherit\" class=\"hierarchy\"/><img src=\"tbl_vjoin.png\" alt=\".\" style=\"background-color: inherit\" class=\"hierarchy\"/><img src=\"icon_element.gif\" alt=\".\" style=\"background-color: white; background-color: inherit\" title=\"Element\" class=\"hierarchy\"/> <a href=\"StructureDefinition-argo-endpoint-definitions.html#Endpoint.status\">status</a><a name=\"Endpoint.status\"> </a></td><td style=\"vertical-align: top; text-align : left; background-color: white; border: 0px #F0F0F0 solid; padding:0px 4px 0px 4px\" class=\"hierarchy\"><span style=\"padding: 3px; color: white; background-color: red\" title=\"This element must be supported\">S</span></td><td style=\"vertical-align: top; text-align : left; background-color: white; border: 0px #F0F0F0 solid; padding:0px 4px 0px 4px\" class=\"hierarchy\"><span style=\"opacity: 0.4\">1</span><span style=\"opacity: 0.5\">..</span><span style=\"opacity: 0.4\">1</span></td><td style=\"vertical-align: top; text-align : left; background-color: white; border: 0px #F0F0F0 solid; padding:0px 4px 0px 4px\" class=\"hierarchy\"><a style=\"opacity: 0.4\" href=\"http://hl7.org/fhir/datatypes.html#code\">code</a></td><td style=\"vertical-align: top; text-align : left; background-color: white; border: 0px #F0F0F0 solid; padding:0px 4px 0px 4px\" class=\"hierarchy\"><span style=\"font-weight:bold\">Binding: </span><a href=\"http://hl7.org/fhir/valueset-endpoint-status.html\">EndpointStatus</a> (<a href=\"http://hl7.org/fhir/terminologies.html#required\" title=\"To be conformant, the concept in this element SHALL be from the specified value set\">required</a>)</td></tr>\r\n<tr style=\"border: 0px #F0F0F0 solid; padding:0px; vertical-align: top; background-color: white;\"><td style=\"vertical-align: top; text-align : left; background-color: white; border: 0px #F0F0F0 solid; padding:0px 4px 0px 4px; white-space: nowrap; background-image: url(tbl_bck10.png)\" class=\"hierarchy\"><img src=\"tbl_spacer.png\" alt=\".\" style=\"background-color: inherit\" class=\"hierarchy\"/><img src=\"tbl_vjoin.png\" alt=\".\" style=\"background-color: inherit\" class=\"hierarchy\"/><img src=\"icon_element.gif\" alt=\".\" style=\"background-color: white; background-color: inherit\" title=\"Element\" class=\"hierarchy\"/> <a href=\"StructureDefinition-argo-endpoint-definitions.html#Endpoint.connectionType\">connectionType</a><a name=\"Endpoint.connectionType\"> </a></td><td style=\"vertical-align: top; text-align : left; background-color: white; border: 0px #F0F0F0 solid; padding:0px 4px 0px 4px\" class=\"hierarchy\"><span style=\"padding: 3px; color: white; background-color: red\" title=\"This element must be supported\">S</span></td><td style=\"vertical-align: top; text-align : left; background-color: white; border: 0px #F0F0F0 solid; padding:0px 4px 0px 4px\" class=\"hierarchy\"><span style=\"opacity: 0.4\">1</span><span style=\"opacity: 0.5\">..</span><span style=\"opacity: 0.4\">1</span></td><td style=\"vertical-align: top; text-align : left; background-color: white; border: 0px #F0F0F0 solid; padding:0px 4px 0px 4px\" class=\"hierarchy\"><a style=\"opacity: 0.4\" href=\"http://hl7.org/fhir/datatypes.html#Coding\">Coding</a></td><td style=\"vertical-align: top; text-align : left; background-color: white; border: 0px #F0F0F0 solid; padding:0px 4px 0px 4px\" class=\"hierarchy\"><span style=\"font-weight:bold\">Binding: </span><a href=\"http://hl7.org/fhir/valueset-endpoint-connection-type.html\">Endpoint Connection Type</a> (<a href=\"http://hl7.org/fhir/terminologies.html#required\" title=\"To be conformant, the concept in this element SHALL be from the specified value set\">required</a>)</td></tr>\r\n<tr style=\"border: 0px #F0F0F0 solid; padding:0px; vertical-align: top; background-color: white;\"><td style=\"vertical-align: top; text-align : left; background-color: white; border: 0px #F0F0F0 solid; padding:0px 4px 0px 4px; white-space: nowrap; background-image: url(tbl_bck10.png)\" class=\"hierarchy\"><img src=\"tbl_spacer.png\" alt=\".\" style=\"background-color: inherit\" class=\"hierarchy\"/><img src=\"tbl_vjoin.png\" alt=\".\" style=\"background-color: inherit\" class=\"hierarchy\"/><img src=\"icon_element.gif\" alt=\".\" style=\"background-color: white; background-color: inherit\" title=\"Element\" class=\"hierarchy\"/> <a href=\"StructureDefinition-argo-endpoint-definitions.html#Endpoint.name\">name</a><a name=\"Endpoint.name\"> </a></td><td style=\"vertical-align: top; text-align : left; background-color: white; border: 0px #F0F0F0 solid; padding:0px 4px 0px 4px\" class=\"hierarchy\"><span style=\"padding: 3px; color: white; background-color: red\" title=\"This element must be supported\">S</span></td><td style=\"vertical-align: top; text-align : left; background-color: white; border: 0px #F0F0F0 solid; padding:0px 4px 0px 4px\" class=\"hierarchy\">1..1</td><td style=\"vertical-align: top; text-align : left; background-color: white; border: 0px #F0F0F0 solid; padding:0px 4px 0px 4px\" class=\"hierarchy\"><a style=\"opacity: 0.4\" href=\"http://hl7.org/fhir/datatypes.html#string\">string</a></td><td style=\"vertical-align: top; text-align : left; background-color: white; border: 0px #F0F0F0 solid; padding:0px 4px 0px 4px\" class=\"hierarchy\"/></tr>\r\n<tr style=\"border: 0px #F0F0F0 solid; padding:0px; vertical-align: top; background-color: white;\"><td style=\"vertical-align: top; text-align : left; background-color: white; border: 0px #F0F0F0 solid; padding:0px 4px 0px 4px; white-space: nowrap; background-image: url(tbl_bck10.png)\" class=\"hierarchy\"><img src=\"tbl_spacer.png\" alt=\".\" style=\"background-color: inherit\" class=\"hierarchy\"/><img src=\"tbl_vjoin.png\" alt=\".\" style=\"background-color: inherit\" class=\"hierarchy\"/><img src=\"icon_reference.png\" alt=\".\" style=\"background-color: white; background-color: inherit\" title=\"Reference to another Resource\" class=\"hierarchy\"/> <a href=\"StructureDefinition-argo-endpoint-definitions.html#Endpoint.managingOrganization\">managingOrganization</a><a name=\"Endpoint.managingOrganization\"> </a></td><td style=\"vertical-align: top; text-align : left; background-color: white; border: 0px #F0F0F0 solid; padding:0px 4px 0px 4px\" class=\"hierarchy\"><span style=\"padding: 3px; color: white; background-color: red\" title=\"This element must be supported\">S</span></td><td style=\"vertical-align: top; text-align : left; background-color: white; border: 0px #F0F0F0 solid; padding:0px 4px 0px 4px\" class=\"hierarchy\">1..1</td><td style=\"vertical-align: top; text-align : left; background-color: white; border: 0px #F0F0F0 solid; padding:0px 4px 0px 4px\" class=\"hierarchy\"><a href=\"http://hl7.org/fhir/references.html\">Reference</a>(http://fhir.org/guides/argonaut-pd/StructureDefinition-argo-organization)</td><td style=\"vertical-align: top; text-align : left; background-color: white; border: 0px #F0F0F0 solid; padding:0px 4px 0px 4px\" class=\"hierarchy\"/></tr>\r\n<tr style=\"border: 0px #F0F0F0 solid; padding:0px; vertical-align: top; background-color: white;\"><td style=\"vertical-align: top; text-align : left; background-color: white; border: 0px #F0F0F0 solid; padding:0px 4px 0px 4px; white-space: nowrap; background-image: url(tbl_bck10.png)\" class=\"hierarchy\"><img src=\"tbl_spacer.png\" alt=\".\" style=\"background-color: inherit\" class=\"hierarchy\"/><img src=\"tbl_vjoin.png\" alt=\".\" style=\"background-color: inherit\" class=\"hierarchy\"/><img src=\"icon_element.gif\" alt=\".\" style=\"background-color: white; background-color: inherit\" title=\"Element\" class=\"hierarchy\"/> <a href=\"StructureDefinition-argo-endpoint-definitions.html#Endpoint.payloadType\">payloadType</a><a name=\"Endpoint.payloadType\"> </a></td><td style=\"vertical-align: top; text-align : left; background-color: white; border: 0px #F0F0F0 solid; padding:0px 4px 0px 4px\" class=\"hierarchy\"><span style=\"padding: 3px; color: white; background-color: red\" title=\"This element must be supported\">S</span></td><td style=\"vertical-align: top; text-align : left; background-color: white; border: 0px #F0F0F0 solid; padding:0px 4px 0px 4px\" class=\"hierarchy\"><span style=\"opacity: 0.4\">1</span><span style=\"opacity: 0.5\">..</span><span style=\"opacity: 0.4\">*</span></td><td style=\"vertical-align: top; text-align : left; background-color: white; border: 0px #F0F0F0 solid; padding:0px 4px 0px 4px\" class=\"hierarchy\"><a style=\"opacity: 0.4\" href=\"http://hl7.org/fhir/datatypes.html#CodeableConcept\">CodeableConcept</a></td><td style=\"vertical-align: top; text-align : left; background-color: white; border: 0px #F0F0F0 solid; padding:0px 4px 0px 4px\" class=\"hierarchy\"><span style=\"font-weight:bold\">Binding: </span><a href=\"http://hl7.org/fhir/valueset-endpoint-payload-type.html\">Endpoint Payload Type</a> (<a href=\"http://hl7.org/fhir/terminologies.html#extensible\" title=\"To be conformant, the concept in this element SHALL be from the specified value set if any of the codes within the value set can apply to the concept being communicated.  If the value set does not cover the concept (based on human review), alternate codings (or, data type allowing, text) may be included instead.\">extensible</a>)<br/></td></tr>\r\n<tr style=\"border: 0px #F0F0F0 solid; padding:0px; vertical-align: top; background-color: white;\"><td style=\"vertical-align: top; text-align : left; background-color: white; border: 0px #F0F0F0 solid; padding:0px 4px 0px 4px; white-space: nowrap; background-image: url(tbl_bck00.png)\" class=\"hierarchy\"><img src=\"tbl_spacer.png\" alt=\".\" style=\"background-color: inherit\" class=\"hierarchy\"/><img src=\"tbl_vjoin_end.png\" alt=\".\" style=\"background-color: inherit\" class=\"hierarchy\"/><img src=\"icon_element.gif\" alt=\".\" style=\"background-color: white; background-color: inherit\" title=\"Element\" class=\"hierarchy\"/> <a href=\"StructureDefinition-argo-endpoint-definitions.html#Endpoint.address\">address</a><a name=\"Endpoint.address\"> </a></td><td style=\"vertical-align: top; text-align : left; background-color: white; border: 0px #F0F0F0 solid; padding:0px 4px 0px 4px\" class=\"hierarchy\"><span style=\"padding: 3px; color: white; background-color: red\" title=\"This element must be supported\">S</span></td><td style=\"vertical-align: top; text-align : left; background-color: white; border: 0px #F0F0F0 solid; padding:0px 4px 0px 4px\" class=\"hierarchy\"><span style=\"opacity: 0.4\">1</span><span style=\"opacity: 0.5\">..</span><span style=\"opacity: 0.4\">1</span></td><td style=\"vertical-align: top; text-align : left; background-color: white; border: 0px #F0F0F0 solid; padding:0px 4px 0px 4px\" class=\"hierarchy\"><a style=\"opacity: 0.4\" href=\"http://hl7.org/fhir/datatypes.html#uri\">uri</a></td><td style=\"vertical-align: top; text-align : left; background-color: white; border: 0px #F0F0F0 solid; padding:0px 4px 0px 4px\" class=\"hierarchy\"/></tr>\r\n<tr><td colspan=\"5\" class=\"hierarchy\"><br/><a href=\"http://hl7.org/fhir/formats.html#table\" title=\"Legend for this format\"><img src=\"http://hl7.org/fhir/help16.png\" alt=\"doco\" style=\"background-color: inherit\"/> Documentation for this format</a></td></tr></table></div>"
  },
  "url": "http://fhir.org/guides/argonaut-pd/StructureDefinition/argo-endpoint",
  "version": "1.0.0",
  "name": "Argonaut Provider Directory Endpoint",
  "status": "draft",
  "date": "2016-11-09T00:00:00+11:00",
  "publisher": "Argonaut Project",
  "contact": [
    {
      "telecom": [
        {
          "system": "url",
          "value": "http://argonautwiki.hl7.org"
        }
      ]
    }
  ],
  "fhirVersion": "3.0.1",
  "mapping": [
    {
      "identity": "rim",
      "uri": "http://hl7.org/v3",
      "name": "RIM Mapping"
    },
    {
      "identity": "w5",
      "uri": "http://hl7.org/fhir/w5",
      "name": "W5 Mapping"
    }
  ],
  "kind": "resource",
  "abstract": false,
  "type": "Endpoint",
  "baseDefinition": "http://hl7.org/fhir/StructureDefinition/Endpoint",
  "derivation": "constraint",
  "snapshot": {
    "element": [
      {
        "id": "Endpoint",
        "path": "Endpoint",
        "short": "Argonaut Provider Directory Endpoint",
        "definition": "This is basic constraint on Endpoint for use in Argonaut Provider Directory resources.",
        "min": 0,
        "max": "*",
        "base": {
          "path": "Endpoint",
          "min": 0,
          "max": "*"
        },
        "constraint": [
          {
            "key": "dom-2",
            "severity": "error",
            "human": "If the resource is contained in another resource, it SHALL NOT contain nested Resources",
            "expression": "contained.contained.empty()",
            "xpath": "not(parent::f:contained and f:contained)",
            "source": "DomainResource"
          },
          {
            "key": "dom-1",
            "severity": "error",
            "human": "If the resource is contained in another resource, it SHALL NOT contain any narrative",
            "expression": "contained.text.empty()",
            "xpath": "not(parent::f:contained and f:text)",
            "source": "DomainResource"
          },
          {
            "key": "dom-4",
            "severity": "error",
            "human": "If a resource is contained in another resource, it SHALL NOT have a meta.versionId or a meta.lastUpdated",
            "expression": "contained.meta.versionId.empty() and contained.meta.lastUpdated.empty()",
            "xpath": "not(exists(f:contained/*/f:meta/f:versionId)) and not(exists(f:contained/*/f:meta/f:lastUpdated))",
            "source": "DomainResource"
          },
          {
            "key": "dom-3",
            "severity": "error",
            "human": "If the resource is contained in another resource, it SHALL be referred to from elsewhere in the resource",
            "expression": "contained.where(('#'+id in %resource.descendants().reference).not()).empty()",
            "xpath": "not(exists(for $id in f:contained/*/@id return $id[not(ancestor::f:contained/parent::*/descendant::f:reference/@value=concat('#', $id))]))",
            "source": "DomainResource"
          }
        ],
        "mustSupport": false,
        "mapping": [
          {
            "identity": "rim",
            "map": "Entity. Role, or Act"
          },
          {
            "identity": "rim",
            "map": "n/a"
          },
          {
            "identity": "w5",
            "map": "infrastructure.exchange"
          }
        ]
      },
      {
        "id": "Endpoint.id",
        "path": "Endpoint.id",
        "short": "Logical id of this artifact",
        "definition": "The logical id of the resource, as used in the URL for the resource. Once assigned, this value never changes.",
        "comment": "The only time that a resource does not have an id is when it is being submitted to the server using a create operation.",
        "min": 0,
        "max": "1",
        "base": {
          "path": "Resource.id",
          "min": 0,
          "max": "1"
        },
        "type": [
          {
            "code": "id"
          }
        ],
        "isSummary": true
      },
      {
        "id": "Endpoint.meta",
        "path": "Endpoint.meta",
        "short": "Metadata about the resource",
        "definition": "The metadata about the resource. This is content that is maintained by the infrastructure. Changes to the content may not always be associated with version changes to the resource.",
        "min": 0,
        "max": "1",
        "base": {
          "path": "Resource.meta",
          "min": 0,
          "max": "1"
        },
        "type": [
          {
            "code": "Meta"
          }
        ],
        "isSummary": true
      },
      {
        "id": "Endpoint.implicitRules",
        "path": "Endpoint.implicitRules",
        "short": "A set of rules under which this content was created",
        "definition": "A reference to a set of rules that were followed when the resource was constructed, and which must be understood when processing the content.",
        "comment": "Asserting this rule set restricts the content to be only understood by a limited set of trading partners. This inherently limits the usefulness of the data in the long term. However, the existing health eco-system is highly fractured, and not yet ready to define, collect, and exchange data in a generally computable sense. Wherever possible, implementers and/or specification writers should avoid using this element. \n\nThis element is labelled as a modifier because the implicit rules may provide additional knowledge about the resource that modifies it's meaning or interpretation.",
        "min": 0,
        "max": "1",
        "base": {
          "path": "Resource.implicitRules",
          "min": 0,
          "max": "1"
        },
        "type": [
          {
            "code": "uri"
          }
        ],
        "isModifier": true,
        "isSummary": true
      },
      {
        "id": "Endpoint.language",
        "path": "Endpoint.language",
        "short": "Language of the resource content",
        "definition": "The base language in which the resource is written.",
        "comment": "Language is provided to support indexing and accessibility (typically, services such as text to speech use the language tag). The html language tag in the narrative applies  to the narrative. The language tag on the resource may be used to specify the language of other presentations generated from the data in the resource  Not all the content has to be in the base language. The Resource.language should not be assumed to apply to the narrative automatically. If a language is specified, it should it also be specified on the div element in the html (see rules in HTML5 for information about the relationship between xml:lang and the html lang attribute).",
        "min": 0,
        "max": "1",
        "base": {
          "path": "Resource.language",
          "min": 0,
          "max": "1"
        },
        "type": [
          {
            "code": "code"
          }
        ],
        "binding": {
          "extension": [
            {
              "url": "http://hl7.org/fhir/StructureDefinition/elementdefinition-maxValueSet",
              "valueReference": {
                "reference": "http://hl7.org/fhir/ValueSet/all-languages"
              }
            },
            {
              "url": "http://hl7.org/fhir/StructureDefinition/elementdefinition-bindingName",
              "valueString": "Language"
            },
            {
              "url": "http://hl7.org/fhir/StructureDefinition/elementdefinition-isCommonBinding",
              "valueBoolean": true
            }
          ],
          "strength": "extensible",
          "description": "A human language.",
          "valueSetReference": {
            "reference": "http://hl7.org/fhir/ValueSet/languages"
          }
        }
      },
      {
        "id": "Endpoint.text",
        "path": "Endpoint.text",
        "short": "Text summary of the resource, for human interpretation",
        "definition": "A human-readable narrative that contains a summary of the resource, and may be used to represent the content of the resource to a human. The narrative need not encode all the structured data, but is required to contain sufficient detail to make it \"clinically safe\" for a human to just read the narrative. Resource definitions may define what content should be represented in the narrative to ensure clinical safety.",
        "comment": "Contained resources do not have narrative. Resources that are not contained SHOULD have a narrative. In some cases, a resource may only have text with little or no additional discrete data (as long as all minOccurs=1 elements are satisfied).  This may be necessary for data from legacy systems where information is captured as a \"text blob\" or where text is additionally entered raw or narrated and encoded in formation is added later.",
        "alias": [
          "narrative",
          "html",
          "xhtml",
          "display"
        ],
        "min": 0,
        "max": "1",
        "base": {
          "path": "DomainResource.text",
          "min": 0,
          "max": "1"
        },
        "type": [
          {
            "code": "Narrative"
          }
        ],
        "condition": [
          "dom-1"
        ],
        "mapping": [
          {
            "identity": "rim",
            "map": "Act.text?"
          }
        ]
      },
      {
        "id": "Endpoint.contained",
        "path": "Endpoint.contained",
        "short": "Contained, inline Resources",
        "definition": "These resources do not have an independent existence apart from the resource that contains them - they cannot be identified independently, and nor can they have their own independent transaction scope.",
        "comment": "This should never be done when the content can be identified properly, as once identification is lost, it is extremely difficult (and context dependent) to restore it again.",
        "alias": [
          "inline resources",
          "anonymous resources",
          "contained resources"
        ],
        "min": 0,
        "max": "*",
        "base": {
          "path": "DomainResource.contained",
          "min": 0,
          "max": "*"
        },
        "type": [
          {
            "code": "Resource"
          }
        ],
        "mapping": [
          {
            "identity": "rim",
            "map": "N/A"
          }
        ]
      },
      {
        "id": "Endpoint.extension",
        "path": "Endpoint.extension",
        "short": "Additional Content defined by implementations",
        "definition": "May be used to represent additional information that is not part of the basic definition of the resource. In order to make the use of extensions safe and manageable, there is a strict set of governance  applied to the definition and use of extensions. Though any implementer is allowed to define an extension, there is a set of requirements that SHALL be met as part of the definition of the extension.",
        "comment": "There can be no stigma associated with the use of extensions by any application, project, or standard - regardless of the institution or jurisdiction that uses or defines the extensions.  The use of extensions is what allows the FHIR specification to retain a core level of simplicity for everyone.",
        "alias": [
          "extensions",
          "user content"
        ],
        "min": 0,
        "max": "*",
        "base": {
          "path": "DomainResource.extension",
          "min": 0,
          "max": "*"
        },
        "type": [
          {
            "code": "Extension"
          }
        ],
        "mapping": [
          {
            "identity": "rim",
            "map": "N/A"
          }
        ]
      },
      {
        "id": "Endpoint.modifierExtension",
        "path": "Endpoint.modifierExtension",
        "short": "Extensions that cannot be ignored",
        "definition": "May be used to represent additional information that is not part of the basic definition of the resource, and that modifies the understanding of the element that contains it. Usually modifier elements provide negation or qualification. In order to make the use of extensions safe and manageable, there is a strict set of governance applied to the definition and use of extensions. Though any implementer is allowed to define an extension, there is a set of requirements that SHALL be met as part of the definition of the extension. Applications processing a resource are required to check for modifier extensions.",
        "comment": "There can be no stigma associated with the use of extensions by any application, project, or standard - regardless of the institution or jurisdiction that uses or defines the extensions.  The use of extensions is what allows the FHIR specification to retain a core level of simplicity for everyone.",
        "alias": [
          "extensions",
          "user content"
        ],
        "min": 0,
        "max": "*",
        "base": {
          "path": "DomainResource.modifierExtension",
          "min": 0,
          "max": "*"
        },
        "type": [
          {
            "code": "Extension"
          }
        ],
        "isModifier": true,
        "mapping": [
          {
            "identity": "rim",
            "map": "N/A"
          }
        ]
      },
      {
        "id": "Endpoint.identifier",
        "path": "Endpoint.identifier",
        "short": "Identifies this endpoint across multiple systems",
        "definition": "Identifier for the organization that is used to identify the endpoint across multiple disparate systems.",
        "min": 0,
        "max": "*",
        "base": {
          "path": "Endpoint.identifier",
          "min": 0,
          "max": "*"
        },
        "type": [
          {
            "code": "Identifier"
          }
        ],
        "isSummary": true,
        "mapping": [
          {
            "identity": "rim",
            "map": "n/a"
          },
          {
            "identity": "w5",
            "map": "id"
          }
        ]
      },
      {
        "id": "Endpoint.status",
        "path": "Endpoint.status",
        "short": "active | suspended | error | off | entered-in-error | test",
        "definition": "active | suspended | error | off | test.",
        "comment": "This element is labeled as a modifier because the status contains codes that mark the endpoint as not currently valid.",
        "min": 1,
        "max": "1",
        "base": {
          "path": "Endpoint.status",
          "min": 1,
          "max": "1"
        },
        "type": [
          {
            "code": "code"
          }
        ],
        "mustSupport": true,
        "isModifier": true,
        "isSummary": true,
        "binding": {
          "strength": "required",
          "valueSetReference": {
            "reference": "http://hl7.org/fhir/ValueSet/endpoint-status"
          }
        },
        "mapping": [
          {
            "identity": "rim",
            "map": "n/a"
          },
          {
            "identity": "w5",
            "map": "status"
          }
        ]
      },
      {
        "id": "Endpoint.connectionType",
        "path": "Endpoint.connectionType",
        "short": "Protocol/Profile/Standard to be used with this endpoint connection",
        "definition": "A coded value that represents the technical details of the usage of this endpoint, such as what WSDLs should be used in what way. (e.g. XDS.b/DICOM/cds-hook).",
        "comment": "For additional connectivity details for the protocol, extensions will be used at this point, as in the XDS example.",
        "min": 1,
        "max": "1",
        "base": {
          "path": "Endpoint.connectionType",
          "min": 1,
          "max": "1"
        },
        "type": [
          {
            "code": "Coding"
          }
        ],
        "mustSupport": true,
        "isSummary": true,
        "binding": {
          "strength": "required",
          "valueSetReference": {
            "reference": "http://hl7.org/fhir/ValueSet/endpoint-connection-type"
          }
        },
        "mapping": [
          {
            "identity": "rim",
            "map": "n/a"
          },
          {
            "identity": "w5",
            "map": "class"
          }
        ]
      },
      {
        "id": "Endpoint.name",
        "path": "Endpoint.name",
        "short": "A name that this endpoint can be identified by",
        "definition": "A friendly name that this endpoint can be referred to with.",
        "min": 1,
        "max": "1",
        "base": {
          "path": "Endpoint.name",
          "min": 0,
          "max": "1"
        },
        "type": [
          {
            "code": "string"
          }
        ],
        "mustSupport": true,
        "isSummary": true,
        "mapping": [
          {
            "identity": "rim",
            "map": "n/a"
          },
          {
            "identity": "w5",
            "map": "what"
          }
        ]
      },
      {
        "id": "Endpoint.managingOrganization",
        "path": "Endpoint.managingOrganization",
        "short": "Organization that manages this endpoint (may not be the organization that exposes the endpoint)",
        "definition": "The organization that manages this endpoint (even if technically another organisation is hosting this in the cloud, it is the organisation associated with the data).",
        "comment": "This property is not typically used when searching for Endpoint resources for usage. The typical usage is via the reference from an aplicable Organization/Location/Practitioner resource, which is where the context is provided. Multiple Locations may reference a single endpoint, and don't have to be within the same organization resource, but most likely within the same organizational hierarchy.",
        "min": 1,
        "max": "1",
        "base": {
          "path": "Endpoint.managingOrganization",
          "min": 0,
          "max": "1"
        },
        "type": [
          {
            "code": "Reference",
            "targetProfile": "http://fhir.org/guides/argonaut-pd/StructureDefinition-argo-organization"
          }
        ],
        "mustSupport": true,
        "isSummary": true,
        "mapping": [
          {
            "identity": "rim",
            "map": "n/a"
          }
        ]
      },
      {
        "id": "Endpoint.contact",
        "path": "Endpoint.contact",
        "short": "Contact details for source (e.g. troubleshooting)",
        "definition": "Contact details for a human to contact about the subscription. The primary use of this for system administrator troubleshooting.",
        "min": 0,
        "max": "*",
        "base": {
          "path": "Endpoint.contact",
          "min": 0,
          "max": "*"
        },
        "type": [
          {
            "code": "ContactPoint"
          }
        ],
        "mapping": [
          {
            "identity": "rim",
            "map": "n/a"
          }
        ]
      },
      {
        "id": "Endpoint.period",
        "path": "Endpoint.period",
        "short": "Interval the endpoint is expected to be operational",
        "definition": "The interval during which the endpoint is expected to be operational.",
        "min": 0,
        "max": "1",
        "base": {
          "path": "Endpoint.period",
          "min": 0,
          "max": "1"
        },
        "type": [
          {
            "code": "Period"
          }
        ],
        "isSummary": true,
        "mapping": [
          {
            "identity": "rim",
            "map": "n/a"
          },
          {
            "identity": "w5",
            "map": "when.done"
          }
        ]
      },
      {
        "id": "Endpoint.payloadType",
        "path": "Endpoint.payloadType",
        "short": "The type of content that may be used at this endpoint (e.g. XDS Discharge summaries)",
        "definition": "The payload type describes the acceptable content that can be communicated on the endpoint.",
        "comment": "The payloadFormat describes the serialization format of the data, where the payloadType indicates the specific document/schema that is being transferred; e.g. DischargeSummary or CarePlan.",
        "min": 1,
        "max": "*",
        "base": {
          "path": "Endpoint.payloadType",
          "min": 1,
          "max": "*"
        },
        "type": [
          {
            "code": "CodeableConcept"
          }
        ],
        "mustSupport": true,
        "isSummary": true,
        "binding": {
          "strength": "extensible",
          "valueSetReference": {
            "reference": "http://hl7.org/fhir/ValueSet/endpoint-payload-type"
          }
        },
        "mapping": [
          {
            "identity": "rim",
            "map": "n/a"
          }
        ]
      },
      {
        "id": "Endpoint.payloadMimeType",
        "path": "Endpoint.payloadMimeType",
        "short": "Mimetype to send. If not specified, the content could be anything (including no payload, if the connectionType defined this)",
        "definition": "The mime type to send the payload in - e.g. application/fhir+xml, application/fhir+json. If the mime type is not specified, then the sender could send any content (including no content depending on the connectionType).",
        "comment": "Sending the payload has obvious security consequences. The server is responsible for ensuring that the content is appropriately secured.",
        "min": 0,
        "max": "*",
        "base": {
          "path": "Endpoint.payloadMimeType",
          "min": 0,
          "max": "*"
        },
        "type": [
          {
            "code": "code"
          }
        ],
        "isSummary": true,
        "binding": {
          "extension": [
            {
              "url": "http://hl7.org/fhir/StructureDefinition/elementdefinition-bindingName",
              "valueString": "MimeType"
            },
            {
              "url": "http://hl7.org/fhir/StructureDefinition/elementdefinition-isCommonBinding",
              "valueBoolean": true
            }
          ],
          "strength": "required",
          "description": "The mime type of an attachment. Any valid mime type is allowed.",
          "valueSetUri": "http://www.rfc-editor.org/bcp/bcp13.txt"
        },
        "mapping": [
          {
            "identity": "rim",
            "map": "n/a"
          }
        ]
      },
      {
        "id": "Endpoint.address",
        "path": "Endpoint.address",
        "short": "The technical base address for connecting to this endpoint",
        "definition": "The uri that describes the actual end-point to connect to.",
        "comment": "For rest-hook, and websocket, the end-point must be an http: or https: URL; for email, a mailto: url, for sms, a tel: url, and for message the endpoint can be in any form of url the server understands (usually, http: or mllp:). The URI is allowed to be relative; in which case, it is relative to the server end-point (since their may be more than one, clients should avoid using relative URIs)\n\nThis address will be to the service base, without any parameters, or sub-services or resources tacked on.\n\nE.g. for a WADO-RS endpoint, the url should be \"https://pacs.hospital.org/wado-rs\"\n\nand not \"https://pacs.hospital.org/wado-rs/studies/1.2.250.1.59.40211.12345678.678910/series/1.2.250.1.59.40211.789001276.14556172.67789/instances/...\".",
        "min": 1,
        "max": "1",
        "base": {
          "path": "Endpoint.address",
          "min": 1,
          "max": "1"
        },
        "type": [
          {
            "code": "uri"
          }
        ],
        "mustSupport": true,
        "isSummary": true,
        "mapping": [
          {
            "identity": "rim",
            "map": "n/a"
          }
        ]
      },
      {
        "id": "Endpoint.header",
        "path": "Endpoint.header",
        "short": "Usage depends on the channel type",
        "definition": "Additional headers / information to send as part of the notification.",
        "comment": "Exactly what these mean depend on the channel type. The can convey additional information to the recipient and/or meet security requirements.",
        "min": 0,
        "max": "*",
        "base": {
          "path": "Endpoint.header",
          "min": 0,
          "max": "*"
        },
        "type": [
          {
            "code": "string"
          }
        ],
        "isSummary": false
      }
    ]
  },
  "differential": {
    "element": [
      {
        "id": "Endpoint",
        "path": "Endpoint",
        "short": "Argonaut Provider Directory Endpoint",
        "definition": "This is basic constraint on Endpoint for use in Argonaut Provider Directory resources.",
        "mustSupport": false,
        "isModifier": false
      },
      {
        "id": "Endpoint.status",
        "path": "Endpoint.status",
        "min": 1,
        "max": "1",
        "mustSupport": true,
        "isModifier": false,
        "binding": {
          "strength": "required",
          "valueSetReference": {
            "reference": "http://hl7.org/fhir/ValueSet/endpoint-status"
          }
        }
      },
      {
        "id": "Endpoint.connectionType",
        "path": "Endpoint.connectionType",
        "min": 1,
        "max": "1",
        "mustSupport": true,
        "isModifier": false,
        "binding": {
          "strength": "required",
          "valueSetReference": {
            "reference": "http://hl7.org/fhir/ValueSet/endpoint-connection-type"
          }
        }
      },
      {
        "id": "Endpoint.name",
        "path": "Endpoint.name",
        "min": 1,
        "max": "1",
        "mustSupport": true,
        "isModifier": false
      },
      {
        "id": "Endpoint.managingOrganization",
        "path": "Endpoint.managingOrganization",
        "min": 1,
        "max": "1",
        "type": [
          {
            "code": "Reference",
            "targetProfile": "http://fhir.org/guides/argonaut-pd/StructureDefinition-argo-organization"
          }
        ],
        "mustSupport": true,
        "isModifier": false
      },
      {
        "id": "Endpoint.payloadType",
        "path": "Endpoint.payloadType",
        "min": 1,
        "max": "*",
        "mustSupport": true,
        "isModifier": false,
        "binding": {
          "strength": "extensible",
          "valueSetReference": {
            "reference": "http://hl7.org/fhir/ValueSet/endpoint-payload-type"
          }
        }
      },
      {
        "id": "Endpoint.address",
        "path": "Endpoint.address",
        "min": 1,
        "max": "1",
        "mustSupport": true,
        "isModifier": false
      }
    ]
  }
}