<?xml version="1.0" encoding="UTF-8"?>

<CareTeam xmlns="http://hl7.org/fhir">
  <id value="bh-care-team-example-1"/>
  <meta>
    <profile value="http://hl7.org/fhir/us/core/StructureDefinition/us-core-careteam|6.1.0"/>
  </meta>
  <text>
    <status value="generated"/><div xmlns="http://www.w3.org/1999/xhtml"><p class="res-header-id"><b>Generated Narrative: CareTeam bh-care-team-example-1</b></p><a name="bh-care-team-example-1"> </a><a name="hcbh-care-team-example-1"> </a><div style="display: inline-block; background-color: #d9e0e7; padding: 6px; margin: 4px; border: 1px solid #8da1b4; border-radius: 5px; line-height: 60%"><p style="margin-bottom: 0px"/><p style="margin-bottom: 0px">Profile: <a href="http://hl7.org/fhir/us/core/STU6.1/StructureDefinition-us-core-careteam.html">US Core CareTeam Profileversion: null6.1.0)</a></p></div><p><b>status</b>: Active</p><p><b>name</b>: Example CareTeam</p><p><b>subject</b>: <a href="Patient-bh-patient-example.html">James Wolff</a></p><blockquote><p><b>participant</b></p><p><b>role</b>: <span title="Codes:{http://snomed.info/sct 309339007}">Adult intensive care specialist (occupation)</span></p><p><b>member</b>: <a href="Practitioner-ed-physician-example-1.html">Wise Owl, MD</a></p></blockquote><blockquote><p><b>participant</b></p><p><b>role</b>: <span title="Codes:{http://snomed.info/sct 310190000}">Mental health counselor (occupation)</span></p><p><b>member</b>: <a href="Practitioner-mental-health-provider-example-1.html">Dr. Lazslo Cravensworth</a></p></blockquote></div>
  </text>
  <status value="active"/>
  <name value="Example CareTeam"/>
  <subject>
    <reference value="Patient/bh-patient-example"/>
    <display value="James Wolff"/>
  </subject>
  <participant>
    <role>
      <coding>
        <system value="http://snomed.info/sct"/>
        <code value="309339007"/>
        <display value="Adult intensive care specialist (occupation)"/>
      </coding>
    </role>
    <member>
      <reference value="Practitioner/ed-physician-example-1"/>
      <display value="Wise Owl, MD"/>
    </member>
  </participant>
  <participant>
    <role>
      <coding>
        <system value="http://snomed.info/sct"/>
        <code value="310190000"/>
        <display value="Mental health counselor (occupation)"/>
      </coding>
    </role>
    <member>
      <reference value="Practitioner/mental-health-provider-example-1"/>
      <display value="Dr. Lazslo Cravensworth"/>
    </member>
  </participant>
</CareTeam>