<?xml version="1.0" encoding="UTF-8"?>

<Observation xmlns="http://hl7.org/fhir">
  <id value="provider-preference-observation-example-2"/>
  <meta>
    <profile value="http://hl7.org/fhir/us/core/StructureDefinition/us-core-care-experience-preference"/>
  </meta>
  <text>
    <status value="generated"/><div xmlns="http://www.w3.org/1999/xhtml"><p class="res-header-id"><b>Generated Narrative: Observation provider-preference-observation-example-2</b></p><a name="provider-preference-observation-example-2"> </a><a name="hcprovider-preference-observation-example-2"> </a><div style="display: inline-block; background-color: #d9e0e7; padding: 6px; margin: 4px; border: 1px solid #8da1b4; border-radius: 5px; line-height: 60%"><p style="margin-bottom: 0px"/><p style="margin-bottom: 0px">Profile: <a href="http://hl7.org/fhir/us/core/STU7/StructureDefinition-us-core-care-experience-preference.html">US Core Care Experience Preference Profile</a></p></div><p><b>status</b>: Final</p><p><b>category</b>: <span title="Codes:{http://hl7.org/fhir/us/core/CodeSystem/us-core-category care-experience-preference}">Care Experience Preference</span></p><p><b>code</b>: <span title="Codes:{http://loinc.org 95541-9}">Care Experience Preference</span></p><p><b>subject</b>: <a href="Patient-bh-patient-example.html">James Wolff</a></p><p><b>effective</b>: 2024-02-01</p><p><b>performer</b>: <a href="Practitioner-pcp-provider-example-1.html">Dr. Doc Family</a></p><p><b>value</b>: <span title="Codes:{http://snomed.info/sct 314433002}">Preference for health professional</span></p></div>
  </text>
  <status value="final"/>
  <category>
    <coding>
      <system value="http://hl7.org/fhir/us/core/CodeSystem/us-core-category"/>
      <code value="care-experience-preference"/>
      <display value="Care experience preference"/>
    </coding>
    <text value="Care Experience Preference"/>
  </category>
  <code>
    <coding>
      <system value="http://loinc.org"/>
      <code value="95541-9"/>
      <display value="Care experience preference"/>
    </coding>
    <text value="Care Experience Preference"/>
  </code>
  <subject>
    <reference value="Patient/bh-patient-example"/>
    <display value="James Wolff"/>
  </subject>
  <effectiveDateTime value="2024-02-01"/>
  <performer>
    <reference value="Practitioner/pcp-provider-example-1"/>
    <display value="Dr. Doc Family"/>
  </performer>
  <valueCodeableConcept>
    <coding>
      <system value="http://snomed.info/sct"/>
      <code value="314433002"/>
      <display value="Preference for health professional (finding)"/>
    </coding>
    <text value="Preference for health professional"/>
  </valueCodeableConcept>
</Observation>