<?xml version="1.0" encoding="UTF-8"?>

<Patient xmlns="http://hl7.org/fhir">
  <id value="bh-patient-example"/>
  <meta>
    <profile value="http://hl7.org/fhir/us/core/StructureDefinition/us-core-patient|6.1.0"/>
  </meta>
  <text>
    <status value="generated"/><div xmlns="http://www.w3.org/1999/xhtml"><p class="res-header-id"><b>Generated Narrative: Patient bh-patient-example</b></p><a name="bh-patient-example"> </a><a name="hcbh-patient-example"> </a><div style="display: inline-block; background-color: #d9e0e7; padding: 6px; margin: 4px; border: 1px solid #8da1b4; border-radius: 5px; line-height: 60%"><p style="margin-bottom: 0px"/><p style="margin-bottom: 0px">Profile: <a href="http://hl7.org/fhir/us/core/STU6.1/StructureDefinition-us-core-patient.html">US Core Patient Profileversion: null6.1.0)</a></p></div><p style="border: 1px #661aff solid; background-color: #e6e6ff; padding: 10px;">James Wolff  Male, DoB: 1961-07-16 ( Medical Record Number: 1032702 (use: usual, ))</p><hr/><table class="grid"><tr><td style="background-color: #f3f5da" title="Record is active">Active:</td><td>true</td><td style="background-color: #f3f5da" title="Known status of Patient">Deceased:</td><td colspan="3">false</td></tr><tr><td style="background-color: #f3f5da" title="Alternate names (see the one above)">Alt. Name:</td><td colspan="3">Jennifer Wolff (Official)</td></tr><tr><td style="background-color: #f3f5da" title="Ways to contact the Patient">Contact Detail</td><td colspan="3"><ul><li>ph: 555-555-5555(Home)</li><li><a href="mailto:james.wolff@example.com">james.wolff@example.com</a></li><li>49 MEADOW ST MIAMI FL 74047 US (old)</li><li>183 MOUNTAIN VIEW ST MIAMI FL 74048 US </li></ul></td></tr><tr><td style="background-color: #f3f5da" title="Language spoken">Language:</td><td colspan="3"><span title="Codes:{urn:ietf:bcp:47 en}">English</span> (preferred)</td></tr><tr><td style="background-color: #f3f5da" title="us-veteran-status is a boolean extension used to specify whether a patient was confirmed or verified to have Veteran status. Veteran status is not limited to Combat Status but reflects the status of yes/no they had indeed served in a military organization"><a href="http://hl7.org/fhir/us/military-service/STU1/StructureDefinition-military-service-veteran-status.html">us-veteran-status</a></td><td colspan="3">true</td></tr><tr><td style="background-color: #f3f5da" title="The Sex Extension is used to reflect the documentation of a person's sex. Systems choosing to record sources of information should use the [Provenance resource](basic-provenance.html#element-level-provenance).
 
USCDI includes a data element for sex, intended to support the exchange of a sex value that is not characterized as sex assigned at birth or birth sex. This Sex extension supports USCDI. Sex assigned at birth or birth sex can be recorded using the more specific [US Core Birth Sex Extension](StructureDefinition-us-core-birthsex.html).
Future versions of this extension may be informed by the content of the HL7 Cross Paradigm IG: Gender Harmony - Sex and Gender Representation, which may include additional guidance on its relationship to administrative gender ([Patient.gender](StructureDefinition-us-core-patient-definitions.html#Patient.gender))."><a href="http://hl7.org/fhir/us/core/STU7/StructureDefinition-us-core-sex.html">US Core Sex Extension</a></td><td colspan="3">248153007</td></tr><tr><td style="background-color: #f3f5da" title="Concepts classifying the person into a named category of humans sharing common history, traits, geographical origin or nationality.  The ethnicity codes used to represent these concepts are based upon the [CDC ethnicity and Ethnicity Code Set Version 1.0](http://www.cdc.gov/phin/resources/vocabulary/index.html) which includes over 900 concepts for representing race and ethnicity of which 43 reference ethnicity.  The ethnicity concepts are grouped by and pre-mapped to the 2 OMB ethnicity categories: - Hispanic or Latino - Not Hispanic or Latino.">US Core Ethnicity Extension:</td><td colspan="3"><ul><li>ombCategory: <a href="http://hl7.org/fhir/us/core/STU3.1.1/CodeSystem-cdcrec.html#cdcrec-2186-5">Race &amp; Ethnicity - CDC 2186-5</a>: Not Hispanic or Latino</li><li>text: Not Hispanic or Latino</li></ul></td></tr><tr><td style="background-color: #f3f5da" title="A code classifying the person's sex assigned at birth  as specified by the [Office of the National Coordinator for Health IT (ONC)](https://www.healthit.gov/newsroom/about-onc). This extension aligns with the C-CDA Birth Sex Observation (LOINC 76689-9). After version 6.0.0, this extension is no longer a *USCDI Requirement*."><a href="http://hl7.org/fhir/us/core/STU7/StructureDefinition-us-core-birthsex.html">US Core Birth Sex Extension</a></td><td colspan="3">M</td></tr><tr><td style="background-color: #f3f5da" title="Concepts classifying the person into a named category of humans sharing common history, traits, geographical origin or nationality.  The race codes used to represent these concepts are based upon the [CDC Race and Ethnicity Code Set Version 1.0](http://www.cdc.gov/phin/resources/vocabulary/index.html#3) which includes over 900 concepts for representing race and ethnicity of which 921 reference race.  The race concepts are grouped by and pre-mapped to the 5 OMB race categories:

 - American Indian or Alaska Native
 - Asian
 - Black or African American
 - Native Hawaiian or Other Pacific Islander
 - White.">US Core Race Extension:</td><td colspan="3"><ul><li>ombCategory: <a href="http://hl7.org/fhir/us/core/STU3.1.1/CodeSystem-cdcrec.html#cdcrec-2054-5">Race &amp; Ethnicity - CDC 2054-5</a>: Black or African American</li><li>text: Black or African American</li></ul></td></tr><tr><td style="background-color: #f3f5da" title="This Extension profile represents a tribe or band with which a person associates and, optionally, whether they are enrolled.">US Core Tribal Affiliation Extension:</td><td colspan="3"><ul><li>tribalAffiliation: <span title="Codes:{http://terminology.hl7.org/CodeSystem/v3-TribalEntityUS 187}">Shoshone</span></li></ul></td></tr></table></div>
  </text>
  <!--  Race  -->
  <extension url="http://hl7.org/fhir/us/core/StructureDefinition/us-core-race">
    <extension url="ombCategory">
      <valueCoding>
        <system value="urn:oid:2.16.840.1.113883.6.238"/>
        <code value="2054-5"/>
        <display value="Black or African American"/>
      </valueCoding>
    </extension>
    <extension url="text">
      <valueString value="Black or African American"/>
    </extension>
  </extension>
  <!--  Ethnicity  -->
  <extension url="http://hl7.org/fhir/us/core/StructureDefinition/us-core-ethnicity">
    <extension url="ombCategory">
      <valueCoding>
        <system value="urn:oid:2.16.840.1.113883.6.238"/>
        <code value="2186-5"/>
        <display value="Not Hispanic or Latino"/>
      </valueCoding>
    </extension>
    <extension url="text">
      <valueString value="Not Hispanic or Latino"/>
    </extension>
  </extension>
  <!--  Sex assigned at birth  -->
  <extension url="http://hl7.org/fhir/us/core/StructureDefinition/us-core-birthsex">
    <valueCode value="M"/>
  </extension>
  <!--  USCDI (Snomed) Sex  -->
  <extension url="http://hl7.org/fhir/us/core/StructureDefinition/us-core-sex">
    <valueCode value="248153007"/>
  </extension>
  <!--  Veteran Status  -->
  <extension url="http://hl7.org/fhir/us/military-service/StructureDefinition/military-service-veteran-status">
    <valueBoolean value="true"/>
  </extension>
  <!--  Tribal Affiliation  -->
  <!--  <extension url="http://hl7.org/fhir/us/core/StructureDefinition/us-core-tribal-affiliation">
            <valueBoolean value="false"/>
    </extension>  -->
  <extension url="http://hl7.org/fhir/us/core/StructureDefinition/us-core-tribal-affiliation">
    <extension url="tribalAffiliation">
      <valueCodeableConcept>
        <coding>
          <system value="http://terminology.hl7.org/CodeSystem/v3-TribalEntityUS"/>
          <code value="187"/>
          <display value="Paiute-Shoshone Tribe of the Fallon Reservation and Colony, Nevada"/>
        </coding>
        <text value="Shoshone"/>
      </valueCodeableConcept>
    </extension>
  </extension>
  <identifier>
    <use value="usual"/>
    <type>
      <coding>
        <system value="http://terminology.hl7.org/CodeSystem/v2-0203"/>
        <code value="MR"/>
        <display value="Medical Record Number"/>
      </coding>
      <text value="Medical Record Number"/>
    </type>
    <system value="http://hospital.smarthealthit.org"/>
    <value value="1032702"/>
  </identifier>
  <active value="true"/>
  <!--  Legal name  -->
  <name>
    <use value="official"/>
    <family value="Wolff"/>
    <given value="Jennifer"/>
  </name>
  <!--  Preferred name  -->
  <name>
    <use value="usual"/>
    <family value="Wolff"/>
    <given value="James"/>
    <period>
      <start value="2016-07-22"/>
    </period>
  </name>
  <telecom>
    <system value="phone"/>
    <value value="555-555-5555"/>
    <use value="home"/>
  </telecom>
  <telecom>
    <system value="email"/>
    <value value="james.wolff@example.com"/>
  </telecom>
  <!--  Administrative Gender, used for administrative purposes  -->
  <gender value="male"/>
  <birthDate value="1961-07-16"/>
  <deceasedBoolean value="false"/>
  <address>
    <use value="old"/>
    <line value="49 MEADOW ST"/>
    <city value="MIAMI"/>
    <state value="FL"/>
    <postalCode value="74047"/>
    <country value="US"/>
    <period>
      <start value="2016-12-06"/>
      <end value="2020-07-22"/>
    </period>
  </address>
  <address>
    <line value="183 MOUNTAIN VIEW ST"/>
    <city value="MIAMI"/>
    <state value="FL"/>
    <postalCode value="74048"/>
    <country value="US"/>
    <period>
      <start value="2020-07-22"/>
    </period>
  </address>
  <communication>
    <language>
      <coding>
        <system value="urn:ietf:bcp:47"/>
        <code value="en"/>
        <display value="English"/>
      </coding>
      <text value="English"/>
    </language>
    <preferred value="true"/>
  </communication>
</Patient>