{
  "library" : {
    "type" : "Library",
    "identifier" : {
      "type" : "VersionedIdentifier",
      "id" : "OMTKDataTests",
      "system" : "http://fhir.org/guides/cdc/opioid-mme-r4",
      "version" : "3.0.0"
    },
    "schemaIdentifier" : {
      "type" : "VersionedIdentifier",
      "id" : "urn:hl7-org:elm",
      "version" : "r1"
    },
    "usings" : {
      "type" : "Library$Usings",
      "def" : [ {
        "type" : "UsingDef",
        "localIdentifier" : "System",
        "uri" : "urn:hl7-org:elm-types:r1"
      } ]
    },
    "includes" : {
      "type" : "Library$Includes",
      "def" : [ {
        "type" : "IncludeDef",
        "annotation" : [ {
          "s" : {
            "s" : [ {
              "name" : "{urn:hl7-org:cql-annotations:r1}s",
              "declaredType" : "org.hl7.cql_annotations.r1.Narrative",
              "scope" : "javax.xml.bind.JAXBElement$GlobalScope",
              "value" : {
                "s" : [ "", "include " ]
              },
              "globalScope" : true
            }, {
              "name" : "{urn:hl7-org:cql-annotations:r1}s",
              "declaredType" : "org.hl7.cql_annotations.r1.Narrative",
              "scope" : "javax.xml.bind.JAXBElement$GlobalScope",
              "value" : {
                "s" : [ {
                  "name" : "{urn:hl7-org:cql-annotations:r1}s",
                  "declaredType" : "org.hl7.cql_annotations.r1.Narrative",
                  "scope" : "javax.xml.bind.JAXBElement$GlobalScope",
                  "value" : {
                    "s" : [ "OMTKData" ]
                  },
                  "globalScope" : true
                } ]
              },
              "globalScope" : true
            }, {
              "name" : "{urn:hl7-org:cql-annotations:r1}s",
              "declaredType" : "org.hl7.cql_annotations.r1.Narrative",
              "scope" : "javax.xml.bind.JAXBElement$GlobalScope",
              "value" : {
                "s" : [ " version ", "'3.0.0'" ]
              },
              "globalScope" : true
            } ],
            "r" : "1"
          }
        } ],
        "localId" : "1",
        "locator" : "3:1-3:32",
        "localIdentifier" : "OMTKData",
        "path" : "http://fhir.org/guides/cdc/opioid-mme-r4/OMTKData",
        "version" : "3.0.0"
      } ]
    },
    "statements" : {
      "type" : "Library$Statements",
      "def" : [ {
        "type" : "ExpressionDef",
        "expression" : {
          "type" : "Query",
          "source" : [ {
            "type" : "AliasedQuerySource",
            "expression" : {
              "type" : "ExpressionRef",
              "localId" : "2",
              "locator" : "6:3-6:26",
              "name" : "DrugIngredients",
              "libraryName" : "OMTKData"
            },
            "localId" : "3",
            "locator" : "6:3-6:29",
            "alias" : "DI"
          } ],
          "where" : {
            "type" : "Equal",
            "operand" : [ {
              "type" : "Property",
              "localId" : "5",
              "locator" : "7:11-7:27",
              "path" : "ingredientCode",
              "scope" : "DI"
            }, {
              "type" : "Literal",
              "localId" : "6",
              "locator" : "7:31-7:34",
              "valueType" : "{urn:hl7-org:elm-types:r1}Integer",
              "value" : "4337"
            } ],
            "localId" : "7",
            "locator" : "7:5-7:34"
          },
          "return" : {
            "type" : "ReturnClause",
            "expression" : {
              "type" : "Tuple",
              "element" : [ {
                "type" : "TupleElement",
                "value" : {
                  "type" : "Property",
                  "localId" : "9",
                  "locator" : "8:28-8:42",
                  "path" : "doseFormCode",
                  "scope" : "DI"
                },
                "name" : "doseFormCode"
              }, {
                "type" : "TupleElement",
                "value" : {
                  "type" : "Property",
                  "localId" : "11",
                  "locator" : "8:59-8:73",
                  "path" : "doseFormName",
                  "scope" : "DI"
                },
                "name" : "doseFormName"
              } ],
              "localId" : "12",
              "locator" : "8:12-8:75"
            },
            "localId" : "13",
            "locator" : "8:5-8:75"
          },
          "localId" : "14",
          "locator" : "6:3-8:75"
        },
        "annotation" : [ {
          "s" : {
            "s" : [ {
              "name" : "{urn:hl7-org:cql-annotations:r1}s",
              "declaredType" : "org.hl7.cql_annotations.r1.Narrative",
              "scope" : "javax.xml.bind.JAXBElement$GlobalScope",
              "value" : {
                "s" : [ "", "define ", "TestDoseForms", ":\n  " ]
              },
              "globalScope" : true
            }, {
              "name" : "{urn:hl7-org:cql-annotations:r1}s",
              "declaredType" : "org.hl7.cql_annotations.r1.Narrative",
              "scope" : "javax.xml.bind.JAXBElement$GlobalScope",
              "value" : {
                "s" : [ {
                  "name" : "{urn:hl7-org:cql-annotations:r1}s",
                  "declaredType" : "org.hl7.cql_annotations.r1.Narrative",
                  "scope" : "javax.xml.bind.JAXBElement$GlobalScope",
                  "value" : {
                    "s" : [ {
                      "name" : "{urn:hl7-org:cql-annotations:r1}s",
                      "declaredType" : "org.hl7.cql_annotations.r1.Narrative",
                      "scope" : "javax.xml.bind.JAXBElement$GlobalScope",
                      "value" : {
                        "s" : [ {
                          "name" : "{urn:hl7-org:cql-annotations:r1}s",
                          "declaredType" : "org.hl7.cql_annotations.r1.Narrative",
                          "scope" : "javax.xml.bind.JAXBElement$GlobalScope",
                          "value" : {
                            "s" : [ {
                              "name" : "{urn:hl7-org:cql-annotations:r1}s",
                              "declaredType" : "org.hl7.cql_annotations.r1.Narrative",
                              "scope" : "javax.xml.bind.JAXBElement$GlobalScope",
                              "value" : {
                                "s" : [ {
                                  "name" : "{urn:hl7-org:cql-annotations:r1}s",
                                  "declaredType" : "org.hl7.cql_annotations.r1.Narrative",
                                  "scope" : "javax.xml.bind.JAXBElement$GlobalScope",
                                  "value" : {
                                    "s" : [ "OMTKData", ".", "DrugIngredients" ]
                                  },
                                  "globalScope" : true
                                } ]
                              },
                              "globalScope" : true
                            } ],
                            "r" : "2"
                          },
                          "globalScope" : true
                        }, {
                          "name" : "{urn:hl7-org:cql-annotations:r1}s",
                          "declaredType" : "org.hl7.cql_annotations.r1.Narrative",
                          "scope" : "javax.xml.bind.JAXBElement$GlobalScope",
                          "value" : {
                            "s" : [ " ", "DI" ]
                          },
                          "globalScope" : true
                        } ],
                        "r" : "3"
                      },
                      "globalScope" : true
                    } ]
                  },
                  "globalScope" : true
                }, {
                  "name" : "{urn:hl7-org:cql-annotations:r1}s",
                  "declaredType" : "org.hl7.cql_annotations.r1.Narrative",
                  "scope" : "javax.xml.bind.JAXBElement$GlobalScope",
                  "value" : {
                    "s" : [ "\n    " ]
                  },
                  "globalScope" : true
                }, {
                  "name" : "{urn:hl7-org:cql-annotations:r1}s",
                  "declaredType" : "org.hl7.cql_annotations.r1.Narrative",
                  "scope" : "javax.xml.bind.JAXBElement$GlobalScope",
                  "value" : {
                    "s" : [ {
                      "name" : "{urn:hl7-org:cql-annotations:r1}s",
                      "declaredType" : "org.hl7.cql_annotations.r1.Narrative",
                      "scope" : "javax.xml.bind.JAXBElement$GlobalScope",
                      "value" : {
                        "s" : [ "where " ]
                      },
                      "globalScope" : true
                    }, {
                      "name" : "{urn:hl7-org:cql-annotations:r1}s",
                      "declaredType" : "org.hl7.cql_annotations.r1.Narrative",
                      "scope" : "javax.xml.bind.JAXBElement$GlobalScope",
                      "value" : {
                        "s" : [ {
                          "name" : "{urn:hl7-org:cql-annotations:r1}s",
                          "declaredType" : "org.hl7.cql_annotations.r1.Narrative",
                          "scope" : "javax.xml.bind.JAXBElement$GlobalScope",
                          "value" : {
                            "s" : [ {
                              "name" : "{urn:hl7-org:cql-annotations:r1}s",
                              "declaredType" : "org.hl7.cql_annotations.r1.Narrative",
                              "scope" : "javax.xml.bind.JAXBElement$GlobalScope",
                              "value" : {
                                "s" : [ {
                                  "name" : "{urn:hl7-org:cql-annotations:r1}s",
                                  "declaredType" : "org.hl7.cql_annotations.r1.Narrative",
                                  "scope" : "javax.xml.bind.JAXBElement$GlobalScope",
                                  "value" : {
                                    "s" : [ "DI" ]
                                  },
                                  "globalScope" : true
                                } ],
                                "r" : "4"
                              },
                              "globalScope" : true
                            }, {
                              "name" : "{urn:hl7-org:cql-annotations:r1}s",
                              "declaredType" : "org.hl7.cql_annotations.r1.Narrative",
                              "scope" : "javax.xml.bind.JAXBElement$GlobalScope",
                              "value" : {
                                "s" : [ "." ]
                              },
                              "globalScope" : true
                            }, {
                              "name" : "{urn:hl7-org:cql-annotations:r1}s",
                              "declaredType" : "org.hl7.cql_annotations.r1.Narrative",
                              "scope" : "javax.xml.bind.JAXBElement$GlobalScope",
                              "value" : {
                                "s" : [ {
                                  "name" : "{urn:hl7-org:cql-annotations:r1}s",
                                  "declaredType" : "org.hl7.cql_annotations.r1.Narrative",
                                  "scope" : "javax.xml.bind.JAXBElement$GlobalScope",
                                  "value" : {
                                    "s" : [ "ingredientCode" ]
                                  },
                                  "globalScope" : true
                                } ],
                                "r" : "5"
                              },
                              "globalScope" : true
                            } ],
                            "r" : "5"
                          },
                          "globalScope" : true
                        }, {
                          "name" : "{urn:hl7-org:cql-annotations:r1}s",
                          "declaredType" : "org.hl7.cql_annotations.r1.Narrative",
                          "scope" : "javax.xml.bind.JAXBElement$GlobalScope",
                          "value" : {
                            "s" : [ " ", "=", " ", "4337" ],
                            "r" : "6"
                          },
                          "globalScope" : true
                        } ],
                        "r" : "7"
                      },
                      "globalScope" : true
                    } ],
                    "r" : "7"
                  },
                  "globalScope" : true
                }, {
                  "name" : "{urn:hl7-org:cql-annotations:r1}s",
                  "declaredType" : "org.hl7.cql_annotations.r1.Narrative",
                  "scope" : "javax.xml.bind.JAXBElement$GlobalScope",
                  "value" : {
                    "s" : [ "\n    " ]
                  },
                  "globalScope" : true
                }, {
                  "name" : "{urn:hl7-org:cql-annotations:r1}s",
                  "declaredType" : "org.hl7.cql_annotations.r1.Narrative",
                  "scope" : "javax.xml.bind.JAXBElement$GlobalScope",
                  "value" : {
                    "s" : [ {
                      "name" : "{urn:hl7-org:cql-annotations:r1}s",
                      "declaredType" : "org.hl7.cql_annotations.r1.Narrative",
                      "scope" : "javax.xml.bind.JAXBElement$GlobalScope",
                      "value" : {
                        "s" : [ "return " ]
                      },
                      "globalScope" : true
                    }, {
                      "name" : "{urn:hl7-org:cql-annotations:r1}s",
                      "declaredType" : "org.hl7.cql_annotations.r1.Narrative",
                      "scope" : "javax.xml.bind.JAXBElement$GlobalScope",
                      "value" : {
                        "s" : [ {
                          "name" : "{urn:hl7-org:cql-annotations:r1}s",
                          "declaredType" : "org.hl7.cql_annotations.r1.Narrative",
                          "scope" : "javax.xml.bind.JAXBElement$GlobalScope",
                          "value" : {
                            "s" : [ "{ " ]
                          },
                          "globalScope" : true
                        }, {
                          "name" : "{urn:hl7-org:cql-annotations:r1}s",
                          "declaredType" : "org.hl7.cql_annotations.r1.Narrative",
                          "scope" : "javax.xml.bind.JAXBElement$GlobalScope",
                          "value" : {
                            "s" : [ {
                              "name" : "{urn:hl7-org:cql-annotations:r1}s",
                              "declaredType" : "org.hl7.cql_annotations.r1.Narrative",
                              "scope" : "javax.xml.bind.JAXBElement$GlobalScope",
                              "value" : {
                                "s" : [ "doseFormCode", ": " ]
                              },
                              "globalScope" : true
                            }, {
                              "name" : "{urn:hl7-org:cql-annotations:r1}s",
                              "declaredType" : "org.hl7.cql_annotations.r1.Narrative",
                              "scope" : "javax.xml.bind.JAXBElement$GlobalScope",
                              "value" : {
                                "s" : [ {
                                  "name" : "{urn:hl7-org:cql-annotations:r1}s",
                                  "declaredType" : "org.hl7.cql_annotations.r1.Narrative",
                                  "scope" : "javax.xml.bind.JAXBElement$GlobalScope",
                                  "value" : {
                                    "s" : [ {
                                      "name" : "{urn:hl7-org:cql-annotations:r1}s",
                                      "declaredType" : "org.hl7.cql_annotations.r1.Narrative",
                                      "scope" : "javax.xml.bind.JAXBElement$GlobalScope",
                                      "value" : {
                                        "s" : [ "DI" ]
                                      },
                                      "globalScope" : true
                                    } ],
                                    "r" : "8"
                                  },
                                  "globalScope" : true
                                }, {
                                  "name" : "{urn:hl7-org:cql-annotations:r1}s",
                                  "declaredType" : "org.hl7.cql_annotations.r1.Narrative",
                                  "scope" : "javax.xml.bind.JAXBElement$GlobalScope",
                                  "value" : {
                                    "s" : [ "." ]
                                  },
                                  "globalScope" : true
                                }, {
                                  "name" : "{urn:hl7-org:cql-annotations:r1}s",
                                  "declaredType" : "org.hl7.cql_annotations.r1.Narrative",
                                  "scope" : "javax.xml.bind.JAXBElement$GlobalScope",
                                  "value" : {
                                    "s" : [ {
                                      "name" : "{urn:hl7-org:cql-annotations:r1}s",
                                      "declaredType" : "org.hl7.cql_annotations.r1.Narrative",
                                      "scope" : "javax.xml.bind.JAXBElement$GlobalScope",
                                      "value" : {
                                        "s" : [ "doseFormCode" ]
                                      },
                                      "globalScope" : true
                                    } ],
                                    "r" : "9"
                                  },
                                  "globalScope" : true
                                } ],
                                "r" : "9"
                              },
                              "globalScope" : true
                            } ]
                          },
                          "globalScope" : true
                        }, {
                          "name" : "{urn:hl7-org:cql-annotations:r1}s",
                          "declaredType" : "org.hl7.cql_annotations.r1.Narrative",
                          "scope" : "javax.xml.bind.JAXBElement$GlobalScope",
                          "value" : {
                            "s" : [ ", " ]
                          },
                          "globalScope" : true
                        }, {
                          "name" : "{urn:hl7-org:cql-annotations:r1}s",
                          "declaredType" : "org.hl7.cql_annotations.r1.Narrative",
                          "scope" : "javax.xml.bind.JAXBElement$GlobalScope",
                          "value" : {
                            "s" : [ {
                              "name" : "{urn:hl7-org:cql-annotations:r1}s",
                              "declaredType" : "org.hl7.cql_annotations.r1.Narrative",
                              "scope" : "javax.xml.bind.JAXBElement$GlobalScope",
                              "value" : {
                                "s" : [ "doseFormName", ": " ]
                              },
                              "globalScope" : true
                            }, {
                              "name" : "{urn:hl7-org:cql-annotations:r1}s",
                              "declaredType" : "org.hl7.cql_annotations.r1.Narrative",
                              "scope" : "javax.xml.bind.JAXBElement$GlobalScope",
                              "value" : {
                                "s" : [ {
                                  "name" : "{urn:hl7-org:cql-annotations:r1}s",
                                  "declaredType" : "org.hl7.cql_annotations.r1.Narrative",
                                  "scope" : "javax.xml.bind.JAXBElement$GlobalScope",
                                  "value" : {
                                    "s" : [ {
                                      "name" : "{urn:hl7-org:cql-annotations:r1}s",
                                      "declaredType" : "org.hl7.cql_annotations.r1.Narrative",
                                      "scope" : "javax.xml.bind.JAXBElement$GlobalScope",
                                      "value" : {
                                        "s" : [ "DI" ]
                                      },
                                      "globalScope" : true
                                    } ],
                                    "r" : "10"
                                  },
                                  "globalScope" : true
                                }, {
                                  "name" : "{urn:hl7-org:cql-annotations:r1}s",
                                  "declaredType" : "org.hl7.cql_annotations.r1.Narrative",
                                  "scope" : "javax.xml.bind.JAXBElement$GlobalScope",
                                  "value" : {
                                    "s" : [ "." ]
                                  },
                                  "globalScope" : true
                                }, {
                                  "name" : "{urn:hl7-org:cql-annotations:r1}s",
                                  "declaredType" : "org.hl7.cql_annotations.r1.Narrative",
                                  "scope" : "javax.xml.bind.JAXBElement$GlobalScope",
                                  "value" : {
                                    "s" : [ {
                                      "name" : "{urn:hl7-org:cql-annotations:r1}s",
                                      "declaredType" : "org.hl7.cql_annotations.r1.Narrative",
                                      "scope" : "javax.xml.bind.JAXBElement$GlobalScope",
                                      "value" : {
                                        "s" : [ "doseFormName" ]
                                      },
                                      "globalScope" : true
                                    } ],
                                    "r" : "11"
                                  },
                                  "globalScope" : true
                                } ],
                                "r" : "11"
                              },
                              "globalScope" : true
                            } ]
                          },
                          "globalScope" : true
                        }, {
                          "name" : "{urn:hl7-org:cql-annotations:r1}s",
                          "declaredType" : "org.hl7.cql_annotations.r1.Narrative",
                          "scope" : "javax.xml.bind.JAXBElement$GlobalScope",
                          "value" : {
                            "s" : [ " }" ]
                          },
                          "globalScope" : true
                        } ],
                        "r" : "12"
                      },
                      "globalScope" : true
                    } ],
                    "r" : "13"
                  },
                  "globalScope" : true
                } ],
                "r" : "14"
              },
              "globalScope" : true
            } ],
            "r" : "15"
          }
        } ],
        "localId" : "15",
        "locator" : "5:1-8:75",
        "name" : "TestDoseForms",
        "context" : "Patient",
        "accessLevel" : "Public"
      }, {
        "type" : "ExpressionDef",
        "expression" : {
          "type" : "Query",
          "source" : [ {
            "type" : "AliasedQuerySource",
            "expression" : {
              "type" : "ExpressionRef",
              "localId" : "16",
              "locator" : "11:3-11:26",
              "name" : "DrugIngredients",
              "libraryName" : "OMTKData"
            },
            "localId" : "17",
            "locator" : "11:3-11:29",
            "alias" : "DI"
          } ],
          "return" : {
            "type" : "ReturnClause",
            "expression" : {
              "type" : "Property",
              "localId" : "19",
              "locator" : "12:12-12:26",
              "path" : "strengthUnit",
              "scope" : "DI"
            },
            "localId" : "20",
            "locator" : "12:5-12:26"
          },
          "localId" : "21",
          "locator" : "11:3-12:26"
        },
        "annotation" : [ {
          "s" : {
            "s" : [ {
              "name" : "{urn:hl7-org:cql-annotations:r1}s",
              "declaredType" : "org.hl7.cql_annotations.r1.Narrative",
              "scope" : "javax.xml.bind.JAXBElement$GlobalScope",
              "value" : {
                "s" : [ "", "define ", "TestUnits", ":\n  " ]
              },
              "globalScope" : true
            }, {
              "name" : "{urn:hl7-org:cql-annotations:r1}s",
              "declaredType" : "org.hl7.cql_annotations.r1.Narrative",
              "scope" : "javax.xml.bind.JAXBElement$GlobalScope",
              "value" : {
                "s" : [ {
                  "name" : "{urn:hl7-org:cql-annotations:r1}s",
                  "declaredType" : "org.hl7.cql_annotations.r1.Narrative",
                  "scope" : "javax.xml.bind.JAXBElement$GlobalScope",
                  "value" : {
                    "s" : [ {
                      "name" : "{urn:hl7-org:cql-annotations:r1}s",
                      "declaredType" : "org.hl7.cql_annotations.r1.Narrative",
                      "scope" : "javax.xml.bind.JAXBElement$GlobalScope",
                      "value" : {
                        "s" : [ {
                          "name" : "{urn:hl7-org:cql-annotations:r1}s",
                          "declaredType" : "org.hl7.cql_annotations.r1.Narrative",
                          "scope" : "javax.xml.bind.JAXBElement$GlobalScope",
                          "value" : {
                            "s" : [ {
                              "name" : "{urn:hl7-org:cql-annotations:r1}s",
                              "declaredType" : "org.hl7.cql_annotations.r1.Narrative",
                              "scope" : "javax.xml.bind.JAXBElement$GlobalScope",
                              "value" : {
                                "s" : [ {
                                  "name" : "{urn:hl7-org:cql-annotations:r1}s",
                                  "declaredType" : "org.hl7.cql_annotations.r1.Narrative",
                                  "scope" : "javax.xml.bind.JAXBElement$GlobalScope",
                                  "value" : {
                                    "s" : [ "OMTKData", ".", "DrugIngredients" ]
                                  },
                                  "globalScope" : true
                                } ]
                              },
                              "globalScope" : true
                            } ],
                            "r" : "16"
                          },
                          "globalScope" : true
                        }, {
                          "name" : "{urn:hl7-org:cql-annotations:r1}s",
                          "declaredType" : "org.hl7.cql_annotations.r1.Narrative",
                          "scope" : "javax.xml.bind.JAXBElement$GlobalScope",
                          "value" : {
                            "s" : [ " ", "DI" ]
                          },
                          "globalScope" : true
                        } ],
                        "r" : "17"
                      },
                      "globalScope" : true
                    } ]
                  },
                  "globalScope" : true
                }, {
                  "name" : "{urn:hl7-org:cql-annotations:r1}s",
                  "declaredType" : "org.hl7.cql_annotations.r1.Narrative",
                  "scope" : "javax.xml.bind.JAXBElement$GlobalScope",
                  "value" : {
                    "s" : [ "\n    " ]
                  },
                  "globalScope" : true
                }, {
                  "name" : "{urn:hl7-org:cql-annotations:r1}s",
                  "declaredType" : "org.hl7.cql_annotations.r1.Narrative",
                  "scope" : "javax.xml.bind.JAXBElement$GlobalScope",
                  "value" : {
                    "s" : [ {
                      "name" : "{urn:hl7-org:cql-annotations:r1}s",
                      "declaredType" : "org.hl7.cql_annotations.r1.Narrative",
                      "scope" : "javax.xml.bind.JAXBElement$GlobalScope",
                      "value" : {
                        "s" : [ "return " ]
                      },
                      "globalScope" : true
                    }, {
                      "name" : "{urn:hl7-org:cql-annotations:r1}s",
                      "declaredType" : "org.hl7.cql_annotations.r1.Narrative",
                      "scope" : "javax.xml.bind.JAXBElement$GlobalScope",
                      "value" : {
                        "s" : [ {
                          "name" : "{urn:hl7-org:cql-annotations:r1}s",
                          "declaredType" : "org.hl7.cql_annotations.r1.Narrative",
                          "scope" : "javax.xml.bind.JAXBElement$GlobalScope",
                          "value" : {
                            "s" : [ {
                              "name" : "{urn:hl7-org:cql-annotations:r1}s",
                              "declaredType" : "org.hl7.cql_annotations.r1.Narrative",
                              "scope" : "javax.xml.bind.JAXBElement$GlobalScope",
                              "value" : {
                                "s" : [ "DI" ]
                              },
                              "globalScope" : true
                            } ],
                            "r" : "18"
                          },
                          "globalScope" : true
                        }, {
                          "name" : "{urn:hl7-org:cql-annotations:r1}s",
                          "declaredType" : "org.hl7.cql_annotations.r1.Narrative",
                          "scope" : "javax.xml.bind.JAXBElement$GlobalScope",
                          "value" : {
                            "s" : [ "." ]
                          },
                          "globalScope" : true
                        }, {
                          "name" : "{urn:hl7-org:cql-annotations:r1}s",
                          "declaredType" : "org.hl7.cql_annotations.r1.Narrative",
                          "scope" : "javax.xml.bind.JAXBElement$GlobalScope",
                          "value" : {
                            "s" : [ {
                              "name" : "{urn:hl7-org:cql-annotations:r1}s",
                              "declaredType" : "org.hl7.cql_annotations.r1.Narrative",
                              "scope" : "javax.xml.bind.JAXBElement$GlobalScope",
                              "value" : {
                                "s" : [ "strengthUnit" ]
                              },
                              "globalScope" : true
                            } ],
                            "r" : "19"
                          },
                          "globalScope" : true
                        } ],
                        "r" : "19"
                      },
                      "globalScope" : true
                    } ],
                    "r" : "20"
                  },
                  "globalScope" : true
                } ],
                "r" : "21"
              },
              "globalScope" : true
            } ],
            "r" : "22"
          }
        } ],
        "localId" : "22",
        "locator" : "10:1-12:26",
        "name" : "TestUnits",
        "context" : "Patient",
        "accessLevel" : "Public"
      } ]
    },
    "annotation" : [ {
      "translatorVersion" : "1.3",
      "translatorOptions" : "EnableAnnotations,EnableLocators,DisableListDemotion,DisableListPromotion"
    }, {
      "s" : {
        "s" : [ {
          "name" : "{urn:hl7-org:cql-annotations:r1}s",
          "declaredType" : "org.hl7.cql_annotations.r1.Narrative",
          "scope" : "javax.xml.bind.JAXBElement$GlobalScope",
          "value" : {
            "s" : [ "", "library OMTKDataTests version '3.0.0'" ]
          },
          "globalScope" : true
        } ],
        "r" : "22"
      }
    } ]
  }
}