<?xml version="1.0" encoding="UTF-8"?>

<Patient xmlns="http://hl7.org/fhir">
  <id value="patient-mme-with-timeofday"/>
  <text>
    <status value="generated"/><div xmlns="http://www.w3.org/1999/xhtml"><p><b>Generated Narrative</b></p><div style="display: inline-block; background-color: #d9e0e7; padding: 6px; margin: 4px; border: 1px solid #8da1b4; border-radius: 5px; line-height: 60%"><p style="margin-bottom: 0px">Resource "patient-mme-with-timeofday" </p></div><p><b>gender</b>: female</p><p><b>birthDate</b>: 1982-01-07</p></div>
  </text>
  <gender value="female"/>
  <birthDate value="1982-01-07"/>
</Patient>