{
  "resourceType": "ConceptMap",
  "id": "ndc-cvx",
  "text": {
    "status": "generated"
  },
  "url": "http://fhir.org/guides/argonaut/ConceptMap/ndc-cvx",
  "name": "Argonaut NDC to CVX Code Mapping",
  "status": "active",
  "publisher": "Argonaut Project",
  "date": "2016-06-06T00:00:00+10:00",
  "description": "Unit of Use [NDC code] (https://www2a.cdc.gov/vaccines/iis/iisstandards/ndc_crosswalk.asp) mapping  to the [CVX Vaccine codes](https://www2a.cdc.gov/vaccines/iis/iisstandards/vaccines.asp?rpt=cvx).  Note: source = NDC and target = CVX",
  "requirements": "Based upon the 2015 Edition Certification Requirements, the NDC vaccine codes SHOULD be supported as translations to the CVX vaccine codes.",
  "sourceReference": {
    "reference": "http://fhir.org/guides/argonaut/ValueSet/ndc-vaccine-codes",
    "display": "NDC Codes"
  },
  "targetReference": {
    "reference": "http://hl7.org/fhir/ValueSet/daf-cvx",
    "display": "CVX Codes"
  },
  "element": [
    {
      "codeSystem": "http://hl7.org/fhir/sid/ndc",
      "code": "49281-0589-58",
      "target": [
        {
          "codeSystem": "http://hl7.org/fhir/sid/cvx",
          "code": "114",
          "equivalence": "wider"
        }
      ]
    },
    {
      "codeSystem": "http://hl7.org/fhir/sid/ndc",
      "code": "49281-0623-78",
      "target": [
        {
          "codeSystem": "http://hl7.org/fhir/sid/cvx",
          "code": "158",
          "equivalence": "wider"
        }
      ]
    },
    {
      "codeSystem": "http://hl7.org/fhir/sid/ndc",
      "code": "49281-0515-00",
      "target": [
        {
          "codeSystem": "http://hl7.org/fhir/sid/cvx",
          "code": "161",
          "equivalence": "wider"
        }
      ]
    },
    {
      "codeSystem": "http://hl7.org/fhir/sid/ndc",
      "code": "49281-0415-88",
      "target": [
        {
          "codeSystem": "http://hl7.org/fhir/sid/cvx",
          "code": "150",
          "equivalence": "wider"
        }
      ]
    },
    {
      "codeSystem": "http://hl7.org/fhir/sid/ndc",
      "code": "49281-0415-58",
      "target": [
        {
          "codeSystem": "http://hl7.org/fhir/sid/cvx",
          "code": "150",
          "equivalence": "wider"
        }
      ]
    },
    {
      "codeSystem": "http://hl7.org/fhir/sid/ndc",
      "code": "33332-0115-11",
      "target": [
        {
          "codeSystem": "http://hl7.org/fhir/sid/cvx",
          "code": "141",
          "equivalence": "wider"
        }
      ]
    },
    {
      "codeSystem": "http://hl7.org/fhir/sid/ndc",
      "code": "33332-0015-02",
      "target": [
        {
          "codeSystem": "http://hl7.org/fhir/sid/cvx",
          "code": "140",
          "equivalence": "wider"
        }
      ]
    },
    {
      "codeSystem": "http://hl7.org/fhir/sid/ndc",
      "code": "66019-0302-01",
      "target": [
        {
          "codeSystem": "http://hl7.org/fhir/sid/cvx",
          "code": "149",
          "equivalence": "wider"
        }
      ]
    },
    {
      "codeSystem": "http://hl7.org/fhir/sid/ndc",
      "code": "42874-0015-01",
      "target": [
        {
          "codeSystem": "http://hl7.org/fhir/sid/cvx",
          "code": "155",
          "equivalence": "wider"
        }
      ]
    },
    {
      "codeSystem": "http://hl7.org/fhir/sid/ndc",
      "code": "66521-0118-12",
      "target": [
        {
          "codeSystem": "http://hl7.org/fhir/sid/cvx",
          "code": "140",
          "equivalence": "wider"
        }
      ]
    },
    {
      "codeSystem": "http://hl7.org/fhir/sid/ndc",
      "code": "66521-0118-11",
      "target": [
        {
          "codeSystem": "http://hl7.org/fhir/sid/cvx",
          "code": "141",
          "equivalence": "wider"
        }
      ]
    },
    {
      "codeSystem": "http://hl7.org/fhir/sid/ndc",
      "code": "58160-0883-41",
      "target": [
        {
          "codeSystem": "http://hl7.org/fhir/sid/cvx",
          "code": "140",
          "equivalence": "wider"
        }
      ]
    },
    {
      "codeSystem": "http://hl7.org/fhir/sid/ndc",
      "code": "66521-0000-11",
      "target": [
        {
          "codeSystem": "http://hl7.org/fhir/sid/cvx",
          "code": "168",
          "equivalence": "wider"
        }
      ]
    },
    {
      "codeSystem": "http://hl7.org/fhir/sid/ndc",
      "code": "69401-0000-01",
      "target": [
        {
          "codeSystem": "http://hl7.org/fhir/sid/cvx",
          "code": "25",
          "equivalence": "wider"
        }
      ]
    },
    {
      "codeSystem": "http://hl7.org/fhir/sid/ndc",
      "code": "66019-0301-01",
      "target": [
        {
          "codeSystem": "http://hl7.org/fhir/sid/cvx",
          "code": "149",
          "equivalence": "wider"
        }
      ]
    },
    {
      "codeSystem": "http://hl7.org/fhir/sid/ndc",
      "code": "33332-0014-02",
      "target": [
        {
          "codeSystem": "http://hl7.org/fhir/sid/cvx",
          "code": "140",
          "equivalence": "wider"
        }
      ]
    },
    {
      "codeSystem": "http://hl7.org/fhir/sid/ndc",
      "code": "33332-0114-11",
      "target": [
        {
          "codeSystem": "http://hl7.org/fhir/sid/cvx",
          "code": "141",
          "equivalence": "wider"
        }
      ]
    },
    {
      "codeSystem": "http://hl7.org/fhir/sid/ndc",
      "code": "63851-0613-11",
      "target": [
        {
          "codeSystem": "http://hl7.org/fhir/sid/cvx",
          "code": "153",
          "equivalence": "wider"
        }
      ]
    },
    {
      "codeSystem": "http://hl7.org/fhir/sid/ndc",
      "code": "66521-0117-11",
      "target": [
        {
          "codeSystem": "http://hl7.org/fhir/sid/cvx",
          "code": "141",
          "equivalence": "wider"
        }
      ]
    },
    {
      "codeSystem": "http://hl7.org/fhir/sid/ndc",
      "code": "66521-0117-12",
      "target": [
        {
          "codeSystem": "http://hl7.org/fhir/sid/cvx",
          "code": "140",
          "equivalence": "wider"
        }
      ]
    },
    {
      "codeSystem": "http://hl7.org/fhir/sid/ndc",
      "code": "00006-4093-01",
      "target": [
        {
          "codeSystem": "http://hl7.org/fhir/sid/cvx",
          "code": "8",
          "equivalence": "wider"
        }
      ]
    },
    {
      "codeSystem": "http://hl7.org/fhir/sid/ndc",
      "code": "00006-4094-01",
      "target": [
        {
          "codeSystem": "http://hl7.org/fhir/sid/cvx",
          "code": "43",
          "equivalence": "wider"
        }
      ]
    },
    {
      "codeSystem": "http://hl7.org/fhir/sid/ndc",
      "code": "00006-4095-01",
      "target": [
        {
          "codeSystem": "http://hl7.org/fhir/sid/cvx",
          "code": "83",
          "equivalence": "wider"
        }
      ]
    },
    {
      "codeSystem": "http://hl7.org/fhir/sid/ndc",
      "code": "00006-4096-01",
      "target": [
        {
          "codeSystem": "http://hl7.org/fhir/sid/cvx",
          "code": "52",
          "equivalence": "wider"
        }
      ]
    },
    {
      "codeSystem": "http://hl7.org/fhir/sid/ndc",
      "code": "00006-4963-01",
      "target": [
        {
          "codeSystem": "http://hl7.org/fhir/sid/cvx",
          "code": "121",
          "equivalence": "wider"
        }
      ]
    },
    {
      "codeSystem": "http://hl7.org/fhir/sid/ndc",
      "code": "00006-4963-01",
      "target": [
        {
          "codeSystem": "http://hl7.org/fhir/sid/cvx",
          "code": "121",
          "equivalence": "wider"
        }
      ]
    },
    {
      "codeSystem": "http://hl7.org/fhir/sid/ndc",
      "code": "42874-0014-01",
      "target": [
        {
          "codeSystem": "http://hl7.org/fhir/sid/cvx",
          "code": "155",
          "equivalence": "wider"
        }
      ]
    },
    {
      "codeSystem": "http://hl7.org/fhir/sid/ndc",
      "code": "49281-0414-88",
      "target": [
        {
          "codeSystem": "http://hl7.org/fhir/sid/cvx",
          "code": "150",
          "equivalence": "wider"
        }
      ]
    },
    {
      "codeSystem": "http://hl7.org/fhir/sid/ndc",
      "code": "49281-0395-88",
      "target": [
        {
          "codeSystem": "http://hl7.org/fhir/sid/cvx",
          "code": "135",
          "equivalence": "wider"
        }
      ]
    },
    {
      "codeSystem": "http://hl7.org/fhir/sid/ndc",
      "code": "49281-0709-48",
      "target": [
        {
          "codeSystem": "http://hl7.org/fhir/sid/cvx",
          "code": "144",
          "equivalence": "wider"
        }
      ]
    },
    {
      "codeSystem": "http://hl7.org/fhir/sid/ndc",
      "code": "58160-0881-41",
      "target": [
        {
          "codeSystem": "http://hl7.org/fhir/sid/cvx",
          "code": "140",
          "equivalence": "wider"
        }
      ]
    },
    {
      "codeSystem": "http://hl7.org/fhir/sid/ndc",
      "code": "58160-0809-01",
      "target": [
        {
          "codeSystem": "http://hl7.org/fhir/sid/cvx",
          "code": "148",
          "equivalence": "wider"
        }
      ]
    },
    {
      "codeSystem": "http://hl7.org/fhir/sid/ndc",
      "code": "62577-0613-11",
      "target": [
        {
          "codeSystem": "http://hl7.org/fhir/sid/cvx",
          "code": "153",
          "equivalence": "wider"
        }
      ]
    },
    {
      "codeSystem": "http://hl7.org/fhir/sid/ndc",
      "code": "19515-0893-02",
      "target": [
        {
          "codeSystem": "http://hl7.org/fhir/sid/cvx",
          "code": "141",
          "equivalence": "wider"
        }
      ]
    },
    {
      "codeSystem": "http://hl7.org/fhir/sid/ndc",
      "code": "49281-0621-78",
      "target": [
        {
          "codeSystem": "http://hl7.org/fhir/sid/cvx",
          "code": "158",
          "equivalence": "wider"
        }
      ]
    },
    {
      "codeSystem": "http://hl7.org/fhir/sid/ndc",
      "code": "00005-0100-01",
      "target": [
        {
          "codeSystem": "http://hl7.org/fhir/sid/cvx",
          "code": "162",
          "equivalence": "wider"
        }
      ]
    },
    {
      "codeSystem": "http://hl7.org/fhir/sid/ndc",
      "code": "00005-0100-01",
      "target": [
        {
          "codeSystem": "http://hl7.org/fhir/sid/cvx",
          "code": "162",
          "equivalence": "wider"
        }
      ]
    },
    {
      "codeSystem": "http://hl7.org/fhir/sid/ndc",
      "code": "00005-0100-01",
      "target": [
        {
          "codeSystem": "http://hl7.org/fhir/sid/cvx",
          "code": "162",
          "equivalence": "wider"
        }
      ]
    },
    {
      "codeSystem": "http://hl7.org/fhir/sid/ndc",
      "code": "00006-4047-01",
      "target": [
        {
          "codeSystem": "http://hl7.org/fhir/sid/cvx",
          "code": "116",
          "equivalence": "wider"
        }
      ]
    },
    {
      "codeSystem": "http://hl7.org/fhir/sid/ndc",
      "code": "00006-4109-01",
      "target": [
        {
          "codeSystem": "http://hl7.org/fhir/sid/cvx",
          "code": "62",
          "equivalence": "wider"
        }
      ]
    },
    {
      "codeSystem": "http://hl7.org/fhir/sid/ndc",
      "code": "62577-0613-11",
      "target": [
        {
          "codeSystem": "http://hl7.org/fhir/sid/cvx",
          "code": "153",
          "equivalence": "wider"
        }
      ]
    },
    {
      "codeSystem": "http://hl7.org/fhir/sid/ndc",
      "code": "00006-4121-01",
      "target": [
        {
          "codeSystem": "http://hl7.org/fhir/sid/cvx",
          "code": "165",
          "equivalence": "wider"
        }
      ]
    },
    {
      "codeSystem": "http://hl7.org/fhir/sid/ndc",
      "code": "00006-4119-01",
      "target": [
        {
          "codeSystem": "http://hl7.org/fhir/sid/cvx",
          "code": "165",
          "equivalence": "wider"
        }
      ]
    },
    {
      "codeSystem": "http://hl7.org/fhir/sid/ndc",
      "code": "00006-4119-01",
      "target": [
        {
          "codeSystem": "http://hl7.org/fhir/sid/cvx",
          "code": "165",
          "equivalence": "wider"
        }
      ]
    },
    {
      "codeSystem": "http://hl7.org/fhir/sid/ndc",
      "code": "63851-0511-11",
      "target": [
        {
          "codeSystem": "http://hl7.org/fhir/sid/cvx",
          "code": "18",
          "equivalence": "wider"
        }
      ]
    },
    {
      "codeSystem": "http://hl7.org/fhir/sid/ndc",
      "code": "49281-0562-58",
      "target": [
        {
          "codeSystem": "http://hl7.org/fhir/sid/cvx",
          "code": "130",
          "equivalence": "wider"
        }
      ]
    },
    {
      "codeSystem": "http://hl7.org/fhir/sid/ndc",
      "code": "46028-0114-11",
      "target": [
        {
          "codeSystem": "http://hl7.org/fhir/sid/cvx",
          "code": "163",
          "equivalence": "wider"
        }
      ]
    },
    {
      "codeSystem": "http://hl7.org/fhir/sid/ndc",
      "code": "46028-0114-11",
      "target": [
        {
          "codeSystem": "http://hl7.org/fhir/sid/cvx",
          "code": "163",
          "equivalence": "wider"
        }
      ]
    },
    {
      "codeSystem": "http://hl7.org/fhir/sid/ndc",
      "code": "00006-4171-01",
      "target": [
        {
          "codeSystem": "http://hl7.org/fhir/sid/cvx",
          "code": "94",
          "equivalence": "wider"
        }
      ]
    },
    {
      "codeSystem": "http://hl7.org/fhir/sid/ndc",
      "code": "13533-0131-00",
      "target": [
        {
          "codeSystem": "http://hl7.org/fhir/sid/cvx",
          "code": "9",
          "equivalence": "wider"
        }
      ]
    },
    {
      "codeSystem": "http://hl7.org/fhir/sid/ndc",
      "code": "49281-0396-78",
      "target": [
        {
          "codeSystem": "http://hl7.org/fhir/sid/cvx",
          "code": "141",
          "equivalence": "wider"
        }
      ]
    },
    {
      "codeSystem": "http://hl7.org/fhir/sid/ndc",
      "code": "49281-0397-88",
      "target": [
        {
          "codeSystem": "http://hl7.org/fhir/sid/cvx",
          "code": "135",
          "equivalence": "wider"
        }
      ]
    },
    {
      "codeSystem": "http://hl7.org/fhir/sid/ndc",
      "code": "62577-0614-11",
      "target": [
        {
          "codeSystem": "http://hl7.org/fhir/sid/cvx",
          "code": "153",
          "equivalence": "wider"
        }
      ]
    },
    {
      "codeSystem": "http://hl7.org/fhir/sid/ndc",
      "code": "58160-0903-41",
      "target": [
        {
          "codeSystem": "http://hl7.org/fhir/sid/cvx",
          "code": "150",
          "equivalence": "wider"
        }
      ]
    },
    {
      "codeSystem": "http://hl7.org/fhir/sid/ndc",
      "code": "19515-0898-01",
      "target": [
        {
          "codeSystem": "http://hl7.org/fhir/sid/cvx",
          "code": "158",
          "equivalence": "wider"
        }
      ]
    },
    {
      "codeSystem": "http://hl7.org/fhir/sid/ndc",
      "code": "19515-0901-41",
      "target": [
        {
          "codeSystem": "http://hl7.org/fhir/sid/cvx",
          "code": "150",
          "equivalence": "wider"
        }
      ]
    },
    {
      "codeSystem": "http://hl7.org/fhir/sid/ndc",
      "code": "49281-0393-88",
      "target": [
        {
          "codeSystem": "http://hl7.org/fhir/sid/cvx",
          "code": "135",
          "equivalence": "wider"
        }
      ]
    },
    {
      "codeSystem": "http://hl7.org/fhir/sid/ndc",
      "code": "58160-0810-43",
      "target": [
        {
          "codeSystem": "http://hl7.org/fhir/sid/cvx",
          "code": "20",
          "equivalence": "wider"
        }
      ]
    },
    {
      "codeSystem": "http://hl7.org/fhir/sid/ndc",
      "code": "58160-0810-01",
      "target": [
        {
          "codeSystem": "http://hl7.org/fhir/sid/cvx",
          "code": "20",
          "equivalence": "wider"
        }
      ]
    },
    {
      "codeSystem": "http://hl7.org/fhir/sid/ndc",
      "code": "49281-0790-38",
      "target": [
        {
          "codeSystem": "http://hl7.org/fhir/sid/cvx",
          "code": "101",
          "equivalence": "wider"
        }
      ]
    },
    {
      "codeSystem": "http://hl7.org/fhir/sid/ndc",
      "code": "49281-0790-88",
      "target": [
        {
          "codeSystem": "http://hl7.org/fhir/sid/cvx",
          "code": "101",
          "equivalence": "wider"
        }
      ]
    },
    {
      "codeSystem": "http://hl7.org/fhir/sid/ndc",
      "code": "49281-0640-15",
      "target": [
        {
          "codeSystem": "http://hl7.org/fhir/sid/cvx",
          "code": "127",
          "equivalence": "wider"
        }
      ]
    },
    {
      "codeSystem": "http://hl7.org/fhir/sid/ndc",
      "code": "49281-0650-10",
      "target": [
        {
          "codeSystem": "http://hl7.org/fhir/sid/cvx",
          "code": "126",
          "equivalence": "wider"
        }
      ]
    },
    {
      "codeSystem": "http://hl7.org/fhir/sid/ndc",
      "code": "49281-0650-90",
      "target": [
        {
          "codeSystem": "http://hl7.org/fhir/sid/cvx",
          "code": "126",
          "equivalence": "wider"
        }
      ]
    },
    {
      "codeSystem": "http://hl7.org/fhir/sid/ndc",
      "code": "49281-0650-25",
      "target": [
        {
          "codeSystem": "http://hl7.org/fhir/sid/cvx",
          "code": "126",
          "equivalence": "wider"
        }
      ]
    },
    {
      "codeSystem": "http://hl7.org/fhir/sid/ndc",
      "code": "49281-0650-70",
      "target": [
        {
          "codeSystem": "http://hl7.org/fhir/sid/cvx",
          "code": "126",
          "equivalence": "wider"
        }
      ]
    },
    {
      "codeSystem": "http://hl7.org/fhir/sid/ndc",
      "code": "49281-0650-50",
      "target": [
        {
          "codeSystem": "http://hl7.org/fhir/sid/cvx",
          "code": "126",
          "equivalence": "wider"
        }
      ]
    },
    {
      "codeSystem": "http://hl7.org/fhir/sid/ndc",
      "code": "49281-0707-48",
      "target": [
        {
          "codeSystem": "http://hl7.org/fhir/sid/cvx",
          "code": "144",
          "equivalence": "wider"
        }
      ]
    },
    {
      "codeSystem": "http://hl7.org/fhir/sid/ndc",
      "code": "66019-0110-01",
      "target": [
        {
          "codeSystem": "http://hl7.org/fhir/sid/cvx",
          "code": "111",
          "equivalence": "wider"
        }
      ]
    },
    {
      "codeSystem": "http://hl7.org/fhir/sid/ndc",
      "code": "00006-4681-01",
      "target": [
        {
          "codeSystem": "http://hl7.org/fhir/sid/cvx",
          "code": "3",
          "equivalence": "wider"
        }
      ]
    },
    {
      "codeSystem": "http://hl7.org/fhir/sid/ndc",
      "code": "49281-0215-58",
      "target": [
        {
          "codeSystem": "http://hl7.org/fhir/sid/cvx",
          "code": "113",
          "equivalence": "wider"
        }
      ]
    },
    {
      "codeSystem": "http://hl7.org/fhir/sid/ndc",
      "code": "49281-0215-88",
      "target": [
        {
          "codeSystem": "http://hl7.org/fhir/sid/cvx",
          "code": "113",
          "equivalence": "wider"
        }
      ]
    },
    {
      "codeSystem": "http://hl7.org/fhir/sid/ndc",
      "code": "46028-0218-11",
      "target": [
        {
          "codeSystem": "http://hl7.org/fhir/sid/cvx",
          "code": "136",
          "equivalence": "wider"
        }
      ]
    },
    {
      "codeSystem": "http://hl7.org/fhir/sid/ndc",
      "code": "49281-0387-65",
      "target": [
        {
          "codeSystem": "http://hl7.org/fhir/sid/cvx",
          "code": "135",
          "equivalence": "wider"
        }
      ]
    },
    {
      "codeSystem": "http://hl7.org/fhir/sid/ndc",
      "code": "49281-0386-15",
      "target": [
        {
          "codeSystem": "http://hl7.org/fhir/sid/cvx",
          "code": "141",
          "equivalence": "wider"
        }
      ]
    },
    {
      "codeSystem": "http://hl7.org/fhir/sid/ndc",
      "code": "49281-0010-10",
      "target": [
        {
          "codeSystem": "http://hl7.org/fhir/sid/cvx",
          "code": "140",
          "equivalence": "wider"
        }
      ]
    },
    {
      "codeSystem": "http://hl7.org/fhir/sid/ndc",
      "code": "49281-0010-25",
      "target": [
        {
          "codeSystem": "http://hl7.org/fhir/sid/cvx",
          "code": "140",
          "equivalence": "wider"
        }
      ]
    },
    {
      "codeSystem": "http://hl7.org/fhir/sid/ndc",
      "code": "49281-0010-50",
      "target": [
        {
          "codeSystem": "http://hl7.org/fhir/sid/cvx",
          "code": "140",
          "equivalence": "wider"
        }
      ]
    },
    {
      "codeSystem": "http://hl7.org/fhir/sid/ndc",
      "code": "54868-0980-00",
      "target": [
        {
          "codeSystem": "http://hl7.org/fhir/sid/cvx",
          "code": "3",
          "equivalence": "wider"
        }
      ]
    },
    {
      "codeSystem": "http://hl7.org/fhir/sid/ndc",
      "code": "58160-0830-43",
      "target": [
        {
          "codeSystem": "http://hl7.org/fhir/sid/cvx",
          "code": "118",
          "equivalence": "wider"
        }
      ]
    },
    {
      "codeSystem": "http://hl7.org/fhir/sid/ndc",
      "code": "58160-0830-05",
      "target": [
        {
          "codeSystem": "http://hl7.org/fhir/sid/cvx",
          "code": "118",
          "equivalence": "wider"
        }
      ]
    },
    {
      "codeSystem": "http://hl7.org/fhir/sid/ndc",
      "code": "00005-1971-01",
      "target": [
        {
          "codeSystem": "http://hl7.org/fhir/sid/cvx",
          "code": "133",
          "equivalence": "wider"
        }
      ]
    },
    {
      "codeSystem": "http://hl7.org/fhir/sid/ndc",
      "code": "00005-1971-01",
      "target": [
        {
          "codeSystem": "http://hl7.org/fhir/sid/cvx",
          "code": "133",
          "equivalence": "wider"
        }
      ]
    },
    {
      "codeSystem": "http://hl7.org/fhir/sid/ndc",
      "code": "00005-1971-01",
      "target": [
        {
          "codeSystem": "http://hl7.org/fhir/sid/cvx",
          "code": "133",
          "equivalence": "wider"
        }
      ]
    },
    {
      "codeSystem": "http://hl7.org/fhir/sid/ndc",
      "code": "17478-0131-00",
      "target": [
        {
          "codeSystem": "http://hl7.org/fhir/sid/cvx",
          "code": "9",
          "equivalence": "wider"
        }
      ]
    },
    {
      "codeSystem": "http://hl7.org/fhir/sid/ndc",
      "code": "58160-0812-43",
      "target": [
        {
          "codeSystem": "http://hl7.org/fhir/sid/cvx",
          "code": "130",
          "equivalence": "wider"
        }
      ]
    },
    {
      "codeSystem": "http://hl7.org/fhir/sid/ndc",
      "code": "58160-0812-01",
      "target": [
        {
          "codeSystem": "http://hl7.org/fhir/sid/cvx",
          "code": "130",
          "equivalence": "wider"
        }
      ]
    },
    {
      "codeSystem": "http://hl7.org/fhir/sid/ndc",
      "code": "66019-0108-01",
      "target": [
        {
          "codeSystem": "http://hl7.org/fhir/sid/cvx",
          "code": "111",
          "equivalence": "wider"
        }
      ]
    },
    {
      "codeSystem": "http://hl7.org/fhir/sid/ndc",
      "code": "00006-4898-01",
      "target": [
        {
          "codeSystem": "http://hl7.org/fhir/sid/cvx",
          "code": "51",
          "equivalence": "wider"
        }
      ]
    },
    {
      "codeSystem": "http://hl7.org/fhir/sid/ndc",
      "code": "58160-0809-01",
      "target": [
        {
          "codeSystem": "http://hl7.org/fhir/sid/cvx",
          "code": "148",
          "equivalence": "wider"
        }
      ]
    },
    {
      "codeSystem": "http://hl7.org/fhir/sid/ndc",
      "code": "63851-0612-11",
      "target": [
        {
          "codeSystem": "http://hl7.org/fhir/sid/cvx",
          "code": "153",
          "equivalence": "wider"
        }
      ]
    },
    {
      "codeSystem": "http://hl7.org/fhir/sid/ndc",
      "code": "00006-4992-01",
      "target": [
        {
          "codeSystem": "http://hl7.org/fhir/sid/cvx",
          "code": "44",
          "equivalence": "wider"
        }
      ]
    },
    {
      "codeSystem": "http://hl7.org/fhir/sid/ndc",
      "code": "00006-4981-01",
      "target": [
        {
          "codeSystem": "http://hl7.org/fhir/sid/cvx",
          "code": "8",
          "equivalence": "wider"
        }
      ]
    },
    {
      "codeSystem": "http://hl7.org/fhir/sid/ndc",
      "code": "00006-4980-00",
      "target": [
        {
          "codeSystem": "http://hl7.org/fhir/sid/cvx",
          "code": "8",
          "equivalence": "wider"
        }
      ]
    },
    {
      "codeSystem": "http://hl7.org/fhir/sid/ndc",
      "code": "00006-4093-01",
      "target": [
        {
          "codeSystem": "http://hl7.org/fhir/sid/cvx",
          "code": "8",
          "equivalence": "wider"
        }
      ]
    },
    {
      "codeSystem": "http://hl7.org/fhir/sid/ndc",
      "code": "00006-4094-01",
      "target": [
        {
          "codeSystem": "http://hl7.org/fhir/sid/cvx",
          "code": "43",
          "equivalence": "wider"
        }
      ]
    },
    {
      "codeSystem": "http://hl7.org/fhir/sid/ndc",
      "code": "00006-4109-01",
      "target": [
        {
          "codeSystem": "http://hl7.org/fhir/sid/cvx",
          "code": "62",
          "equivalence": "wider"
        }
      ]
    },
    {
      "codeSystem": "http://hl7.org/fhir/sid/ndc",
      "code": "66521-0112-02",
      "target": [
        {
          "codeSystem": "http://hl7.org/fhir/sid/cvx",
          "code": "140",
          "equivalence": "wider"
        }
      ]
    },
    {
      "codeSystem": "http://hl7.org/fhir/sid/ndc",
      "code": "66521-0112-10",
      "target": [
        {
          "codeSystem": "http://hl7.org/fhir/sid/cvx",
          "code": "141",
          "equivalence": "wider"
        }
      ]
    },
    {
      "codeSystem": "http://hl7.org/fhir/sid/ndc",
      "code": "66019-0107-01",
      "target": [
        {
          "codeSystem": "http://hl7.org/fhir/sid/cvx",
          "code": "111",
          "equivalence": "wider"
        }
      ]
    },
    {
      "codeSystem": "http://hl7.org/fhir/sid/ndc",
      "code": "49281-0225-58",
      "target": [
        {
          "codeSystem": "http://hl7.org/fhir/sid/cvx",
          "code": "28",
          "equivalence": "wider"
        }
      ]
    },
    {
      "codeSystem": "http://hl7.org/fhir/sid/ndc",
      "code": "49281-0705-55",
      "target": [
        {
          "codeSystem": "http://hl7.org/fhir/sid/cvx",
          "code": "144",
          "equivalence": "wider"
        }
      ]
    },
    {
      "codeSystem": "http://hl7.org/fhir/sid/ndc",
      "code": "42515-0001-00",
      "target": [
        {
          "codeSystem": "http://hl7.org/fhir/sid/cvx",
          "code": "134",
          "equivalence": "wider"
        }
      ]
    },
    {
      "codeSystem": "http://hl7.org/fhir/sid/ndc",
      "code": "58160-0879-41",
      "target": [
        {
          "codeSystem": "http://hl7.org/fhir/sid/cvx",
          "code": "140",
          "equivalence": "wider"
        }
      ]
    },
    {
      "codeSystem": "http://hl7.org/fhir/sid/ndc",
      "code": "58160-0880-41",
      "target": [
        {
          "codeSystem": "http://hl7.org/fhir/sid/cvx",
          "code": "140",
          "equivalence": "wider"
        }
      ]
    },
    {
      "codeSystem": "http://hl7.org/fhir/sid/ndc",
      "code": "58160-0820-01",
      "target": [
        {
          "codeSystem": "http://hl7.org/fhir/sid/cvx",
          "code": "8",
          "equivalence": "wider"
        }
      ]
    },
    {
      "codeSystem": "http://hl7.org/fhir/sid/ndc",
      "code": "58160-0820-43",
      "target": [
        {
          "codeSystem": "http://hl7.org/fhir/sid/cvx",
          "code": "8",
          "equivalence": "wider"
        }
      ]
    },
    {
      "codeSystem": "http://hl7.org/fhir/sid/ndc",
      "code": "58160-0821-01",
      "target": [
        {
          "codeSystem": "http://hl7.org/fhir/sid/cvx",
          "code": "43",
          "equivalence": "wider"
        }
      ]
    },
    {
      "codeSystem": "http://hl7.org/fhir/sid/ndc",
      "code": "58160-0821-43",
      "target": [
        {
          "codeSystem": "http://hl7.org/fhir/sid/cvx",
          "code": "43",
          "equivalence": "wider"
        }
      ]
    },
    {
      "codeSystem": "http://hl7.org/fhir/sid/ndc",
      "code": "58160-0821-05",
      "target": [
        {
          "codeSystem": "http://hl7.org/fhir/sid/cvx",
          "code": "43",
          "equivalence": "wider"
        }
      ]
    },
    {
      "codeSystem": "http://hl7.org/fhir/sid/ndc",
      "code": "42874-0012-01",
      "target": [
        {
          "codeSystem": "http://hl7.org/fhir/sid/cvx",
          "code": "155",
          "equivalence": "wider"
        }
      ]
    },
    {
      "codeSystem": "http://hl7.org/fhir/sid/ndc",
      "code": "49281-0278-10",
      "target": [
        {
          "codeSystem": "http://hl7.org/fhir/sid/cvx",
          "code": "28",
          "equivalence": "wider"
        }
      ]
    },
    {
      "codeSystem": "http://hl7.org/fhir/sid/ndc",
      "code": "66019-0109-01",
      "target": [
        {
          "codeSystem": "http://hl7.org/fhir/sid/cvx",
          "code": "111",
          "equivalence": "wider"
        }
      ]
    },
    {
      "codeSystem": "http://hl7.org/fhir/sid/ndc",
      "code": "19515-0890-02",
      "target": [
        {
          "codeSystem": "http://hl7.org/fhir/sid/cvx",
          "code": "141",
          "equivalence": "wider"
        }
      ]
    },
    {
      "codeSystem": "http://hl7.org/fhir/sid/ndc",
      "code": "19515-0889-02",
      "target": [
        {
          "codeSystem": "http://hl7.org/fhir/sid/cvx",
          "code": "141",
          "equivalence": "wider"
        }
      ]
    },
    {
      "codeSystem": "http://hl7.org/fhir/sid/ndc",
      "code": "58160-0900-41",
      "target": [
        {
          "codeSystem": "http://hl7.org/fhir/sid/cvx",
          "code": "150",
          "equivalence": "wider"
        }
      ]
    },
    {
      "codeSystem": "http://hl7.org/fhir/sid/ndc",
      "code": "49281-0860-78",
      "target": [
        {
          "codeSystem": "http://hl7.org/fhir/sid/cvx",
          "code": "10",
          "equivalence": "wider"
        }
      ]
    },
    {
      "codeSystem": "http://hl7.org/fhir/sid/ndc",
      "code": "49281-0860-88",
      "target": [
        {
          "codeSystem": "http://hl7.org/fhir/sid/cvx",
          "code": "10",
          "equivalence": "wider"
        }
      ]
    },
    {
      "codeSystem": "http://hl7.org/fhir/sid/ndc",
      "code": "49281-0389-65",
      "target": [
        {
          "codeSystem": "http://hl7.org/fhir/sid/cvx",
          "code": "135",
          "equivalence": "wider"
        }
      ]
    },
    {
      "codeSystem": "http://hl7.org/fhir/sid/ndc",
      "code": "49281-0388-15",
      "target": [
        {
          "codeSystem": "http://hl7.org/fhir/sid/cvx",
          "code": "141",
          "equivalence": "wider"
        }
      ]
    },
    {
      "codeSystem": "http://hl7.org/fhir/sid/ndc",
      "code": "49281-0011-10",
      "target": [
        {
          "codeSystem": "http://hl7.org/fhir/sid/cvx",
          "code": "140",
          "equivalence": "wider"
        }
      ]
    },
    {
      "codeSystem": "http://hl7.org/fhir/sid/ndc",
      "code": "49281-0011-50",
      "target": [
        {
          "codeSystem": "http://hl7.org/fhir/sid/cvx",
          "code": "140",
          "equivalence": "wider"
        }
      ]
    },
    {
      "codeSystem": "http://hl7.org/fhir/sid/ndc",
      "code": "49281-0703-55",
      "target": [
        {
          "codeSystem": "http://hl7.org/fhir/sid/cvx",
          "code": "144",
          "equivalence": "wider"
        }
      ]
    },
    {
      "codeSystem": "http://hl7.org/fhir/sid/ndc",
      "code": "49281-0111-25",
      "target": [
        {
          "codeSystem": "http://hl7.org/fhir/sid/cvx",
          "code": "140",
          "equivalence": "wider"
        }
      ]
    },
    {
      "codeSystem": "http://hl7.org/fhir/sid/ndc",
      "code": "66521-0200-10",
      "target": [
        {
          "codeSystem": "http://hl7.org/fhir/sid/cvx",
          "code": "126",
          "equivalence": "wider"
        }
      ]
    },
    {
      "codeSystem": "http://hl7.org/fhir/sid/ndc",
      "code": "66521-0200-02",
      "target": [
        {
          "codeSystem": "http://hl7.org/fhir/sid/cvx",
          "code": "127",
          "equivalence": "wider"
        }
      ]
    },
    {
      "codeSystem": "http://hl7.org/fhir/sid/ndc",
      "code": "49281-0298-10",
      "target": [
        {
          "codeSystem": "http://hl7.org/fhir/sid/cvx",
          "code": "20",
          "equivalence": "wider"
        }
      ]
    },
    {
      "codeSystem": "http://hl7.org/fhir/sid/ndc",
      "code": "58160-0806-01",
      "target": [
        {
          "codeSystem": "http://hl7.org/fhir/sid/cvx",
          "code": "48",
          "equivalence": "wider"
        }
      ]
    },
    {
      "codeSystem": "http://hl7.org/fhir/sid/ndc",
      "code": "33332-0013-02",
      "target": [
        {
          "codeSystem": "http://hl7.org/fhir/sid/cvx",
          "code": "140",
          "equivalence": "wider"
        }
      ]
    },
    {
      "codeSystem": "http://hl7.org/fhir/sid/ndc",
      "code": "33332-0113-11",
      "target": [
        {
          "codeSystem": "http://hl7.org/fhir/sid/cvx",
          "code": "141",
          "equivalence": "wider"
        }
      ]
    },
    {
      "codeSystem": "http://hl7.org/fhir/sid/ndc",
      "code": "49281-0391-65",
      "target": [
        {
          "codeSystem": "http://hl7.org/fhir/sid/cvx",
          "code": "135",
          "equivalence": "wider"
        }
      ]
    },
    {
      "codeSystem": "http://hl7.org/fhir/sid/ndc",
      "code": "49281-0012-50",
      "target": [
        {
          "codeSystem": "http://hl7.org/fhir/sid/cvx",
          "code": "140",
          "equivalence": "wider"
        }
      ]
    },
    {
      "codeSystem": "http://hl7.org/fhir/sid/ndc",
      "code": "49281-0012-10",
      "target": [
        {
          "codeSystem": "http://hl7.org/fhir/sid/cvx",
          "code": "140",
          "equivalence": "wider"
        }
      ]
    },
    {
      "codeSystem": "http://hl7.org/fhir/sid/ndc",
      "code": "49281-0112-25",
      "target": [
        {
          "codeSystem": "http://hl7.org/fhir/sid/cvx",
          "code": "140",
          "equivalence": "wider"
        }
      ]
    },
    {
      "codeSystem": "http://hl7.org/fhir/sid/ndc",
      "code": "49281-0390-15",
      "target": [
        {
          "codeSystem": "http://hl7.org/fhir/sid/cvx",
          "code": "141",
          "equivalence": "wider"
        }
      ]
    },
    {
      "codeSystem": "http://hl7.org/fhir/sid/ndc",
      "code": "00006-4897-01",
      "target": [
        {
          "codeSystem": "http://hl7.org/fhir/sid/cvx",
          "code": "49",
          "equivalence": "wider"
        }
      ]
    },
    {
      "codeSystem": "http://hl7.org/fhir/sid/ndc",
      "code": "49281-0291-83",
      "target": [
        {
          "codeSystem": "http://hl7.org/fhir/sid/cvx",
          "code": "113",
          "equivalence": "wider"
        }
      ]
    },
    {
      "codeSystem": "http://hl7.org/fhir/sid/ndc",
      "code": "49281-0291-10",
      "target": [
        {
          "codeSystem": "http://hl7.org/fhir/sid/cvx",
          "code": "113",
          "equivalence": "wider"
        }
      ]
    },
    {
      "codeSystem": "http://hl7.org/fhir/sid/ndc",
      "code": "49281-0413-88",
      "target": [
        {
          "codeSystem": "http://hl7.org/fhir/sid/cvx",
          "code": "150",
          "equivalence": "wider"
        }
      ]
    },
    {
      "codeSystem": "http://hl7.org/fhir/sid/ndc",
      "code": "49281-0413-58",
      "target": [
        {
          "codeSystem": "http://hl7.org/fhir/sid/cvx",
          "code": "150",
          "equivalence": "wider"
        }
      ]
    },
    {
      "codeSystem": "http://hl7.org/fhir/sid/ndc",
      "code": "49281-0513-00",
      "target": [
        {
          "codeSystem": "http://hl7.org/fhir/sid/cvx",
          "code": "161",
          "equivalence": "wider"
        }
      ]
    },
    {
      "codeSystem": "http://hl7.org/fhir/sid/ndc",
      "code": "66521-0113-02",
      "target": [
        {
          "codeSystem": "http://hl7.org/fhir/sid/cvx",
          "code": "140",
          "equivalence": "wider"
        }
      ]
    },
    {
      "codeSystem": "http://hl7.org/fhir/sid/ndc",
      "code": "66521-0113-10",
      "target": [
        {
          "codeSystem": "http://hl7.org/fhir/sid/cvx",
          "code": "141",
          "equivalence": "wider"
        }
      ]
    },
    {
      "codeSystem": "http://hl7.org/fhir/sid/ndc",
      "code": "00005-1970-49",
      "target": [
        {
          "codeSystem": "http://hl7.org/fhir/sid/cvx",
          "code": "100",
          "equivalence": "wider"
        }
      ]
    },
    {
      "codeSystem": "http://hl7.org/fhir/sid/ndc",
      "code": "00006-4047-01",
      "target": [
        {
          "codeSystem": "http://hl7.org/fhir/sid/cvx",
          "code": "116",
          "equivalence": "wider"
        }
      ]
    },
    {
      "codeSystem": "http://hl7.org/fhir/sid/ndc",
      "code": "58160-0811-43",
      "target": [
        {
          "codeSystem": "http://hl7.org/fhir/sid/cvx",
          "code": "110",
          "equivalence": "wider"
        }
      ]
    },
    {
      "codeSystem": "http://hl7.org/fhir/sid/ndc",
      "code": "58160-0811-41",
      "target": [
        {
          "codeSystem": "http://hl7.org/fhir/sid/cvx",
          "code": "110",
          "equivalence": "wider"
        }
      ]
    },
    {
      "codeSystem": "http://hl7.org/fhir/sid/ndc",
      "code": "00006-4827-01",
      "target": [
        {
          "codeSystem": "http://hl7.org/fhir/sid/cvx",
          "code": "21",
          "equivalence": "wider"
        }
      ]
    },
    {
      "codeSystem": "http://hl7.org/fhir/sid/ndc",
      "code": "00006-4826-01",
      "target": [
        {
          "codeSystem": "http://hl7.org/fhir/sid/cvx",
          "code": "21",
          "equivalence": "wider"
        }
      ]
    },
    {
      "codeSystem": "http://hl7.org/fhir/sid/ndc",
      "code": "58160-0842-41",
      "target": [
        {
          "codeSystem": "http://hl7.org/fhir/sid/cvx",
          "code": "115",
          "equivalence": "wider"
        }
      ]
    },
    {
      "codeSystem": "http://hl7.org/fhir/sid/ndc",
      "code": "58160-0842-01",
      "target": [
        {
          "codeSystem": "http://hl7.org/fhir/sid/cvx",
          "code": "115",
          "equivalence": "wider"
        }
      ]
    },
    {
      "codeSystem": "http://hl7.org/fhir/sid/ndc",
      "code": "58160-0842-43",
      "target": [
        {
          "codeSystem": "http://hl7.org/fhir/sid/cvx",
          "code": "115",
          "equivalence": "wider"
        }
      ]
    },
    {
      "codeSystem": "http://hl7.org/fhir/sid/ndc",
      "code": "58160-0842-05",
      "target": [
        {
          "codeSystem": "http://hl7.org/fhir/sid/cvx",
          "code": "115",
          "equivalence": "wider"
        }
      ]
    },
    {
      "codeSystem": "http://hl7.org/fhir/sid/ndc",
      "code": "66019-0300-01",
      "target": [
        {
          "codeSystem": "http://hl7.org/fhir/sid/cvx",
          "code": "149",
          "equivalence": "wider"
        }
      ]
    },
    {
      "codeSystem": "http://hl7.org/fhir/sid/ndc",
      "code": "49281-0589-58",
      "target": [
        {
          "codeSystem": "http://hl7.org/fhir/sid/cvx",
          "code": "114",
          "equivalence": "wider"
        }
      ]
    },
    {
      "codeSystem": "http://hl7.org/fhir/sid/ndc",
      "code": "00006-4095-01",
      "target": [
        {
          "codeSystem": "http://hl7.org/fhir/sid/cvx",
          "code": "83",
          "equivalence": "wider"
        }
      ]
    },
    {
      "codeSystem": "http://hl7.org/fhir/sid/ndc",
      "code": "00006-4096-01",
      "target": [
        {
          "codeSystem": "http://hl7.org/fhir/sid/cvx",
          "code": "52",
          "equivalence": "wider"
        }
      ]
    },
    {
      "codeSystem": "http://hl7.org/fhir/sid/ndc",
      "code": "00006-4831-01",
      "target": [
        {
          "codeSystem": "http://hl7.org/fhir/sid/cvx",
          "code": "83",
          "equivalence": "wider"
        }
      ]
    },
    {
      "codeSystem": "http://hl7.org/fhir/sid/ndc",
      "code": "63851-0511-11",
      "target": [
        {
          "codeSystem": "http://hl7.org/fhir/sid/cvx",
          "code": "18",
          "equivalence": "wider"
        }
      ]
    },
    {
      "codeSystem": "http://hl7.org/fhir/sid/ndc",
      "code": "66019-0200-01",
      "target": [
        {
          "codeSystem": "http://hl7.org/fhir/sid/cvx",
          "code": "125",
          "equivalence": "wider"
        }
      ]
    },
    {
      "codeSystem": "http://hl7.org/fhir/sid/ndc",
      "code": "14362-0111-03",
      "target": [
        {
          "codeSystem": "http://hl7.org/fhir/sid/cvx",
          "code": "9",
          "equivalence": "wider"
        }
      ]
    },
    {
      "codeSystem": "http://hl7.org/fhir/sid/ndc",
      "code": "33332-0519-01",
      "target": [
        {
          "codeSystem": "http://hl7.org/fhir/sid/cvx",
          "code": "126",
          "equivalence": "wider"
        }
      ]
    },
    {
      "codeSystem": "http://hl7.org/fhir/sid/ndc",
      "code": "33332-0519-25",
      "target": [
        {
          "codeSystem": "http://hl7.org/fhir/sid/cvx",
          "code": "126",
          "equivalence": "wider"
        }
      ]
    },
    {
      "codeSystem": "http://hl7.org/fhir/sid/ndc",
      "code": "33332-0629-10",
      "target": [
        {
          "codeSystem": "http://hl7.org/fhir/sid/cvx",
          "code": "127",
          "equivalence": "wider"
        }
      ]
    },
    {
      "codeSystem": "http://hl7.org/fhir/sid/ndc",
      "code": "58160-0825-43",
      "target": [
        {
          "codeSystem": "http://hl7.org/fhir/sid/cvx",
          "code": "83",
          "equivalence": "wider"
        }
      ]
    },
    {
      "codeSystem": "http://hl7.org/fhir/sid/ndc",
      "code": "58160-0825-01",
      "target": [
        {
          "codeSystem": "http://hl7.org/fhir/sid/cvx",
          "code": "83",
          "equivalence": "wider"
        }
      ]
    },
    {
      "codeSystem": "http://hl7.org/fhir/sid/ndc",
      "code": "58160-0826-43",
      "target": [
        {
          "codeSystem": "http://hl7.org/fhir/sid/cvx",
          "code": "52",
          "equivalence": "wider"
        }
      ]
    },
    {
      "codeSystem": "http://hl7.org/fhir/sid/ndc",
      "code": "58160-0826-05",
      "target": [
        {
          "codeSystem": "http://hl7.org/fhir/sid/cvx",
          "code": "52",
          "equivalence": "wider"
        }
      ]
    },
    {
      "codeSystem": "http://hl7.org/fhir/sid/ndc",
      "code": "58160-0826-01",
      "target": [
        {
          "codeSystem": "http://hl7.org/fhir/sid/cvx",
          "code": "52",
          "equivalence": "wider"
        }
      ]
    },
    {
      "codeSystem": "http://hl7.org/fhir/sid/ndc",
      "code": "33332-0010-01",
      "target": [
        {
          "codeSystem": "http://hl7.org/fhir/sid/cvx",
          "code": "140",
          "equivalence": "wider"
        }
      ]
    },
    {
      "codeSystem": "http://hl7.org/fhir/sid/ndc",
      "code": "33332-0110-10",
      "target": [
        {
          "codeSystem": "http://hl7.org/fhir/sid/cvx",
          "code": "141",
          "equivalence": "wider"
        }
      ]
    },
    {
      "codeSystem": "http://hl7.org/fhir/sid/ndc",
      "code": "66521-0115-10",
      "target": [
        {
          "codeSystem": "http://hl7.org/fhir/sid/cvx",
          "code": "141",
          "equivalence": "wider"
        }
      ]
    },
    {
      "codeSystem": "http://hl7.org/fhir/sid/ndc",
      "code": "66521-0115-02",
      "target": [
        {
          "codeSystem": "http://hl7.org/fhir/sid/cvx",
          "code": "140",
          "equivalence": "wider"
        }
      ]
    },
    {
      "codeSystem": "http://hl7.org/fhir/sid/ndc",
      "code": "00006-4133-01",
      "target": [
        {
          "codeSystem": "http://hl7.org/fhir/sid/cvx",
          "code": "9",
          "equivalence": "wider"
        }
      ]
    },
    {
      "codeSystem": "http://hl7.org/fhir/sid/ndc",
      "code": "54868-4320-09",
      "target": [
        {
          "codeSystem": "http://hl7.org/fhir/sid/cvx",
          "code": "33",
          "equivalence": "wider"
        }
      ]
    },
    {
      "codeSystem": "http://hl7.org/fhir/sid/ndc",
      "code": "54868-3339-09",
      "target": [
        {
          "codeSystem": "http://hl7.org/fhir/sid/cvx",
          "code": "33",
          "equivalence": "wider"
        }
      ]
    },
    {
      "codeSystem": "http://hl7.org/fhir/sid/ndc",
      "code": "00052-0603-01",
      "target": [
        {
          "codeSystem": "http://hl7.org/fhir/sid/cvx",
          "code": "19",
          "equivalence": "wider"
        }
      ]
    },
    {
      "codeSystem": "http://hl7.org/fhir/sid/ndc",
      "code": "64678-0211-05",
      "target": [
        {
          "codeSystem": "http://hl7.org/fhir/sid/cvx",
          "code": "24",
          "equivalence": "wider"
        }
      ]
    },
    {
      "codeSystem": "http://hl7.org/fhir/sid/ndc",
      "code": "00006-4739-01",
      "target": [
        {
          "codeSystem": "http://hl7.org/fhir/sid/cvx",
          "code": "33",
          "equivalence": "wider"
        }
      ]
    },
    {
      "codeSystem": "http://hl7.org/fhir/sid/ndc",
      "code": "00006-4943-01",
      "target": [
        {
          "codeSystem": "http://hl7.org/fhir/sid/cvx",
          "code": "33",
          "equivalence": "wider"
        }
      ]
    },
    {
      "codeSystem": "http://hl7.org/fhir/sid/ndc",
      "code": "49281-0013-58",
      "target": [
        {
          "codeSystem": "http://hl7.org/fhir/sid/cvx",
          "code": "140",
          "equivalence": "wider"
        }
      ]
    },
    {
      "codeSystem": "http://hl7.org/fhir/sid/ndc",
      "code": "49281-0013-88",
      "target": [
        {
          "codeSystem": "http://hl7.org/fhir/sid/cvx",
          "code": "140",
          "equivalence": "wider"
        }
      ]
    },
    {
      "codeSystem": "http://hl7.org/fhir/sid/ndc",
      "code": "49281-0392-78",
      "target": [
        {
          "codeSystem": "http://hl7.org/fhir/sid/cvx",
          "code": "141",
          "equivalence": "wider"
        }
      ]
    },
    {
      "codeSystem": "http://hl7.org/fhir/sid/ndc",
      "code": "49281-0113-00",
      "target": [
        {
          "codeSystem": "http://hl7.org/fhir/sid/cvx",
          "code": "140",
          "equivalence": "wider"
        }
      ]
    },
    {
      "codeSystem": "http://hl7.org/fhir/sid/ndc",
      "code": "49281-0820-10",
      "target": [
        {
          "codeSystem": "http://hl7.org/fhir/sid/cvx",
          "code": "35",
          "equivalence": "wider"
        }
      ]
    },
    {
      "codeSystem": "http://hl7.org/fhir/sid/ndc",
      "code": "49281-0800-83",
      "target": [
        {
          "codeSystem": "http://hl7.org/fhir/sid/cvx",
          "code": "35",
          "equivalence": "wider"
        }
      ]
    },
    {
      "codeSystem": "http://hl7.org/fhir/sid/ndc",
      "code": "49281-0400-88",
      "target": [
        {
          "codeSystem": "http://hl7.org/fhir/sid/cvx",
          "code": "115",
          "equivalence": "wider"
        }
      ]
    },
    {
      "codeSystem": "http://hl7.org/fhir/sid/ndc",
      "code": "49281-0286-58",
      "target": [
        {
          "codeSystem": "http://hl7.org/fhir/sid/cvx",
          "code": "106",
          "equivalence": "wider"
        }
      ]
    },
    {
      "codeSystem": "http://hl7.org/fhir/sid/ndc",
      "code": "49281-0286-58",
      "target": [
        {
          "codeSystem": "http://hl7.org/fhir/sid/cvx",
          "code": "106",
          "equivalence": "wider"
        }
      ]
    },
    {
      "codeSystem": "http://hl7.org/fhir/sid/ndc",
      "code": "49281-0286-58",
      "target": [
        {
          "codeSystem": "http://hl7.org/fhir/sid/cvx",
          "code": "106",
          "equivalence": "wider"
        }
      ]
    },
    {
      "codeSystem": "http://hl7.org/fhir/sid/ndc",
      "code": "58160-0815-41",
      "target": [
        {
          "codeSystem": "http://hl7.org/fhir/sid/cvx",
          "code": "104",
          "equivalence": "wider"
        }
      ]
    },
    {
      "codeSystem": "http://hl7.org/fhir/sid/ndc",
      "code": "58160-0815-43",
      "target": [
        {
          "codeSystem": "http://hl7.org/fhir/sid/cvx",
          "code": "104",
          "equivalence": "wider"
        }
      ]
    },
    {
      "codeSystem": "http://hl7.org/fhir/sid/ndc",
      "code": "58160-0815-05",
      "target": [
        {
          "codeSystem": "http://hl7.org/fhir/sid/cvx",
          "code": "104",
          "equivalence": "wider"
        }
      ]
    },
    {
      "codeSystem": "http://hl7.org/fhir/sid/ndc",
      "code": "58160-0815-43",
      "target": [
        {
          "codeSystem": "http://hl7.org/fhir/sid/cvx",
          "code": "104",
          "equivalence": "wider"
        }
      ]
    },
    {
      "codeSystem": "http://hl7.org/fhir/sid/ndc",
      "code": "58160-0815-01",
      "target": [
        {
          "codeSystem": "http://hl7.org/fhir/sid/cvx",
          "code": "104",
          "equivalence": "wider"
        }
      ]
    },
    {
      "codeSystem": "http://hl7.org/fhir/sid/ndc",
      "code": "66521-0114-10",
      "target": [
        {
          "codeSystem": "http://hl7.org/fhir/sid/cvx",
          "code": "141",
          "equivalence": "wider"
        }
      ]
    },
    {
      "codeSystem": "http://hl7.org/fhir/sid/ndc",
      "code": "76420-0482-01",
      "target": [
        {
          "codeSystem": "http://hl7.org/fhir/sid/cvx",
          "code": "140",
          "equivalence": "wider"
        }
      ]
    },
    {
      "codeSystem": "http://hl7.org/fhir/sid/ndc",
      "code": "19515-0895-01",
      "target": [
        {
          "codeSystem": "http://hl7.org/fhir/sid/cvx",
          "code": "158",
          "equivalence": "wider"
        }
      ]
    },
    {
      "codeSystem": "http://hl7.org/fhir/sid/ndc",
      "code": "00006-4999-01",
      "target": [
        {
          "codeSystem": "http://hl7.org/fhir/sid/cvx",
          "code": "94",
          "equivalence": "wider"
        }
      ]
    },
    {
      "codeSystem": "http://hl7.org/fhir/sid/ndc",
      "code": "49281-0545-15",
      "target": [
        {
          "codeSystem": "http://hl7.org/fhir/sid/cvx",
          "code": "120",
          "equivalence": "wider"
        }
      ]
    },
    {
      "codeSystem": "http://hl7.org/fhir/sid/ndc",
      "code": "51285-0174-02",
      "target": [
        {
          "codeSystem": "http://hl7.org/fhir/sid/cvx",
          "code": "143",
          "equivalence": "wider"
        }
      ]
    },
    {
      "codeSystem": "http://hl7.org/fhir/sid/ndc",
      "code": "49281-0248-58",
      "target": [
        {
          "codeSystem": "http://hl7.org/fhir/sid/cvx",
          "code": "18",
          "equivalence": "wider"
        }
      ]
    },
    {
      "codeSystem": "http://hl7.org/fhir/sid/ndc",
      "code": "49281-0487-58",
      "target": [
        {
          "codeSystem": "http://hl7.org/fhir/sid/cvx",
          "code": "32",
          "equivalence": "wider"
        }
      ]
    },
    {
      "codeSystem": "http://hl7.org/fhir/sid/ndc",
      "code": "49281-0915-58",
      "target": [
        {
          "codeSystem": "http://hl7.org/fhir/sid/cvx",
          "code": "37",
          "equivalence": "wider"
        }
      ]
    },
    {
      "codeSystem": "http://hl7.org/fhir/sid/ndc",
      "code": "49281-0547-58",
      "target": [
        {
          "codeSystem": "http://hl7.org/fhir/sid/cvx",
          "code": "48",
          "equivalence": "wider"
        }
      ]
    },
    {
      "codeSystem": "http://hl7.org/fhir/sid/ndc",
      "code": "58160-0851-01",
      "target": [
        {
          "codeSystem": "http://hl7.org/fhir/sid/cvx",
          "code": "119",
          "equivalence": "wider"
        }
      ]
    },
    {
      "codeSystem": "http://hl7.org/fhir/sid/ndc",
      "code": "49281-0915-68",
      "target": [
        {
          "codeSystem": "http://hl7.org/fhir/sid/cvx",
          "code": "37",
          "equivalence": "wider"
        }
      ]
    },
    {
      "codeSystem": "http://hl7.org/fhir/sid/ndc",
      "code": "49281-0488-78",
      "target": [
        {
          "codeSystem": "http://hl7.org/fhir/sid/cvx",
          "code": "32",
          "equivalence": "wider"
        }
      ]
    },
    {
      "codeSystem": "http://hl7.org/fhir/sid/ndc",
      "code": "46028-0219-11",
      "target": [
        {
          "codeSystem": "http://hl7.org/fhir/sid/cvx",
          "code": "136",
          "equivalence": "wider"
        }
      ]
    },
    {
      "codeSystem": "http://hl7.org/fhir/sid/ndc",
      "code": "51285-0175-02",
      "target": [
        {
          "codeSystem": "http://hl7.org/fhir/sid/cvx",
          "code": "143",
          "equivalence": "wider"
        }
      ]
    },
    {
      "codeSystem": "http://hl7.org/fhir/sid/ndc",
      "code": "49281-0560-05",
      "target": [
        {
          "codeSystem": "http://hl7.org/fhir/sid/cvx",
          "code": "120",
          "equivalence": "wider"
        }
      ]
    },
    {
      "codeSystem": "http://hl7.org/fhir/sid/ndc",
      "code": "49281-0400-58",
      "target": [
        {
          "codeSystem": "http://hl7.org/fhir/sid/cvx",
          "code": "115",
          "equivalence": "wider"
        }
      ]
    },
    {
      "codeSystem": "http://hl7.org/fhir/sid/ndc",
      "code": "49281-0400-58",
      "target": [
        {
          "codeSystem": "http://hl7.org/fhir/sid/cvx",
          "code": "115",
          "equivalence": "wider"
        }
      ]
    },
    {
      "codeSystem": "http://hl7.org/fhir/sid/ndc",
      "code": "42874-0013-01",
      "target": [
        {
          "codeSystem": "http://hl7.org/fhir/sid/cvx",
          "code": "155",
          "equivalence": "wider"
        }
      ]
    },
    {
      "codeSystem": "http://hl7.org/fhir/sid/ndc",
      "code": "66521-0116-11",
      "target": [
        {
          "codeSystem": "http://hl7.org/fhir/sid/cvx",
          "code": "141",
          "equivalence": "wider"
        }
      ]
    },
    {
      "codeSystem": "http://hl7.org/fhir/sid/ndc",
      "code": "66521-0116-12",
      "target": [
        {
          "codeSystem": "http://hl7.org/fhir/sid/cvx",
          "code": "140",
          "equivalence": "wider"
        }
      ]
    },
    {
      "codeSystem": "http://hl7.org/fhir/sid/ndc",
      "code": "00006-4045-01",
      "target": [
        {
          "codeSystem": "http://hl7.org/fhir/sid/cvx",
          "code": "62",
          "equivalence": "wider"
        }
      ]
    },
    {
      "codeSystem": "http://hl7.org/fhir/sid/ndc",
      "code": "00006-4045-01",
      "target": [
        {
          "codeSystem": "http://hl7.org/fhir/sid/cvx",
          "code": "62",
          "equivalence": "wider"
        }
      ]
    },
    {
      "codeSystem": "http://hl7.org/fhir/sid/ndc",
      "code": "00006-4995-01",
      "target": [
        {
          "codeSystem": "http://hl7.org/fhir/sid/cvx",
          "code": "43",
          "equivalence": "wider"
        }
      ]
    },
    {
      "codeSystem": "http://hl7.org/fhir/sid/ndc",
      "code": "00006-4995-01",
      "target": [
        {
          "codeSystem": "http://hl7.org/fhir/sid/cvx",
          "code": "43",
          "equivalence": "wider"
        }
      ]
    },
    {
      "codeSystem": "http://hl7.org/fhir/sid/ndc",
      "code": "00006-4841-01",
      "target": [
        {
          "codeSystem": "http://hl7.org/fhir/sid/cvx",
          "code": "52",
          "equivalence": "wider"
        }
      ]
    },
    {
      "codeSystem": "http://hl7.org/fhir/sid/ndc",
      "code": "00006-4841-01",
      "target": [
        {
          "codeSystem": "http://hl7.org/fhir/sid/cvx",
          "code": "52",
          "equivalence": "wider"
        }
      ]
    },
    {
      "codeSystem": "http://hl7.org/fhir/sid/ndc",
      "code": "58160-0804-01",
      "target": [
        {
          "codeSystem": "http://hl7.org/fhir/sid/cvx",
          "code": "160",
          "equivalence": "wider"
        }
      ]
    },
    {
      "codeSystem": "http://hl7.org/fhir/sid/ndc",
      "code": "58160-0802-02",
      "target": [
        {
          "codeSystem": "http://hl7.org/fhir/sid/cvx",
          "code": "160",
          "equivalence": "wider"
        }
      ]
    },
    {
      "codeSystem": "http://hl7.org/fhir/sid/ndc",
      "code": "58160-0901-41",
      "target": [
        {
          "codeSystem": "http://hl7.org/fhir/sid/cvx",
          "code": "150",
          "equivalence": "wider"
        }
      ]
    },
    {
      "codeSystem": "http://hl7.org/fhir/sid/ndc",
      "code": "00006-4837-01",
      "target": [
        {
          "codeSystem": "http://hl7.org/fhir/sid/cvx",
          "code": "33",
          "equivalence": "wider"
        }
      ]
    },
    {
      "codeSystem": "http://hl7.org/fhir/sid/ndc",
      "code": "19515-0891-01",
      "target": [
        {
          "codeSystem": "http://hl7.org/fhir/sid/cvx",
          "code": "158",
          "equivalence": "wider"
        }
      ]
    },
    {
      "codeSystem": "http://hl7.org/fhir/sid/ndc",
      "code": "19515-0893-02",
      "target": [
        {
          "codeSystem": "http://hl7.org/fhir/sid/cvx",
          "code": "141",
          "equivalence": "wider"
        }
      ]
    },
    {
      "codeSystem": "http://hl7.org/fhir/sid/ndc",
      "code": "19515-0894-41",
      "target": [
        {
          "codeSystem": "http://hl7.org/fhir/sid/cvx",
          "code": "150",
          "equivalence": "wider"
        }
      ]
    },
    {
      "codeSystem": "http://hl7.org/fhir/sid/ndc",
      "code": "49281-0514-00",
      "target": [
        {
          "codeSystem": "http://hl7.org/fhir/sid/cvx",
          "code": "161",
          "equivalence": "wider"
        }
      ]
    },
    {
      "codeSystem": "http://hl7.org/fhir/sid/ndc",
      "code": "49281-0394-78",
      "target": [
        {
          "codeSystem": "http://hl7.org/fhir/sid/cvx",
          "code": "141",
          "equivalence": "wider"
        }
      ]
    },
    {
      "codeSystem": "http://hl7.org/fhir/sid/ndc",
      "code": "49281-0014-88",
      "target": [
        {
          "codeSystem": "http://hl7.org/fhir/sid/cvx",
          "code": "140",
          "equivalence": "wider"
        }
      ]
    },
    {
      "codeSystem": "http://hl7.org/fhir/sid/ndc",
      "code": "49281-0414-58",
      "target": [
        {
          "codeSystem": "http://hl7.org/fhir/sid/cvx",
          "code": "150",
          "equivalence": "wider"
        }
      ]
    }
  ]
}