{
  "resourceType": "Condition",
  "id": "liveborn-birth",
  "meta": {
    "profile": [
      "http://fhir.org/guides/argonaut/StructureDefinition/argo-condition"
    ]
  },
  "text": {
    "status": "generated",
    "div": "<div xmlns=\"http://www.w3.org/1999/xhtml\"><p><b>Generated Narrative with Details</b></p><p><b>id</b>: liveborn-birth</p><p><b>meta</b>: </p><p><b>patient</b>: <a href=\"Patient-peter-chalmers.html\">Peter Chalmers. Generated Summary: id: peter-chalmers; Medical Record Number = 1032702; active; Peter James Chalmers (OFFICIAL); ph: (555)555-5555(WORK), person@example.org(WORK); gender: male; birthDate: 19/06/1964</a></p><p><b>code</b>: Single liveborn, born in hospital, delivered without mention of cesarean section <span style=\"background: LightGoldenRodYellow\">(Details : {SNOMED CT code '442311008' = 'Liveborn born in hospital', given as 'Single liveborn, born in hospital, delivered without mention of cesarean section'})</span></p><p><b>category</b>: Problem <span style=\"background: LightGoldenRodYellow\">(Details : {http://argonaut.hl7.org code 'problem' = 'problem', given as 'Problem'})</span></p><p><b>clinicalStatus</b>: active</p><p><b>verificationStatus</b>: confirmed</p><p><b>onset</b>: 14/12/2007</p></div>"
  },
  "patient": {
    "reference": "Patient/peter-chalmers",
    "display": "Peter Chalmers"
  },
  "code": {
    "coding": [
      {
        "system": "http://snomed.info/sct",
        "code": "442311008",
        "display": "Single liveborn, born in hospital, delivered without mention of cesarean section"
      }
    ],
    "text": "Single liveborn, born in hospital, delivered without mention of cesarean section"
  },
  "category": {
    "coding": [
      {
        "system": "http://argonaut.hl7.org",
        "code": "problem",
        "display": "Problem"
      }
    ],
    "text": "Problem"
  },
  "clinicalStatus": "active",
  "verificationStatus": "confirmed",
  "onsetDateTime": "2007-12-14"
}