{
  "resourceType": "DiagnosticReport",
  "id": "cbc",
  "meta": {
    "profile": [
      "http://fhir.org/guides/argonaut/StructureDefinition/argo-diagnosticreport"
    ]
  },
  "text": {
    "status": "generated",
    "div": "<div xmlns=\"http://www.w3.org/1999/xhtml\">\n\t\t\t<p>\n\t\t\t\t<b>Generated Narrative with Details</b>\n\t\t\t</p>\n\t\t\t<p>\n\t\t\t\t<b>id</b>: cbc</p>\n\t\t\t<p>\n\t\t\t\t<b>meta</b>: </p>\n\t\t\t<p>\n\t\t\t\t<b>status</b>: final</p>\n\t\t\t<p>\n\t\t\t\t<b>category</b>: Hematology <span style=\"background: LightGoldenRodYellow\">(Details : {http://hl7.org/fhir/v2/0074 code 'HM' = 'Hematology', given as 'Hematology'})</span>\n\t\t\t</p>\n\t\t\t<p>\n\t\t\t\t<b>code</b>: Complete blood count (hemogram) panel - Blood by Automated count <span style=\"background: LightGoldenRodYellow\">(Details : {LOINC code '58410-2' = 'Complete blood count (hemogram) panel - Blood by Automated count', given as 'Complete blood count (hemogram) panel - Blood by Automated count'})</span>\n\t\t\t</p>\n\t\t\t<p>\n\t\t\t\t<b>subject</b>: <a href=\"Patient-peter-chalmers.html\">Peter Chalmers. Generated Summary: id: peter-chalmers; active; Peter James Chalmers (OFFICIAL); ph: (555)555-5555(WORK), person@example.org(WORK)</a>\n\t\t\t</p>\n\t\t\t<p>\n\t\t\t\t<b>effective</b>: Jul 5, 2005</p>\n\t\t\t<p>\n\t\t\t\t<b>issued</b>: Jul 6, 2005 11:45:33 AM</p>\n\t\t\t<p>\n\t\t\t\t<b>result</b>: </p>\n\t\t\t<ul>\n\t\t\t\t<li>\n\t\t\t\t\t<a href=\"Observation-neutrophils.html\">NEUTROPHILS</a>\n\t\t\t\t</li>\n\t\t\t\t<li>\n\t\t\t\t\t<a href=\"Observation-mchc.html\">MCHC</a>\n\t\t\t\t</li>\n\t\t\t\t<li>\n\t\t\t\t\t<a href=\"Observation-hemoglobin.html\">HEMOGLOBIN</a>\n\t\t\t\t</li>\n\t\t\t\t<li>\n\t\t\t\t\t<a href=\"Observation-erythrocytes.html\">ERYTHROCYTES</a>\n\t\t\t\t</li>\n\t\t\t</ul>\n\t\t</div>"
  },
  "status": "final",
  "category": {
    "coding": [
      {
        "system": "http://hl7.org/fhir/v2/0074",
        "code": "HM",
        "display": "Hematology"
      }
    ]
  },
  "code": {
    "coding": [
      {
        "system": "http://loinc.org",
        "code": "58410-2",
        "display": "Complete blood count (hemogram) panel - Blood by Automated count"
      }
    ]
  },
  "subject": {
    "reference": "Patient/peter-chalmers",
    "display": "Peter Chalmers"
  },
  "effectiveDateTime": "2005-07-05",
  "issued": "2005-07-06T11:45:33+11:00",
  "performer": {
    "reference": "Practitioner/1234",
    "display": "Adam Careful, MD"
  },
  "result": [
    {
      "reference": "Observation/neutrophils",
      "display": "NEUTROPHILS"
    },
    {
      "reference": "Observation/mchc",
      "display": "MCHC"
    },
    {
      "reference": "Observation/hemoglobin",
      "display": "HEMOGLOBIN"
    },
    {
      "reference": "Observation/erythrocytes",
      "display": "ERYTHROCYTES"
    }
  ]
}