{
  "resourceType": "Observation",
  "id": "urine-epi-cells",
  "meta": {
    "profile": [
      "http://fhir.org/guides/argonaut/StructureDefinition/argo-observationresults"
    ]
  },
  "text": {
    "status": "generated",
    "div": "<div xmlns=\"http://www.w3.org/1999/xhtml\"><p><b>Generated Narrative with Details</b></p><p><b>id</b>: urine-epi-cells</p><p><b>meta</b>: </p><p><b>status</b>: final</p><p><b>category</b>: Laboratory <span style=\"background: LightGoldenRodYellow\">(Details : {http://hl7.org/fhir/observation-category code 'laboratory' = 'Laboratory', given as 'Laboratory'})</span></p><p><b>code</b>: EPITHELIAL CELLS <span style=\"background: LightGoldenRodYellow\">(Details : {LOINC code '5787-7' = 'Epithelial cells [#/area] in Urine sediment by Microscopy high power field', given as 'Epithelial cells [#/area] in Urine sediment by Microscopy high power field'})</span></p><p><b>subject</b>: <a href=\"Patient-peter-chalmers.html\">Peter Chalmers. Generated Summary: id: peter-chalmers; Medical Record Number = 1032702; active; Peter James Chalmers (OFFICIAL); ph: (555)555-5555(WORK), person@example.org(WORK); gender: male; birthDate: 19/06/1964</a></p><p><b>effective</b>: 05/07/2005</p><p><b>value</b>: 1-5 cells/HPF</p><h3>ReferenceRanges</h3><table class=\"grid\"><tr><td>-</td><td><b>Text</b></td></tr><tr><td>*</td><td>None Seen/HPF</td></tr></table></div>"
  },
  "status": "final",
  "category": {
    "coding": [
      {
        "system": "http://hl7.org/fhir/observation-category",
        "code": "laboratory",
        "display": "Laboratory"
      }
    ],
    "text": "Laboratory"
  },
  "code": {
    "coding": [
      {
        "system": "http://loinc.org",
        "code": "5787-7",
        "display": "Epithelial cells [#/area] in Urine sediment by Microscopy high power field"
      }
    ],
    "text": "EPITHELIAL CELLS"
  },
  "subject": {
    "reference": "Patient/peter-chalmers",
    "display": "Peter Chalmers"
  },
  "effectiveDateTime": "2005-07-05",
  "valueRange": {
    "low": {
      "value": 1,
      "unit": "cells/HPF",
      "system": "http://unitsofmeasure.org",
      "code": "/[HPF]"
    },
    "high": {
      "value": 5,
      "unit": "cells/HPF",
      "system": "http://unitsofmeasure.org",
      "code": "/[HPF]"
    }
  },
  "referenceRange": [
    {
      "text": "None Seen/HPF"
    }
  ]
}