{
  "resourceType": "Observation",
  "id": "urine-clarity",
  "meta": {
    "profile": [
      "http://fhir.org/guides/argonaut/StructureDefinition/argo-observationresults"
    ]
  },
  "text": {
    "status": "generated",
    "div": "<div xmlns=\"http://www.w3.org/1999/xhtml\"><p><b>Generated Narrative with Details</b></p><p><b>id</b>: urine-clarity</p><p><b>meta</b>: </p><p><b>status</b>: final</p><p><b>category</b>: Laboratory <span style=\"background: LightGoldenRodYellow\">(Details : {http://hl7.org/fhir/observation-category code 'laboratory' = 'Laboratory', given as 'Laboratory'})</span></p><p><b>code</b>: APPEARANCE <span style=\"background: LightGoldenRodYellow\">(Details : {LOINC code '32167-9' = 'Clarity of Urine', given as 'Clarity of Urine'})</span></p><p><b>subject</b>: <a href=\"Patient-peter-chalmers.html\">Peter Chalmers. Generated Summary: id: peter-chalmers; Medical Record Number = 1032702; active; Peter James Chalmers (OFFICIAL); ph: (555)555-5555(WORK), person@example.org(WORK); gender: male; birthDate: 19/06/1964</a></p><p><b>effective</b>: 05/07/2005</p><p><b>value</b>: Hazy <span style=\"background: LightGoldenRodYellow\">(Details : {SNOMED CT code '81858005' = 'Cloudy', given as 'Cloudy'})</span></p><h3>ReferenceRanges</h3><table class=\"grid\"><tr><td>-</td><td><b>Text</b></td></tr><tr><td>*</td><td>Clear</td></tr></table></div>"
  },
  "status": "final",
  "category": {
    "coding": [
      {
        "system": "http://hl7.org/fhir/observation-category",
        "code": "laboratory",
        "display": "Laboratory"
      }
    ],
    "text": "Laboratory"
  },
  "code": {
    "coding": [
      {
        "system": "http://loinc.org",
        "code": "32167-9",
        "display": "Clarity of Urine"
      }
    ],
    "text": "APPEARANCE"
  },
  "subject": {
    "reference": "Patient/peter-chalmers",
    "display": "Peter Chalmers"
  },
  "effectiveDateTime": "2005-07-05",
  "valueCodeableConcept": {
    "coding": [
      {
        "system": "http://snomed.info/sct",
        "code": "81858005",
        "display": "Cloudy"
      }
    ],
    "text": "Hazy"
  },
  "referenceRange": [
    {
      "text": "Clear"
    }
  ]
}