<?xml version="1.0" encoding="UTF-8"?>

<Observation xmlns="http://hl7.org/fhir">
  <id value="urine-ph"/>
  <meta>
    <profile value="http://fhir.org/guides/argonaut/StructureDefinition/argo-observationresults"/>
  </meta>
  <text>
    <status value="generated"/><div xmlns="http://www.w3.org/1999/xhtml"><p><b>Generated Narrative with Details</b></p><p><b>id</b>: urine-ph</p><p><b>meta</b>: </p><p><b>status</b>: final</p><p><b>category</b>: Laboratory <span style="background: LightGoldenRodYellow">(Details : {http://hl7.org/fhir/observation-category code 'laboratory' = 'Laboratory', given as 'Laboratory'})</span></p><p><b>code</b>: PH <span style="background: LightGoldenRodYellow">(Details : {LOINC code '5803-2' = 'pH of Urine by Test strip', given as 'pH of Urine by Test strip'})</span></p><p><b>subject</b>: <a href="Patient-peter-chalmers.html">Peter Chalmers. Generated Summary: id: peter-chalmers; Medical Record Number = 1032702; active; Peter James Chalmers (OFFICIAL); ph: (555)555-5555(WORK), person@example.org(WORK); gender: male; birthDate: 19/06/1964</a></p><p><b>effective</b>: 05/07/2005</p><p><b>value</b>: 6.0 (pH)<span style="background: LightGoldenRodYellow"> (Details: UCUM code [pH] = '[pH]')</span></p><h3>ReferenceRanges</h3><table class="grid"><tr><td>-</td><td><b>Low</b></td><td><b>High</b></td></tr><tr><td>*</td><td>5.0 (pH)<span style="background: LightGoldenRodYellow"> (Details: UCUM code [pH] = '[pH]')</span></td><td>8.0 (pH)<span style="background: LightGoldenRodYellow"> (Details: UCUM code [pH] = '[pH]')</span></td></tr></table></div>
  </text>
  <status value="final"/>
  <category>
    <coding>
      <system value="http://hl7.org/fhir/observation-category"/>
      <code value="laboratory"/>
      <display value="Laboratory"/>
    </coding>
    <text value="Laboratory"/>
  </category>
  <code>
    <coding>
      <system value="http://loinc.org"/>
      <code value="5803-2"/>
      <display value="pH of Urine by Test strip"/>
    </coding>
    <text value="PH"/>
  </code>
  <subject>
    <reference value="Patient/peter-chalmers"/>
    <display value="Peter Chalmers"/>
  </subject>
  <effectiveDateTime value="2005-07-05"/>
  <valueQuantity>
    <value value="6.0"/>
    <unit value="(pH)"/>
    <system value="http://unitsofmeasure.org"/>
    <code value="[pH]"/>
  </valueQuantity>
  <referenceRange>
    <low>
      <value value="5.0"/>
      <unit value="(pH)"/>
      <system value="http://unitsofmeasure.org"/>
      <code value="[pH]"/>
    </low>
    <high>
      <value value="8.0"/>
      <unit value="(pH)"/>
      <system value="http://unitsofmeasure.org"/>
      <code value="[pH]"/>
    </high>
  </referenceRange>
</Observation>