{
  "resourceType": "Patient",
  "id": "patient-mme-greater-than-fifty",
  "text": {
    "status": "generated",
    "div": "<div xmlns=\"http://www.w3.org/1999/xhtml\"><p><b>Generated Narrative</b></p><div style=\"display: inline-block; background-color: #d9e0e7; padding: 6px; margin: 4px; border: 1px solid #8da1b4; border-radius: 5px; line-height: 60%\"><p style=\"margin-bottom: 0px\">Resource \"patient-mme-greater-than-fifty\" </p></div><p><b>gender</b>: female</p><p><b>birthDate</b>: 1982-01-07</p></div>"
  },
  "gender": "female",
  "birthDate": "1982-01-07"
}